track_id,genre,label,path,exists
2,Hip-Hop,3,data/fma_small/000/000002.mp3,True
5,Hip-Hop,3,data/fma_small/000/000005.mp3,True
10,Pop,6,data/fma_small/000/000010.mp3,True
140,Folk,2,data/fma_small/000/000140.mp3,True
141,Folk,2,data/fma_small/000/000141.mp3,True
148,Experimental,1,data/fma_small/000/000148.mp3,True
182,Rock,7,data/fma_small/000/000182.mp3,True
190,Folk,2,data/fma_small/000/000190.mp3,True
193,Folk,2,data/fma_small/000/000193.mp3,True
194,Folk,2,data/fma_small/000/000194.mp3,True
197,Folk,2,data/fma_small/000/000197.mp3,True
200,Folk,2,data/fma_small/000/000200.mp3,True
203,Folk,2,data/fma_small/000/000203.mp3,True
204,Folk,2,data/fma_small/000/000204.mp3,True
207,Folk,2,data/fma_small/000/000207.mp3,True
210,Folk,2,data/fma_small/000/000210.mp3,True
211,Folk,2,data/fma_small/000/000211.mp3,True
212,Folk,2,data/fma_small/000/000212.mp3,True
213,Pop,6,data/fma_small/000/000213.mp3,True
255,Rock,7,data/fma_small/000/000255.mp3,True
256,Rock,7,data/fma_small/000/000256.mp3,True
368,Rock,7,data/fma_small/000/000368.mp3,True
424,Experimental,1,data/fma_small/000/000424.mp3,True
459,Rock,7,data/fma_small/000/000459.mp3,True
534,Folk,2,data/fma_small/000/000534.mp3,True
540,Folk,2,data/fma_small/000/000540.mp3,True
546,Folk,2,data/fma_small/000/000546.mp3,True
574,Rock,7,data/fma_small/000/000574.mp3,True
602,Folk,2,data/fma_small/000/000602.mp3,True
615,Experimental,1,data/fma_small/000/000615.mp3,True
620,Folk,2,data/fma_small/000/000620.mp3,True
621,Folk,2,data/fma_small/000/000621.mp3,True
625,Folk,2,data/fma_small/000/000625.mp3,True
666,International,5,data/fma_small/000/000666.mp3,True
667,International,5,data/fma_small/000/000667.mp3,True
676,Hip-Hop,3,data/fma_small/000/000676.mp3,True
690,Rock,7,data/fma_small/000/000690.mp3,True
694,Hip-Hop,3,data/fma_small/000/000694.mp3,True
695,Hip-Hop,3,data/fma_small/000/000695.mp3,True
704,International,5,data/fma_small/000/000704.mp3,True
705,International,5,data/fma_small/000/000705.mp3,True
706,International,5,data/fma_small/000/000706.mp3,True
707,International,5,data/fma_small/000/000707.mp3,True
708,International,5,data/fma_small/000/000708.mp3,True
709,International,5,data/fma_small/000/000709.mp3,True
714,Folk,2,data/fma_small/000/000714.mp3,True
715,Folk,2,data/fma_small/000/000715.mp3,True
716,Folk,2,data/fma_small/000/000716.mp3,True
718,Folk,2,data/fma_small/000/000718.mp3,True
777,Rock,7,data/fma_small/000/000777.mp3,True
814,Folk,2,data/fma_small/000/000814.mp3,True
821,Pop,6,data/fma_small/000/000821.mp3,True
822,Pop,6,data/fma_small/000/000822.mp3,True
825,Rock,7,data/fma_small/000/000825.mp3,True
853,International,5,data/fma_small/000/000853.mp3,True
890,Folk,2,data/fma_small/000/000890.mp3,True
892,Folk,2,data/fma_small/000/000892.mp3,True
897,Experimental,1,data/fma_small/000/000897.mp3,True
993,Rock,7,data/fma_small/000/000993.mp3,True
995,Experimental,1,data/fma_small/000/000995.mp3,True
997,Experimental,1,data/fma_small/000/000997.mp3,True
998,Experimental,1,data/fma_small/000/000998.mp3,True
1039,Rock,7,data/fma_small/001/001039.mp3,True
1040,Rock,7,data/fma_small/001/001040.mp3,True
1066,Experimental,1,data/fma_small/001/001066.mp3,True
1069,Experimental,1,data/fma_small/001/001069.mp3,True
1073,Experimental,1,data/fma_small/001/001073.mp3,True
1075,Experimental,1,data/fma_small/001/001075.mp3,True
1082,International,5,data/fma_small/001/001082.mp3,True
1083,Experimental,1,data/fma_small/001/001083.mp3,True
1087,Rock,7,data/fma_small/001/001087.mp3,True
1102,Rock,7,data/fma_small/001/001102.mp3,True
1193,Folk,2,data/fma_small/001/001193.mp3,True
1195,Folk,2,data/fma_small/001/001195.mp3,True
1196,Folk,2,data/fma_small/001/001196.mp3,True
1197,Folk,2,data/fma_small/001/001197.mp3,True
1249,Experimental,1,data/fma_small/001/001249.mp3,True
1259,Experimental,1,data/fma_small/001/001259.mp3,True
1270,Rock,7,data/fma_small/001/001270.mp3,True
1276,Experimental,1,data/fma_small/001/001276.mp3,True
1277,Experimental,1,data/fma_small/001/001277.mp3,True
1278,Experimental,1,data/fma_small/001/001278.mp3,True
1417,Rock,7,data/fma_small/001/001417.mp3,True
1427,Rock,7,data/fma_small/001/001427.mp3,True
1443,Experimental,1,data/fma_small/001/001443.mp3,True
1482,Electronic,0,data/fma_small/001/001482.mp3,True
1510,Experimental,1,data/fma_small/001/001510.mp3,True
1544,Folk,2,data/fma_small/001/001544.mp3,True
1642,Pop,6,data/fma_small/001/001642.mp3,True
1644,Pop,6,data/fma_small/001/001644.mp3,True
1649,Pop,6,data/fma_small/001/001649.mp3,True
1661,Pop,6,data/fma_small/001/001661.mp3,True
1663,Pop,6,data/fma_small/001/001663.mp3,True
1666,Pop,6,data/fma_small/001/001666.mp3,True
1673,Experimental,1,data/fma_small/001/001673.mp3,True
1680,International,5,data/fma_small/001/001680.mp3,True
1681,International,5,data/fma_small/001/001681.mp3,True
1682,International,5,data/fma_small/001/001682.mp3,True
1683,International,5,data/fma_small/001/001683.mp3,True
1684,International,5,data/fma_small/001/001684.mp3,True
1685,International,5,data/fma_small/001/001685.mp3,True
1686,International,5,data/fma_small/001/001686.mp3,True
1687,International,5,data/fma_small/001/001687.mp3,True
1688,International,5,data/fma_small/001/001688.mp3,True
1689,International,5,data/fma_small/001/001689.mp3,True
1701,Folk,2,data/fma_small/001/001701.mp3,True
1702,Folk,2,data/fma_small/001/001702.mp3,True
1703,Folk,2,data/fma_small/001/001703.mp3,True
1704,Folk,2,data/fma_small/001/001704.mp3,True
1706,Rock,7,data/fma_small/001/001706.mp3,True
1720,Rock,7,data/fma_small/001/001720.mp3,True
1732,Experimental,1,data/fma_small/001/001732.mp3,True
1733,Experimental,1,data/fma_small/001/001733.mp3,True
1735,Experimental,1,data/fma_small/001/001735.mp3,True
1736,Experimental,1,data/fma_small/001/001736.mp3,True
1883,Rock,7,data/fma_small/001/001883.mp3,True
1891,Rock,7,data/fma_small/001/001891.mp3,True
1893,Folk,2,data/fma_small/001/001893.mp3,True
1924,Folk,2,data/fma_small/001/001924.mp3,True
1925,Folk,2,data/fma_small/001/001925.mp3,True
1929,Experimental,1,data/fma_small/001/001929.mp3,True
1930,Rock,7,data/fma_small/001/001930.mp3,True
2012,Experimental,1,data/fma_small/002/002012.mp3,True
2096,Experimental,1,data/fma_small/002/002096.mp3,True
2097,Folk,2,data/fma_small/002/002097.mp3,True
2099,Pop,6,data/fma_small/002/002099.mp3,True
3263,Folk,2,data/fma_small/003/003263.mp3,True
3264,Folk,2,data/fma_small/003/003264.mp3,True
3265,Folk,2,data/fma_small/003/003265.mp3,True
3266,Folk,2,data/fma_small/003/003266.mp3,True
3270,Folk,2,data/fma_small/003/003270.mp3,True
3271,Folk,2,data/fma_small/003/003271.mp3,True
3272,Folk,2,data/fma_small/003/003272.mp3,True
3273,Folk,2,data/fma_small/003/003273.mp3,True
3274,Folk,2,data/fma_small/003/003274.mp3,True
3492,Rock,7,data/fma_small/003/003492.mp3,True
3532,Pop,6,data/fma_small/003/003532.mp3,True
3533,Pop,6,data/fma_small/003/003533.mp3,True
3534,Pop,6,data/fma_small/003/003534.mp3,True
3535,Pop,6,data/fma_small/003/003535.mp3,True
3537,Pop,6,data/fma_small/003/003537.mp3,True
3538,Pop,6,data/fma_small/003/003538.mp3,True
3573,Electronic,0,data/fma_small/003/003573.mp3,True
3598,Folk,2,data/fma_small/003/003598.mp3,True
3624,Rock,7,data/fma_small/003/003624.mp3,True
3707,Folk,2,data/fma_small/003/003707.mp3,True
3708,Folk,2,data/fma_small/003/003708.mp3,True
3720,Rock,7,data/fma_small/003/003720.mp3,True
3721,Rock,7,data/fma_small/003/003721.mp3,True
3722,Rock,7,data/fma_small/003/003722.mp3,True
3724,Rock,7,data/fma_small/003/003724.mp3,True
3725,Rock,7,data/fma_small/003/003725.mp3,True
3761,Rock,7,data/fma_small/003/003761.mp3,True
3762,Rock,7,data/fma_small/003/003762.mp3,True
3763,Rock,7,data/fma_small/003/003763.mp3,True
3765,Rock,7,data/fma_small/003/003765.mp3,True
3766,Rock,7,data/fma_small/003/003766.mp3,True
3775,International,5,data/fma_small/003/003775.mp3,True
3776,International,5,data/fma_small/003/003776.mp3,True
3777,International,5,data/fma_small/003/003777.mp3,True
3778,International,5,data/fma_small/003/003778.mp3,True
3779,International,5,data/fma_small/003/003779.mp3,True
3832,Folk,2,data/fma_small/003/003832.mp3,True
3833,Rock,7,data/fma_small/003/003833.mp3,True
3840,Rock,7,data/fma_small/003/003840.mp3,True
3880,Folk,2,data/fma_small/003/003880.mp3,True
3895,International,5,data/fma_small/003/003895.mp3,True
3896,International,5,data/fma_small/003/003896.mp3,True
3904,Folk,2,data/fma_small/003/003904.mp3,True
3905,Folk,2,data/fma_small/003/003905.mp3,True
3906,Folk,2,data/fma_small/003/003906.mp3,True
3908,Folk,2,data/fma_small/003/003908.mp3,True
3909,Folk,2,data/fma_small/003/003909.mp3,True
3910,Folk,2,data/fma_small/003/003910.mp3,True
3911,Folk,2,data/fma_small/003/003911.mp3,True
3912,Folk,2,data/fma_small/003/003912.mp3,True
3913,Folk,2,data/fma_small/003/003913.mp3,True
3920,Folk,2,data/fma_small/003/003920.mp3,True
3921,Folk,2,data/fma_small/003/003921.mp3,True
3950,Rock,7,data/fma_small/003/003950.mp3,True
4013,Folk,2,data/fma_small/004/004013.mp3,True
4017,Folk,2,data/fma_small/004/004017.mp3,True
4022,Rock,7,data/fma_small/004/004022.mp3,True
4037,Folk,2,data/fma_small/004/004037.mp3,True
4066,Folk,2,data/fma_small/004/004066.mp3,True
4067,Folk,2,data/fma_small/004/004067.mp3,True
4068,Folk,2,data/fma_small/004/004068.mp3,True
4069,Folk,2,data/fma_small/004/004069.mp3,True
4070,International,5,data/fma_small/004/004070.mp3,True
4071,International,5,data/fma_small/004/004071.mp3,True
4072,International,5,data/fma_small/004/004072.mp3,True
4073,International,5,data/fma_small/004/004073.mp3,True
4074,International,5,data/fma_small/004/004074.mp3,True
4075,International,5,data/fma_small/004/004075.mp3,True
4076,International,5,data/fma_small/004/004076.mp3,True
4077,International,5,data/fma_small/004/004077.mp3,True
4078,International,5,data/fma_small/004/004078.mp3,True
4079,International,5,data/fma_small/004/004079.mp3,True
4080,International,5,data/fma_small/004/004080.mp3,True
4091,International,5,data/fma_small/004/004091.mp3,True
4092,International,5,data/fma_small/004/004092.mp3,True
4093,International,5,data/fma_small/004/004093.mp3,True
4094,International,5,data/fma_small/004/004094.mp3,True
4095,International,5,data/fma_small/004/004095.mp3,True
4096,International,5,data/fma_small/004/004096.mp3,True
4097,International,5,data/fma_small/004/004097.mp3,True
4098,International,5,data/fma_small/004/004098.mp3,True
4099,International,5,data/fma_small/004/004099.mp3,True
4100,International,5,data/fma_small/004/004100.mp3,True
4101,International,5,data/fma_small/004/004101.mp3,True
4102,International,5,data/fma_small/004/004102.mp3,True
4103,International,5,data/fma_small/004/004103.mp3,True
4108,Rock,7,data/fma_small/004/004108.mp3,True
4232,International,5,data/fma_small/004/004232.mp3,True
4233,International,5,data/fma_small/004/004233.mp3,True
4234,International,5,data/fma_small/004/004234.mp3,True
4235,International,5,data/fma_small/004/004235.mp3,True
4236,International,5,data/fma_small/004/004236.mp3,True
4239,International,5,data/fma_small/004/004239.mp3,True
4450,Folk,2,data/fma_small/004/004450.mp3,True
4507,International,5,data/fma_small/004/004507.mp3,True
4508,International,5,data/fma_small/004/004508.mp3,True
4509,International,5,data/fma_small/004/004509.mp3,True
4510,International,5,data/fma_small/004/004510.mp3,True
4511,International,5,data/fma_small/004/004511.mp3,True
4519,Electronic,0,data/fma_small/004/004519.mp3,True
4520,Electronic,0,data/fma_small/004/004520.mp3,True
4521,Electronic,0,data/fma_small/004/004521.mp3,True
4522,Electronic,0,data/fma_small/004/004522.mp3,True
4682,Hip-Hop,3,data/fma_small/004/004682.mp3,True
4684,Hip-Hop,3,data/fma_small/004/004684.mp3,True
4685,Hip-Hop,3,data/fma_small/004/004685.mp3,True
4688,Hip-Hop,3,data/fma_small/004/004688.mp3,True
4777,Rock,7,data/fma_small/004/004777.mp3,True
4778,Rock,7,data/fma_small/004/004778.mp3,True
4779,Rock,7,data/fma_small/004/004779.mp3,True
4780,Rock,7,data/fma_small/004/004780.mp3,True
4781,Rock,7,data/fma_small/004/004781.mp3,True
4782,Rock,7,data/fma_small/004/004782.mp3,True
4784,Rock,7,data/fma_small/004/004784.mp3,True
4785,Rock,7,data/fma_small/004/004785.mp3,True
4786,Rock,7,data/fma_small/004/004786.mp3,True
4787,Rock,7,data/fma_small/004/004787.mp3,True
4788,Rock,7,data/fma_small/004/004788.mp3,True
4799,Rock,7,data/fma_small/004/004799.mp3,True
4835,Rock,7,data/fma_small/004/004835.mp3,True
4836,Rock,7,data/fma_small/004/004836.mp3,True
4838,Rock,7,data/fma_small/004/004838.mp3,True
4846,International,5,data/fma_small/004/004846.mp3,True
4848,International,5,data/fma_small/004/004848.mp3,True
4849,International,5,data/fma_small/004/004849.mp3,True
5006,Rock,7,data/fma_small/005/005006.mp3,True
5156,Folk,2,data/fma_small/005/005156.mp3,True
5157,Folk,2,data/fma_small/005/005157.mp3,True
5158,Folk,2,data/fma_small/005/005158.mp3,True
5159,Folk,2,data/fma_small/005/005159.mp3,True
5169,Folk,2,data/fma_small/005/005169.mp3,True
5170,Folk,2,data/fma_small/005/005170.mp3,True
5171,Folk,2,data/fma_small/005/005171.mp3,True
5191,Pop,6,data/fma_small/005/005191.mp3,True
5264,Hip-Hop,3,data/fma_small/005/005264.mp3,True
5268,Hip-Hop,3,data/fma_small/005/005268.mp3,True
5376,Folk,2,data/fma_small/005/005376.mp3,True
5381,Folk,2,data/fma_small/005/005381.mp3,True
5521,Experimental,1,data/fma_small/005/005521.mp3,True
5879,Folk,2,data/fma_small/005/005879.mp3,True
5936,Folk,2,data/fma_small/005/005936.mp3,True
5940,Folk,2,data/fma_small/005/005940.mp3,True
6329,International,5,data/fma_small/006/006329.mp3,True
6330,International,5,data/fma_small/006/006330.mp3,True
6331,International,5,data/fma_small/006/006331.mp3,True
6332,International,5,data/fma_small/006/006332.mp3,True
6333,International,5,data/fma_small/006/006333.mp3,True
6342,International,5,data/fma_small/006/006342.mp3,True
6354,International,5,data/fma_small/006/006354.mp3,True
6357,International,5,data/fma_small/006/006357.mp3,True
6358,International,5,data/fma_small/006/006358.mp3,True
6360,International,5,data/fma_small/006/006360.mp3,True
6363,International,5,data/fma_small/006/006363.mp3,True
6366,International,5,data/fma_small/006/006366.mp3,True
6367,International,5,data/fma_small/006/006367.mp3,True
6368,International,5,data/fma_small/006/006368.mp3,True
6370,International,5,data/fma_small/006/006370.mp3,True
6372,International,5,data/fma_small/006/006372.mp3,True
6373,International,5,data/fma_small/006/006373.mp3,True
6376,International,5,data/fma_small/006/006376.mp3,True
6379,International,5,data/fma_small/006/006379.mp3,True
6380,International,5,data/fma_small/006/006380.mp3,True
6381,International,5,data/fma_small/006/006381.mp3,True
6382,International,5,data/fma_small/006/006382.mp3,True
6383,International,5,data/fma_small/006/006383.mp3,True
6385,International,5,data/fma_small/006/006385.mp3,True
6387,International,5,data/fma_small/006/006387.mp3,True
6389,International,5,data/fma_small/006/006389.mp3,True
6390,International,5,data/fma_small/006/006390.mp3,True
6393,International,5,data/fma_small/006/006393.mp3,True
6394,International,5,data/fma_small/006/006394.mp3,True
6396,International,5,data/fma_small/006/006396.mp3,True
6406,Folk,2,data/fma_small/006/006406.mp3,True
6407,Folk,2,data/fma_small/006/006407.mp3,True
6439,Hip-Hop,3,data/fma_small/006/006439.mp3,True
6440,Hip-Hop,3,data/fma_small/006/006440.mp3,True
6442,Hip-Hop,3,data/fma_small/006/006442.mp3,True
6443,Hip-Hop,3,data/fma_small/006/006443.mp3,True
6448,Hip-Hop,3,data/fma_small/006/006448.mp3,True
6459,International,5,data/fma_small/006/006459.mp3,True
6461,Folk,2,data/fma_small/006/006461.mp3,True
6463,Folk,2,data/fma_small/006/006463.mp3,True
6467,Folk,2,data/fma_small/006/006467.mp3,True
6469,International,5,data/fma_small/006/006469.mp3,True
6517,Rock,7,data/fma_small/006/006517.mp3,True
6519,Rock,7,data/fma_small/006/006519.mp3,True
6603,Hip-Hop,3,data/fma_small/006/006603.mp3,True
6605,Hip-Hop,3,data/fma_small/006/006605.mp3,True
6606,Hip-Hop,3,data/fma_small/006/006606.mp3,True
6607,Hip-Hop,3,data/fma_small/006/006607.mp3,True
6608,Hip-Hop,3,data/fma_small/006/006608.mp3,True
6609,Hip-Hop,3,data/fma_small/006/006609.mp3,True
6610,Hip-Hop,3,data/fma_small/006/006610.mp3,True
6611,Hip-Hop,3,data/fma_small/006/006611.mp3,True
6674,Experimental,1,data/fma_small/006/006674.mp3,True
6675,Experimental,1,data/fma_small/006/006675.mp3,True
6677,Experimental,1,data/fma_small/006/006677.mp3,True
6679,Experimental,1,data/fma_small/006/006679.mp3,True
6680,Experimental,1,data/fma_small/006/006680.mp3,True
6684,Experimental,1,data/fma_small/006/006684.mp3,True
6762,Folk,2,data/fma_small/006/006762.mp3,True
6776,Rock,7,data/fma_small/006/006776.mp3,True
6778,Rock,7,data/fma_small/006/006778.mp3,True
6779,Folk,2,data/fma_small/006/006779.mp3,True
6782,Folk,2,data/fma_small/006/006782.mp3,True
6783,Folk,2,data/fma_small/006/006783.mp3,True
6788,Rock,7,data/fma_small/006/006788.mp3,True
6802,International,5,data/fma_small/006/006802.mp3,True
6803,International,5,data/fma_small/006/006803.mp3,True
6854,Folk,2,data/fma_small/006/006854.mp3,True
6855,Folk,2,data/fma_small/006/006855.mp3,True
6856,Folk,2,data/fma_small/006/006856.mp3,True
6857,Folk,2,data/fma_small/006/006857.mp3,True
7011,Electronic,0,data/fma_small/007/007011.mp3,True
7373,Experimental,1,data/fma_small/007/007373.mp3,True
7374,Experimental,1,data/fma_small/007/007374.mp3,True
7375,Experimental,1,data/fma_small/007/007375.mp3,True
7376,Experimental,1,data/fma_small/007/007376.mp3,True
7377,Experimental,1,data/fma_small/007/007377.mp3,True
7378,Experimental,1,data/fma_small/007/007378.mp3,True
7379,Experimental,1,data/fma_small/007/007379.mp3,True
7381,Experimental,1,data/fma_small/007/007381.mp3,True
7383,Experimental,1,data/fma_small/007/007383.mp3,True
7385,Experimental,1,data/fma_small/007/007385.mp3,True
7386,Experimental,1,data/fma_small/007/007386.mp3,True
7388,Experimental,1,data/fma_small/007/007388.mp3,True
7391,Experimental,1,data/fma_small/007/007391.mp3,True
7393,Experimental,1,data/fma_small/007/007393.mp3,True
7481,Hip-Hop,3,data/fma_small/007/007481.mp3,True
7482,Hip-Hop,3,data/fma_small/007/007482.mp3,True
7483,Hip-Hop,3,data/fma_small/007/007483.mp3,True
7487,Hip-Hop,3,data/fma_small/007/007487.mp3,True
7488,Hip-Hop,3,data/fma_small/007/007488.mp3,True
7489,Hip-Hop,3,data/fma_small/007/007489.mp3,True
7490,Hip-Hop,3,data/fma_small/007/007490.mp3,True
7491,Hip-Hop,3,data/fma_small/007/007491.mp3,True
7492,Hip-Hop,3,data/fma_small/007/007492.mp3,True
7495,Rock,7,data/fma_small/007/007495.mp3,True
7526,Pop,6,data/fma_small/007/007526.mp3,True
7527,Pop,6,data/fma_small/007/007527.mp3,True
7528,Pop,6,data/fma_small/007/007528.mp3,True
7529,Pop,6,data/fma_small/007/007529.mp3,True
7548,Experimental,1,data/fma_small/007/007548.mp3,True
7554,Experimental,1,data/fma_small/007/007554.mp3,True
7709,Folk,2,data/fma_small/007/007709.mp3,True
7710,Folk,2,data/fma_small/007/007710.mp3,True
7711,Folk,2,data/fma_small/007/007711.mp3,True
7712,Folk,2,data/fma_small/007/007712.mp3,True
7713,Folk,2,data/fma_small/007/007713.mp3,True
7872,Rock,7,data/fma_small/007/007872.mp3,True
8056,Rock,7,data/fma_small/008/008056.mp3,True
8208,Rock,7,data/fma_small/008/008208.mp3,True
8256,Folk,2,data/fma_small/008/008256.mp3,True
8259,Folk,2,data/fma_small/008/008259.mp3,True
8261,Folk,2,data/fma_small/008/008261.mp3,True
8345,Experimental,1,data/fma_small/008/008345.mp3,True
8357,Experimental,1,data/fma_small/008/008357.mp3,True
8363,Experimental,1,data/fma_small/008/008363.mp3,True
8372,Experimental,1,data/fma_small/008/008372.mp3,True
8416,Experimental,1,data/fma_small/008/008416.mp3,True
9152,Experimental,1,data/fma_small/009/009152.mp3,True
9155,Experimental,1,data/fma_small/009/009155.mp3,True
9307,Experimental,1,data/fma_small/009/009307.mp3,True
9476,Experimental,1,data/fma_small/009/009476.mp3,True
9477,Experimental,1,data/fma_small/009/009477.mp3,True
9491,Rock,7,data/fma_small/009/009491.mp3,True
9505,Experimental,1,data/fma_small/009/009505.mp3,True
9511,Rock,7,data/fma_small/009/009511.mp3,True
9512,International,5,data/fma_small/009/009512.mp3,True
9513,Rock,7,data/fma_small/009/009513.mp3,True
9550,Rock,7,data/fma_small/009/009550.mp3,True
9553,Rock,7,data/fma_small/009/009553.mp3,True
9555,Rock,7,data/fma_small/009/009555.mp3,True
9557,Rock,7,data/fma_small/009/009557.mp3,True
9559,Rock,7,data/fma_small/009/009559.mp3,True
9560,Rock,7,data/fma_small/009/009560.mp3,True
9678,Experimental,1,data/fma_small/009/009678.mp3,True
9721,Experimental,1,data/fma_small/009/009721.mp3,True
9846,Experimental,1,data/fma_small/009/009846.mp3,True
9887,Folk,2,data/fma_small/009/009887.mp3,True
9888,Folk,2,data/fma_small/009/009888.mp3,True
9918,Experimental,1,data/fma_small/009/009918.mp3,True
9962,Rock,7,data/fma_small/009/009962.mp3,True
10186,International,5,data/fma_small/010/010186.mp3,True
10192,Hip-Hop,3,data/fma_small/010/010192.mp3,True
10250,Instrumental,4,data/fma_small/010/010250.mp3,True
10374,Experimental,1,data/fma_small/010/010374.mp3,True
10375,Experimental,1,data/fma_small/010/010375.mp3,True
10376,Experimental,1,data/fma_small/010/010376.mp3,True
10377,Experimental,1,data/fma_small/010/010377.mp3,True
10381,Folk,2,data/fma_small/010/010381.mp3,True
10382,Folk,2,data/fma_small/010/010382.mp3,True
10383,Folk,2,data/fma_small/010/010383.mp3,True
10384,Folk,2,data/fma_small/010/010384.mp3,True
10385,Folk,2,data/fma_small/010/010385.mp3,True
10386,Folk,2,data/fma_small/010/010386.mp3,True
10387,Folk,2,data/fma_small/010/010387.mp3,True
10388,Folk,2,data/fma_small/010/010388.mp3,True
10389,Folk,2,data/fma_small/010/010389.mp3,True
10435,Experimental,1,data/fma_small/010/010435.mp3,True
10438,Folk,2,data/fma_small/010/010438.mp3,True
10439,Folk,2,data/fma_small/010/010439.mp3,True
10440,Folk,2,data/fma_small/010/010440.mp3,True
10441,Folk,2,data/fma_small/010/010441.mp3,True
10442,Folk,2,data/fma_small/010/010442.mp3,True
10443,Folk,2,data/fma_small/010/010443.mp3,True
10444,Folk,2,data/fma_small/010/010444.mp3,True
10447,Folk,2,data/fma_small/010/010447.mp3,True
10458,Folk,2,data/fma_small/010/010458.mp3,True
10480,Folk,2,data/fma_small/010/010480.mp3,True
10481,Folk,2,data/fma_small/010/010481.mp3,True
10485,Folk,2,data/fma_small/010/010485.mp3,True
10521,Experimental,1,data/fma_small/010/010521.mp3,True
10527,Experimental,1,data/fma_small/010/010527.mp3,True
10535,Experimental,1,data/fma_small/010/010535.mp3,True
10541,Experimental,1,data/fma_small/010/010541.mp3,True
10575,Folk,2,data/fma_small/010/010575.mp3,True
10577,Folk,2,data/fma_small/010/010577.mp3,True
10668,Rock,7,data/fma_small/010/010668.mp3,True
10669,Rock,7,data/fma_small/010/010669.mp3,True
10670,Rock,7,data/fma_small/010/010670.mp3,True
10671,Rock,7,data/fma_small/010/010671.mp3,True
10672,Rock,7,data/fma_small/010/010672.mp3,True
10673,Rock,7,data/fma_small/010/010673.mp3,True
10674,Rock,7,data/fma_small/010/010674.mp3,True
10675,Rock,7,data/fma_small/010/010675.mp3,True
10676,Rock,7,data/fma_small/010/010676.mp3,True
10677,Rock,7,data/fma_small/010/010677.mp3,True
10678,Folk,2,data/fma_small/010/010678.mp3,True
10679,Folk,2,data/fma_small/010/010679.mp3,True
10682,Folk,2,data/fma_small/010/010682.mp3,True
10684,Folk,2,data/fma_small/010/010684.mp3,True
10693,Hip-Hop,3,data/fma_small/010/010693.mp3,True
10694,Hip-Hop,3,data/fma_small/010/010694.mp3,True
10695,Hip-Hop,3,data/fma_small/010/010695.mp3,True
10696,Hip-Hop,3,data/fma_small/010/010696.mp3,True
10697,Hip-Hop,3,data/fma_small/010/010697.mp3,True
10698,Hip-Hop,3,data/fma_small/010/010698.mp3,True
10699,Hip-Hop,3,data/fma_small/010/010699.mp3,True
10805,Pop,6,data/fma_small/010/010805.mp3,True
10806,Pop,6,data/fma_small/010/010806.mp3,True
10807,Pop,6,data/fma_small/010/010807.mp3,True
10808,Pop,6,data/fma_small/010/010808.mp3,True
10809,Pop,6,data/fma_small/010/010809.mp3,True
10810,Pop,6,data/fma_small/010/010810.mp3,True
10983,Experimental,1,data/fma_small/010/010983.mp3,True
10992,Folk,2,data/fma_small/010/010992.mp3,True
10993,Folk,2,data/fma_small/010/010993.mp3,True
11019,Experimental,1,data/fma_small/011/011019.mp3,True
11020,Experimental,1,data/fma_small/011/011020.mp3,True
11059,Folk,2,data/fma_small/011/011059.mp3,True
11198,Pop,6,data/fma_small/011/011198.mp3,True
11199,Pop,6,data/fma_small/011/011199.mp3,True
11200,Pop,6,data/fma_small/011/011200.mp3,True
11204,Hip-Hop,3,data/fma_small/011/011204.mp3,True
11206,Electronic,0,data/fma_small/011/011206.mp3,True
11234,Experimental,1,data/fma_small/011/011234.mp3,True
11237,Experimental,1,data/fma_small/011/011237.mp3,True
11239,Experimental,1,data/fma_small/011/011239.mp3,True
11242,Experimental,1,data/fma_small/011/011242.mp3,True
11261,Pop,6,data/fma_small/011/011261.mp3,True
11262,Electronic,0,data/fma_small/011/011262.mp3,True
11264,Rock,7,data/fma_small/011/011264.mp3,True
11268,Rock,7,data/fma_small/011/011268.mp3,True
11298,Hip-Hop,3,data/fma_small/011/011298.mp3,True
11299,Hip-Hop,3,data/fma_small/011/011299.mp3,True
11306,Rock,7,data/fma_small/011/011306.mp3,True
11333,Experimental,1,data/fma_small/011/011333.mp3,True
11334,Experimental,1,data/fma_small/011/011334.mp3,True
11503,Folk,2,data/fma_small/011/011503.mp3,True
11504,Folk,2,data/fma_small/011/011504.mp3,True
11505,Folk,2,data/fma_small/011/011505.mp3,True
11508,Folk,2,data/fma_small/011/011508.mp3,True
11544,Experimental,1,data/fma_small/011/011544.mp3,True
11638,Instrumental,4,data/fma_small/011/011638.mp3,True
11671,International,5,data/fma_small/011/011671.mp3,True
11672,International,5,data/fma_small/011/011672.mp3,True
11673,International,5,data/fma_small/011/011673.mp3,True
11674,International,5,data/fma_small/011/011674.mp3,True
11675,International,5,data/fma_small/011/011675.mp3,True
11677,International,5,data/fma_small/011/011677.mp3,True
11679,International,5,data/fma_small/011/011679.mp3,True
11681,International,5,data/fma_small/011/011681.mp3,True
11682,International,5,data/fma_small/011/011682.mp3,True
11683,International,5,data/fma_small/011/011683.mp3,True
11763,Hip-Hop,3,data/fma_small/011/011763.mp3,True
11764,Hip-Hop,3,data/fma_small/011/011764.mp3,True
11765,Hip-Hop,3,data/fma_small/011/011765.mp3,True
11766,Hip-Hop,3,data/fma_small/011/011766.mp3,True
11767,Hip-Hop,3,data/fma_small/011/011767.mp3,True
11768,Hip-Hop,3,data/fma_small/011/011768.mp3,True
11769,Hip-Hop,3,data/fma_small/011/011769.mp3,True
11770,Hip-Hop,3,data/fma_small/011/011770.mp3,True
11771,Hip-Hop,3,data/fma_small/011/011771.mp3,True
11772,Hip-Hop,3,data/fma_small/011/011772.mp3,True
11773,Hip-Hop,3,data/fma_small/011/011773.mp3,True
11774,Hip-Hop,3,data/fma_small/011/011774.mp3,True
11775,Hip-Hop,3,data/fma_small/011/011775.mp3,True
11776,Hip-Hop,3,data/fma_small/011/011776.mp3,True
11777,Hip-Hop,3,data/fma_small/011/011777.mp3,True
11778,Hip-Hop,3,data/fma_small/011/011778.mp3,True
11779,Hip-Hop,3,data/fma_small/011/011779.mp3,True
11780,Hip-Hop,3,data/fma_small/011/011780.mp3,True
11781,Hip-Hop,3,data/fma_small/011/011781.mp3,True
11782,Hip-Hop,3,data/fma_small/011/011782.mp3,True
11783,Hip-Hop,3,data/fma_small/011/011783.mp3,True
11784,Hip-Hop,3,data/fma_small/011/011784.mp3,True
11785,Hip-Hop,3,data/fma_small/011/011785.mp3,True
11786,Hip-Hop,3,data/fma_small/011/011786.mp3,True
11787,Hip-Hop,3,data/fma_small/011/011787.mp3,True
11788,Hip-Hop,3,data/fma_small/011/011788.mp3,True
11789,Hip-Hop,3,data/fma_small/011/011789.mp3,True
11790,Hip-Hop,3,data/fma_small/011/011790.mp3,True
11791,Hip-Hop,3,data/fma_small/011/011791.mp3,True
11792,Hip-Hop,3,data/fma_small/011/011792.mp3,True
11793,Hip-Hop,3,data/fma_small/011/011793.mp3,True
11794,Hip-Hop,3,data/fma_small/011/011794.mp3,True
11795,Hip-Hop,3,data/fma_small/011/011795.mp3,True
11803,Hip-Hop,3,data/fma_small/011/011803.mp3,True
11818,Hip-Hop,3,data/fma_small/011/011818.mp3,True
11839,Hip-Hop,3,data/fma_small/011/011839.mp3,True
11861,Hip-Hop,3,data/fma_small/011/011861.mp3,True
11862,Hip-Hop,3,data/fma_small/011/011862.mp3,True
11867,Hip-Hop,3,data/fma_small/011/011867.mp3,True
11868,Hip-Hop,3,data/fma_small/011/011868.mp3,True
11916,Hip-Hop,3,data/fma_small/011/011916.mp3,True
11917,Hip-Hop,3,data/fma_small/011/011917.mp3,True
11918,Hip-Hop,3,data/fma_small/011/011918.mp3,True
11919,Hip-Hop,3,data/fma_small/011/011919.mp3,True
11920,Hip-Hop,3,data/fma_small/011/011920.mp3,True
11921,Hip-Hop,3,data/fma_small/011/011921.mp3,True
11922,Hip-Hop,3,data/fma_small/011/011922.mp3,True
11933,Rock,7,data/fma_small/011/011933.mp3,True
11937,Pop,6,data/fma_small/011/011937.mp3,True
11942,Electronic,0,data/fma_small/011/011942.mp3,True
11946,Experimental,1,data/fma_small/011/011946.mp3,True
11947,Experimental,1,data/fma_small/011/011947.mp3,True
11951,Experimental,1,data/fma_small/011/011951.mp3,True
12045,Folk,2,data/fma_small/012/012045.mp3,True
12046,Folk,2,data/fma_small/012/012046.mp3,True
12047,Folk,2,data/fma_small/012/012047.mp3,True
12048,Folk,2,data/fma_small/012/012048.mp3,True
12049,Folk,2,data/fma_small/012/012049.mp3,True
12050,Folk,2,data/fma_small/012/012050.mp3,True
12051,Folk,2,data/fma_small/012/012051.mp3,True
12052,Folk,2,data/fma_small/012/012052.mp3,True
12053,Folk,2,data/fma_small/012/012053.mp3,True
12058,Folk,2,data/fma_small/012/012058.mp3,True
12059,Folk,2,data/fma_small/012/012059.mp3,True
12060,Folk,2,data/fma_small/012/012060.mp3,True
12061,Folk,2,data/fma_small/012/012061.mp3,True
12062,Folk,2,data/fma_small/012/012062.mp3,True
12064,Folk,2,data/fma_small/012/012064.mp3,True
12065,Folk,2,data/fma_small/012/012065.mp3,True
12066,Folk,2,data/fma_small/012/012066.mp3,True
12067,Folk,2,data/fma_small/012/012067.mp3,True
12109,International,5,data/fma_small/012/012109.mp3,True
12146,Pop,6,data/fma_small/012/012146.mp3,True
12147,Pop,6,data/fma_small/012/012147.mp3,True
12173,Hip-Hop,3,data/fma_small/012/012173.mp3,True
12174,Hip-Hop,3,data/fma_small/012/012174.mp3,True
12179,Pop,6,data/fma_small/012/012179.mp3,True
12188,Pop,6,data/fma_small/012/012188.mp3,True
12189,Electronic,0,data/fma_small/012/012189.mp3,True
12346,Experimental,1,data/fma_small/012/012346.mp3,True
12348,Folk,2,data/fma_small/012/012348.mp3,True
12349,Folk,2,data/fma_small/012/012349.mp3,True
12350,Folk,2,data/fma_small/012/012350.mp3,True
12351,Folk,2,data/fma_small/012/012351.mp3,True
12352,Folk,2,data/fma_small/012/012352.mp3,True
12353,Folk,2,data/fma_small/012/012353.mp3,True
12355,Folk,2,data/fma_small/012/012355.mp3,True
12376,Pop,6,data/fma_small/012/012376.mp3,True
12387,Pop,6,data/fma_small/012/012387.mp3,True
12390,Pop,6,data/fma_small/012/012390.mp3,True
12394,Hip-Hop,3,data/fma_small/012/012394.mp3,True
12481,Folk,2,data/fma_small/012/012481.mp3,True
12482,Folk,2,data/fma_small/012/012482.mp3,True
12484,Folk,2,data/fma_small/012/012484.mp3,True
12485,Folk,2,data/fma_small/012/012485.mp3,True
12486,Folk,2,data/fma_small/012/012486.mp3,True
12487,Folk,2,data/fma_small/012/012487.mp3,True
12488,Folk,2,data/fma_small/012/012488.mp3,True
12489,Folk,2,data/fma_small/012/012489.mp3,True
12490,Folk,2,data/fma_small/012/012490.mp3,True
12508,Folk,2,data/fma_small/012/012508.mp3,True
12513,Folk,2,data/fma_small/012/012513.mp3,True
12514,Folk,2,data/fma_small/012/012514.mp3,True
12518,Pop,6,data/fma_small/012/012518.mp3,True
12521,Rock,7,data/fma_small/012/012521.mp3,True
12526,Hip-Hop,3,data/fma_small/012/012526.mp3,True
12527,Pop,6,data/fma_small/012/012527.mp3,True
12530,Pop,6,data/fma_small/012/012530.mp3,True
12531,Hip-Hop,3,data/fma_small/012/012531.mp3,True
12532,Pop,6,data/fma_small/012/012532.mp3,True
12537,Pop,6,data/fma_small/012/012537.mp3,True
12551,Pop,6,data/fma_small/012/012551.mp3,True
12552,Pop,6,data/fma_small/012/012552.mp3,True
12654,Pop,6,data/fma_small/012/012654.mp3,True
12690,International,5,data/fma_small/012/012690.mp3,True
12691,International,5,data/fma_small/012/012691.mp3,True
12692,International,5,data/fma_small/012/012692.mp3,True
12737,Experimental,1,data/fma_small/012/012737.mp3,True
12985,Folk,2,data/fma_small/012/012985.mp3,True
12986,Folk,2,data/fma_small/012/012986.mp3,True
13191,Pop,6,data/fma_small/013/013191.mp3,True
13197,Pop,6,data/fma_small/013/013197.mp3,True
13199,Hip-Hop,3,data/fma_small/013/013199.mp3,True
13201,Hip-Hop,3,data/fma_small/013/013201.mp3,True
13218,Pop,6,data/fma_small/013/013218.mp3,True
13220,Pop,6,data/fma_small/013/013220.mp3,True
13325,Rock,7,data/fma_small/013/013325.mp3,True
13328,Pop,6,data/fma_small/013/013328.mp3,True
13362,Pop,6,data/fma_small/013/013362.mp3,True
13378,Pop,6,data/fma_small/013/013378.mp3,True
13474,Electronic,0,data/fma_small/013/013474.mp3,True
13537,International,5,data/fma_small/013/013537.mp3,True
13538,International,5,data/fma_small/013/013538.mp3,True
13539,International,5,data/fma_small/013/013539.mp3,True
13540,International,5,data/fma_small/013/013540.mp3,True
13556,Rock,7,data/fma_small/013/013556.mp3,True
13561,Hip-Hop,3,data/fma_small/013/013561.mp3,True
13562,Electronic,0,data/fma_small/013/013562.mp3,True
13566,Hip-Hop,3,data/fma_small/013/013566.mp3,True
13571,Electronic,0,data/fma_small/013/013571.mp3,True
13578,Experimental,1,data/fma_small/013/013578.mp3,True
13591,Hip-Hop,3,data/fma_small/013/013591.mp3,True
13596,Rock,7,data/fma_small/013/013596.mp3,True
13666,Rock,7,data/fma_small/013/013666.mp3,True
13668,Electronic,0,data/fma_small/013/013668.mp3,True
13670,Hip-Hop,3,data/fma_small/013/013670.mp3,True
13706,Electronic,0,data/fma_small/013/013706.mp3,True
13707,Electronic,0,data/fma_small/013/013707.mp3,True
13708,Electronic,0,data/fma_small/013/013708.mp3,True
13709,Electronic,0,data/fma_small/013/013709.mp3,True
13710,Electronic,0,data/fma_small/013/013710.mp3,True
13711,Electronic,0,data/fma_small/013/013711.mp3,True
13735,Hip-Hop,3,data/fma_small/013/013735.mp3,True
13747,Hip-Hop,3,data/fma_small/013/013747.mp3,True
13748,Hip-Hop,3,data/fma_small/013/013748.mp3,True
13749,Hip-Hop,3,data/fma_small/013/013749.mp3,True
13767,Hip-Hop,3,data/fma_small/013/013767.mp3,True
13768,Hip-Hop,3,data/fma_small/013/013768.mp3,True
13804,Hip-Hop,3,data/fma_small/013/013804.mp3,True
13927,Folk,2,data/fma_small/013/013927.mp3,True
13928,Folk,2,data/fma_small/013/013928.mp3,True
13929,Folk,2,data/fma_small/013/013929.mp3,True
13930,Folk,2,data/fma_small/013/013930.mp3,True
14063,Electronic,0,data/fma_small/014/014063.mp3,True
14208,Electronic,0,data/fma_small/014/014208.mp3,True
14315,International,5,data/fma_small/014/014315.mp3,True
14316,International,5,data/fma_small/014/014316.mp3,True
14317,International,5,data/fma_small/014/014317.mp3,True
14318,International,5,data/fma_small/014/014318.mp3,True
14319,International,5,data/fma_small/014/014319.mp3,True
14320,International,5,data/fma_small/014/014320.mp3,True
14344,Electronic,0,data/fma_small/014/014344.mp3,True
14358,Hip-Hop,3,data/fma_small/014/014358.mp3,True
14363,Hip-Hop,3,data/fma_small/014/014363.mp3,True
14365,Hip-Hop,3,data/fma_small/014/014365.mp3,True
14386,Hip-Hop,3,data/fma_small/014/014386.mp3,True
14391,Hip-Hop,3,data/fma_small/014/014391.mp3,True
14538,Hip-Hop,3,data/fma_small/014/014538.mp3,True
14539,Hip-Hop,3,data/fma_small/014/014539.mp3,True
14541,Hip-Hop,3,data/fma_small/014/014541.mp3,True
14542,Hip-Hop,3,data/fma_small/014/014542.mp3,True
14568,Instrumental,4,data/fma_small/014/014568.mp3,True
14569,Instrumental,4,data/fma_small/014/014569.mp3,True
14570,Instrumental,4,data/fma_small/014/014570.mp3,True
14571,Instrumental,4,data/fma_small/014/014571.mp3,True
14572,Instrumental,4,data/fma_small/014/014572.mp3,True
14576,Instrumental,4,data/fma_small/014/014576.mp3,True
14577,Instrumental,4,data/fma_small/014/014577.mp3,True
14578,Instrumental,4,data/fma_small/014/014578.mp3,True
14579,Instrumental,4,data/fma_small/014/014579.mp3,True
14580,Instrumental,4,data/fma_small/014/014580.mp3,True
14581,Instrumental,4,data/fma_small/014/014581.mp3,True
14583,Instrumental,4,data/fma_small/014/014583.mp3,True
14584,Instrumental,4,data/fma_small/014/014584.mp3,True
14585,Instrumental,4,data/fma_small/014/014585.mp3,True
14586,Instrumental,4,data/fma_small/014/014586.mp3,True
14588,Instrumental,4,data/fma_small/014/014588.mp3,True
14589,Instrumental,4,data/fma_small/014/014589.mp3,True
14590,Instrumental,4,data/fma_small/014/014590.mp3,True
14601,International,5,data/fma_small/014/014601.mp3,True
14602,International,5,data/fma_small/014/014602.mp3,True
14603,International,5,data/fma_small/014/014603.mp3,True
14604,International,5,data/fma_small/014/014604.mp3,True
14653,Rock,7,data/fma_small/014/014653.mp3,True
14661,Folk,2,data/fma_small/014/014661.mp3,True
14663,Pop,6,data/fma_small/014/014663.mp3,True
14684,Folk,2,data/fma_small/014/014684.mp3,True
14690,Experimental,1,data/fma_small/014/014690.mp3,True
14693,Folk,2,data/fma_small/014/014693.mp3,True
14733,Rock,7,data/fma_small/014/014733.mp3,True
14734,Rock,7,data/fma_small/014/014734.mp3,True
14735,Rock,7,data/fma_small/014/014735.mp3,True
14736,Rock,7,data/fma_small/014/014736.mp3,True
14737,Rock,7,data/fma_small/014/014737.mp3,True
14738,Rock,7,data/fma_small/014/014738.mp3,True
14739,Rock,7,data/fma_small/014/014739.mp3,True
14740,Rock,7,data/fma_small/014/014740.mp3,True
14741,Rock,7,data/fma_small/014/014741.mp3,True
14742,Rock,7,data/fma_small/014/014742.mp3,True
14743,Rock,7,data/fma_small/014/014743.mp3,True
14744,Rock,7,data/fma_small/014/014744.mp3,True
14745,Rock,7,data/fma_small/014/014745.mp3,True
14809,Folk,2,data/fma_small/014/014809.mp3,True
14869,Electronic,0,data/fma_small/014/014869.mp3,True
15094,Experimental,1,data/fma_small/015/015094.mp3,True
15210,Hip-Hop,3,data/fma_small/015/015210.mp3,True
15464,Experimental,1,data/fma_small/015/015464.mp3,True
15469,Experimental,1,data/fma_small/015/015469.mp3,True
15471,Experimental,1,data/fma_small/015/015471.mp3,True
15475,Experimental,1,data/fma_small/015/015475.mp3,True
15476,Experimental,1,data/fma_small/015/015476.mp3,True
15487,International,5,data/fma_small/015/015487.mp3,True
15488,International,5,data/fma_small/015/015488.mp3,True
15540,Experimental,1,data/fma_small/015/015540.mp3,True
15541,Experimental,1,data/fma_small/015/015541.mp3,True
15542,Experimental,1,data/fma_small/015/015542.mp3,True
15543,Experimental,1,data/fma_small/015/015543.mp3,True
15625,Experimental,1,data/fma_small/015/015625.mp3,True
15769,Electronic,0,data/fma_small/015/015769.mp3,True
15770,Electronic,0,data/fma_small/015/015770.mp3,True
15771,Electronic,0,data/fma_small/015/015771.mp3,True
15772,Electronic,0,data/fma_small/015/015772.mp3,True
15773,Electronic,0,data/fma_small/015/015773.mp3,True
15880,International,5,data/fma_small/015/015880.mp3,True
16095,Pop,6,data/fma_small/016/016095.mp3,True
16155,Pop,6,data/fma_small/016/016155.mp3,True
16158,Pop,6,data/fma_small/016/016158.mp3,True
16162,Hip-Hop,3,data/fma_small/016/016162.mp3,True
16163,Pop,6,data/fma_small/016/016163.mp3,True
16334,International,5,data/fma_small/016/016334.mp3,True
16337,Pop,6,data/fma_small/016/016337.mp3,True
16338,Pop,6,data/fma_small/016/016338.mp3,True
16339,Pop,6,data/fma_small/016/016339.mp3,True
16340,Pop,6,data/fma_small/016/016340.mp3,True
16354,Rock,7,data/fma_small/016/016354.mp3,True
16743,International,5,data/fma_small/016/016743.mp3,True
16744,International,5,data/fma_small/016/016744.mp3,True
16745,International,5,data/fma_small/016/016745.mp3,True
16747,International,5,data/fma_small/016/016747.mp3,True
16819,Rock,7,data/fma_small/016/016819.mp3,True
16820,Rock,7,data/fma_small/016/016820.mp3,True
16821,Rock,7,data/fma_small/016/016821.mp3,True
16822,Rock,7,data/fma_small/016/016822.mp3,True
16878,Hip-Hop,3,data/fma_small/016/016878.mp3,True
16879,Hip-Hop,3,data/fma_small/016/016879.mp3,True
16880,Hip-Hop,3,data/fma_small/016/016880.mp3,True
16895,Pop,6,data/fma_small/016/016895.mp3,True
16994,Rock,7,data/fma_small/016/016994.mp3,True
16995,Rock,7,data/fma_small/016/016995.mp3,True
16997,Rock,7,data/fma_small/016/016997.mp3,True
17132,Folk,2,data/fma_small/017/017132.mp3,True
17344,Pop,6,data/fma_small/017/017344.mp3,True
17345,Pop,6,data/fma_small/017/017345.mp3,True
17462,Rock,7,data/fma_small/017/017462.mp3,True
17491,Hip-Hop,3,data/fma_small/017/017491.mp3,True
17496,Hip-Hop,3,data/fma_small/017/017496.mp3,True
17499,Hip-Hop,3,data/fma_small/017/017499.mp3,True
17500,Hip-Hop,3,data/fma_small/017/017500.mp3,True
17573,Experimental,1,data/fma_small/017/017573.mp3,True
17588,Electronic,0,data/fma_small/017/017588.mp3,True
17605,International,5,data/fma_small/017/017605.mp3,True
17606,International,5,data/fma_small/017/017606.mp3,True
17607,International,5,data/fma_small/017/017607.mp3,True
17608,International,5,data/fma_small/017/017608.mp3,True
17609,International,5,data/fma_small/017/017609.mp3,True
17610,International,5,data/fma_small/017/017610.mp3,True
17611,International,5,data/fma_small/017/017611.mp3,True
17631,International,5,data/fma_small/017/017631.mp3,True
17632,International,5,data/fma_small/017/017632.mp3,True
17633,International,5,data/fma_small/017/017633.mp3,True
17634,International,5,data/fma_small/017/017634.mp3,True
17635,International,5,data/fma_small/017/017635.mp3,True
17636,International,5,data/fma_small/017/017636.mp3,True
17637,International,5,data/fma_small/017/017637.mp3,True
17644,Experimental,1,data/fma_small/017/017644.mp3,True
17735,Rock,7,data/fma_small/017/017735.mp3,True
17782,Hip-Hop,3,data/fma_small/017/017782.mp3,True
17884,Electronic,0,data/fma_small/017/017884.mp3,True
17906,Pop,6,data/fma_small/017/017906.mp3,True
18031,International,5,data/fma_small/018/018031.mp3,True
18032,International,5,data/fma_small/018/018032.mp3,True
18033,International,5,data/fma_small/018/018033.mp3,True
18034,International,5,data/fma_small/018/018034.mp3,True
18037,International,5,data/fma_small/018/018037.mp3,True
18038,International,5,data/fma_small/018/018038.mp3,True
18039,International,5,data/fma_small/018/018039.mp3,True
18043,International,5,data/fma_small/018/018043.mp3,True
18044,International,5,data/fma_small/018/018044.mp3,True
18112,Experimental,1,data/fma_small/018/018112.mp3,True
18124,Experimental,1,data/fma_small/018/018124.mp3,True
18144,Pop,6,data/fma_small/018/018144.mp3,True
18145,Pop,6,data/fma_small/018/018145.mp3,True
18146,Pop,6,data/fma_small/018/018146.mp3,True
18159,Folk,2,data/fma_small/018/018159.mp3,True
18197,Rock,7,data/fma_small/018/018197.mp3,True
18350,Folk,2,data/fma_small/018/018350.mp3,True
18607,Rock,7,data/fma_small/018/018607.mp3,True
18611,Rock,7,data/fma_small/018/018611.mp3,True
18876,Experimental,1,data/fma_small/018/018876.mp3,True
18877,Experimental,1,data/fma_small/018/018877.mp3,True
18887,Rock,7,data/fma_small/018/018887.mp3,True
19073,Pop,6,data/fma_small/019/019073.mp3,True
19074,Pop,6,data/fma_small/019/019074.mp3,True
19179,Rock,7,data/fma_small/019/019179.mp3,True
19184,Rock,7,data/fma_small/019/019184.mp3,True
19187,Rock,7,data/fma_small/019/019187.mp3,True
19192,Experimental,1,data/fma_small/019/019192.mp3,True
19412,Pop,6,data/fma_small/019/019412.mp3,True
19413,Pop,6,data/fma_small/019/019413.mp3,True
19415,Pop,6,data/fma_small/019/019415.mp3,True
19416,Pop,6,data/fma_small/019/019416.mp3,True
19417,Pop,6,data/fma_small/019/019417.mp3,True
19418,Pop,6,data/fma_small/019/019418.mp3,True
19420,Pop,6,data/fma_small/019/019420.mp3,True
19422,Pop,6,data/fma_small/019/019422.mp3,True
19423,Pop,6,data/fma_small/019/019423.mp3,True
19425,Pop,6,data/fma_small/019/019425.mp3,True
19438,Hip-Hop,3,data/fma_small/019/019438.mp3,True
19439,Hip-Hop,3,data/fma_small/019/019439.mp3,True
19441,Pop,6,data/fma_small/019/019441.mp3,True
19442,Pop,6,data/fma_small/019/019442.mp3,True
19459,International,5,data/fma_small/019/019459.mp3,True
19673,International,5,data/fma_small/019/019673.mp3,True
19674,International,5,data/fma_small/019/019674.mp3,True
19685,Rock,7,data/fma_small/019/019685.mp3,True
19689,Pop,6,data/fma_small/019/019689.mp3,True
19707,Folk,2,data/fma_small/019/019707.mp3,True
19708,Folk,2,data/fma_small/019/019708.mp3,True
19729,Hip-Hop,3,data/fma_small/019/019729.mp3,True
19758,Pop,6,data/fma_small/019/019758.mp3,True
19759,Pop,6,data/fma_small/019/019759.mp3,True
19760,Pop,6,data/fma_small/019/019760.mp3,True
19889,International,5,data/fma_small/019/019889.mp3,True
19890,International,5,data/fma_small/019/019890.mp3,True
19891,International,5,data/fma_small/019/019891.mp3,True
20050,Rock,7,data/fma_small/020/020050.mp3,True
20296,Experimental,1,data/fma_small/020/020296.mp3,True
20361,Instrumental,4,data/fma_small/020/020361.mp3,True
20362,Instrumental,4,data/fma_small/020/020362.mp3,True
20364,Instrumental,4,data/fma_small/020/020364.mp3,True
20365,Instrumental,4,data/fma_small/020/020365.mp3,True
20366,Instrumental,4,data/fma_small/020/020366.mp3,True
20369,Instrumental,4,data/fma_small/020/020369.mp3,True
20372,Instrumental,4,data/fma_small/020/020372.mp3,True
20373,Instrumental,4,data/fma_small/020/020373.mp3,True
20374,Instrumental,4,data/fma_small/020/020374.mp3,True
20375,Instrumental,4,data/fma_small/020/020375.mp3,True
20376,Instrumental,4,data/fma_small/020/020376.mp3,True
20424,Experimental,1,data/fma_small/020/020424.mp3,True
20432,International,5,data/fma_small/020/020432.mp3,True
20469,Hip-Hop,3,data/fma_small/020/020469.mp3,True
20667,Electronic,0,data/fma_small/020/020667.mp3,True
20704,Pop,6,data/fma_small/020/020704.mp3,True
20818,Experimental,1,data/fma_small/020/020818.mp3,True
21058,Experimental,1,data/fma_small/021/021058.mp3,True
21085,Electronic,0,data/fma_small/021/021085.mp3,True
21087,Folk,2,data/fma_small/021/021087.mp3,True
21167,Electronic,0,data/fma_small/021/021167.mp3,True
21228,Hip-Hop,3,data/fma_small/021/021228.mp3,True
21231,Pop,6,data/fma_small/021/021231.mp3,True
21232,Pop,6,data/fma_small/021/021232.mp3,True
21400,Pop,6,data/fma_small/021/021400.mp3,True
21401,Pop,6,data/fma_small/021/021401.mp3,True
21402,Pop,6,data/fma_small/021/021402.mp3,True
21403,Pop,6,data/fma_small/021/021403.mp3,True
21404,Pop,6,data/fma_small/021/021404.mp3,True
21409,Pop,6,data/fma_small/021/021409.mp3,True
21422,Electronic,0,data/fma_small/021/021422.mp3,True
21565,Pop,6,data/fma_small/021/021565.mp3,True
21587,Pop,6,data/fma_small/021/021587.mp3,True
21657,Pop,6,data/fma_small/021/021657.mp3,True
21672,Pop,6,data/fma_small/021/021672.mp3,True
21676,Pop,6,data/fma_small/021/021676.mp3,True
21677,Pop,6,data/fma_small/021/021677.mp3,True
21707,Folk,2,data/fma_small/021/021707.mp3,True
21774,Experimental,1,data/fma_small/021/021774.mp3,True
21842,Electronic,0,data/fma_small/021/021842.mp3,True
21859,Rock,7,data/fma_small/021/021859.mp3,True
21860,Rock,7,data/fma_small/021/021860.mp3,True
21891,Electronic,0,data/fma_small/021/021891.mp3,True
21895,Electronic,0,data/fma_small/021/021895.mp3,True
21995,Pop,6,data/fma_small/021/021995.mp3,True
21996,Pop,6,data/fma_small/021/021996.mp3,True
21997,Pop,6,data/fma_small/021/021997.mp3,True
21998,Pop,6,data/fma_small/021/021998.mp3,True
21999,Pop,6,data/fma_small/021/021999.mp3,True
22000,Pop,6,data/fma_small/022/022000.mp3,True
22001,Pop,6,data/fma_small/022/022001.mp3,True
22088,Hip-Hop,3,data/fma_small/022/022088.mp3,True
22091,Hip-Hop,3,data/fma_small/022/022091.mp3,True
22093,Rock,7,data/fma_small/022/022093.mp3,True
22094,Hip-Hop,3,data/fma_small/022/022094.mp3,True
22095,Electronic,0,data/fma_small/022/022095.mp3,True
22097,Pop,6,data/fma_small/022/022097.mp3,True
22150,Experimental,1,data/fma_small/022/022150.mp3,True
22295,Hip-Hop,3,data/fma_small/022/022295.mp3,True
22296,Hip-Hop,3,data/fma_small/022/022296.mp3,True
22315,International,5,data/fma_small/022/022315.mp3,True
22348,Pop,6,data/fma_small/022/022348.mp3,True
22472,Pop,6,data/fma_small/022/022472.mp3,True
22473,Pop,6,data/fma_small/022/022473.mp3,True
22474,Pop,6,data/fma_small/022/022474.mp3,True
22475,Pop,6,data/fma_small/022/022475.mp3,True
22476,Pop,6,data/fma_small/022/022476.mp3,True
22477,Pop,6,data/fma_small/022/022477.mp3,True
22478,Pop,6,data/fma_small/022/022478.mp3,True
22479,Pop,6,data/fma_small/022/022479.mp3,True
22480,Pop,6,data/fma_small/022/022480.mp3,True
22481,Pop,6,data/fma_small/022/022481.mp3,True
23010,Electronic,0,data/fma_small/023/023010.mp3,True
23013,Electronic,0,data/fma_small/023/023013.mp3,True
23014,Folk,2,data/fma_small/023/023014.mp3,True
23015,Folk,2,data/fma_small/023/023015.mp3,True
23016,Electronic,0,data/fma_small/023/023016.mp3,True
23037,Rock,7,data/fma_small/023/023037.mp3,True
23039,Pop,6,data/fma_small/023/023039.mp3,True
23041,Rock,7,data/fma_small/023/023041.mp3,True
23063,Experimental,1,data/fma_small/023/023063.mp3,True
23155,International,5,data/fma_small/023/023155.mp3,True
23156,International,5,data/fma_small/023/023156.mp3,True
23172,Rock,7,data/fma_small/023/023172.mp3,True
23329,Experimental,1,data/fma_small/023/023329.mp3,True
23353,Electronic,0,data/fma_small/023/023353.mp3,True
23355,Electronic,0,data/fma_small/023/023355.mp3,True
23371,Folk,2,data/fma_small/023/023371.mp3,True
23372,Electronic,0,data/fma_small/023/023372.mp3,True
23505,Electronic,0,data/fma_small/023/023505.mp3,True
23862,Electronic,0,data/fma_small/023/023862.mp3,True
24216,Experimental,1,data/fma_small/024/024216.mp3,True
24217,Experimental,1,data/fma_small/024/024217.mp3,True
24218,Experimental,1,data/fma_small/024/024218.mp3,True
24362,International,5,data/fma_small/024/024362.mp3,True
24363,International,5,data/fma_small/024/024363.mp3,True
24364,International,5,data/fma_small/024/024364.mp3,True
24365,International,5,data/fma_small/024/024365.mp3,True
24366,International,5,data/fma_small/024/024366.mp3,True
24367,International,5,data/fma_small/024/024367.mp3,True
24368,International,5,data/fma_small/024/024368.mp3,True
24369,International,5,data/fma_small/024/024369.mp3,True
24370,International,5,data/fma_small/024/024370.mp3,True
24371,International,5,data/fma_small/024/024371.mp3,True
24418,Hip-Hop,3,data/fma_small/024/024418.mp3,True
24420,Hip-Hop,3,data/fma_small/024/024420.mp3,True
24421,Hip-Hop,3,data/fma_small/024/024421.mp3,True
24422,Hip-Hop,3,data/fma_small/024/024422.mp3,True
24423,Hip-Hop,3,data/fma_small/024/024423.mp3,True
24424,Hip-Hop,3,data/fma_small/024/024424.mp3,True
24425,Hip-Hop,3,data/fma_small/024/024425.mp3,True
24426,Hip-Hop,3,data/fma_small/024/024426.mp3,True
24427,Hip-Hop,3,data/fma_small/024/024427.mp3,True
24428,Hip-Hop,3,data/fma_small/024/024428.mp3,True
24429,Hip-Hop,3,data/fma_small/024/024429.mp3,True
24430,Hip-Hop,3,data/fma_small/024/024430.mp3,True
24431,Hip-Hop,3,data/fma_small/024/024431.mp3,True
24432,Hip-Hop,3,data/fma_small/024/024432.mp3,True
24512,Experimental,1,data/fma_small/024/024512.mp3,True
24515,Experimental,1,data/fma_small/024/024515.mp3,True
24521,Experimental,1,data/fma_small/024/024521.mp3,True
24524,Experimental,1,data/fma_small/024/024524.mp3,True
24698,International,5,data/fma_small/024/024698.mp3,True
24699,International,5,data/fma_small/024/024699.mp3,True
24700,International,5,data/fma_small/024/024700.mp3,True
24701,International,5,data/fma_small/024/024701.mp3,True
24702,International,5,data/fma_small/024/024702.mp3,True
24717,International,5,data/fma_small/024/024717.mp3,True
24720,International,5,data/fma_small/024/024720.mp3,True
24739,International,5,data/fma_small/024/024739.mp3,True
24741,International,5,data/fma_small/024/024741.mp3,True
24742,International,5,data/fma_small/024/024742.mp3,True
24745,International,5,data/fma_small/024/024745.mp3,True
24746,International,5,data/fma_small/024/024746.mp3,True
24747,International,5,data/fma_small/024/024747.mp3,True
24748,International,5,data/fma_small/024/024748.mp3,True
24749,International,5,data/fma_small/024/024749.mp3,True
24842,International,5,data/fma_small/024/024842.mp3,True
24898,Experimental,1,data/fma_small/024/024898.mp3,True
24899,Experimental,1,data/fma_small/024/024899.mp3,True
24901,Experimental,1,data/fma_small/024/024901.mp3,True
24912,Experimental,1,data/fma_small/024/024912.mp3,True
24915,Experimental,1,data/fma_small/024/024915.mp3,True
24917,Experimental,1,data/fma_small/024/024917.mp3,True
24963,Experimental,1,data/fma_small/024/024963.mp3,True
24975,Experimental,1,data/fma_small/024/024975.mp3,True
24983,Experimental,1,data/fma_small/024/024983.mp3,True
25028,International,5,data/fma_small/025/025028.mp3,True
25029,International,5,data/fma_small/025/025029.mp3,True
25030,International,5,data/fma_small/025/025030.mp3,True
25031,International,5,data/fma_small/025/025031.mp3,True
25032,International,5,data/fma_small/025/025032.mp3,True
25033,International,5,data/fma_small/025/025033.mp3,True
25055,Pop,6,data/fma_small/025/025055.mp3,True
25063,Experimental,1,data/fma_small/025/025063.mp3,True
25066,Electronic,0,data/fma_small/025/025066.mp3,True
25104,Pop,6,data/fma_small/025/025104.mp3,True
25124,Pop,6,data/fma_small/025/025124.mp3,True
25215,International,5,data/fma_small/025/025215.mp3,True
25216,International,5,data/fma_small/025/025216.mp3,True
25227,International,5,data/fma_small/025/025227.mp3,True
25232,International,5,data/fma_small/025/025232.mp3,True
25233,International,5,data/fma_small/025/025233.mp3,True
25234,International,5,data/fma_small/025/025234.mp3,True
25235,International,5,data/fma_small/025/025235.mp3,True
25324,Experimental,1,data/fma_small/025/025324.mp3,True
25378,Electronic,0,data/fma_small/025/025378.mp3,True
25601,International,5,data/fma_small/025/025601.mp3,True
25603,International,5,data/fma_small/025/025603.mp3,True
25605,International,5,data/fma_small/025/025605.mp3,True
25606,International,5,data/fma_small/025/025606.mp3,True
25608,International,5,data/fma_small/025/025608.mp3,True
25609,International,5,data/fma_small/025/025609.mp3,True
25668,International,5,data/fma_small/025/025668.mp3,True
25669,International,5,data/fma_small/025/025669.mp3,True
25670,International,5,data/fma_small/025/025670.mp3,True
25795,International,5,data/fma_small/025/025795.mp3,True
25796,International,5,data/fma_small/025/025796.mp3,True
25797,International,5,data/fma_small/025/025797.mp3,True
25802,International,5,data/fma_small/025/025802.mp3,True
25804,International,5,data/fma_small/025/025804.mp3,True
26007,Hip-Hop,3,data/fma_small/026/026007.mp3,True
26008,Hip-Hop,3,data/fma_small/026/026008.mp3,True
26010,Hip-Hop,3,data/fma_small/026/026010.mp3,True
26011,Hip-Hop,3,data/fma_small/026/026011.mp3,True
26012,Hip-Hop,3,data/fma_small/026/026012.mp3,True
26013,Hip-Hop,3,data/fma_small/026/026013.mp3,True
26014,Hip-Hop,3,data/fma_small/026/026014.mp3,True
26016,Hip-Hop,3,data/fma_small/026/026016.mp3,True
26017,Hip-Hop,3,data/fma_small/026/026017.mp3,True
26020,Hip-Hop,3,data/fma_small/026/026020.mp3,True
26021,Hip-Hop,3,data/fma_small/026/026021.mp3,True
26022,Hip-Hop,3,data/fma_small/026/026022.mp3,True
26025,Hip-Hop,3,data/fma_small/026/026025.mp3,True
26026,Hip-Hop,3,data/fma_small/026/026026.mp3,True
26034,Hip-Hop,3,data/fma_small/026/026034.mp3,True
26035,Hip-Hop,3,data/fma_small/026/026035.mp3,True
26036,Hip-Hop,3,data/fma_small/026/026036.mp3,True
26169,Pop,6,data/fma_small/026/026169.mp3,True
26174,Pop,6,data/fma_small/026/026174.mp3,True
26298,Pop,6,data/fma_small/026/026298.mp3,True
26301,Experimental,1,data/fma_small/026/026301.mp3,True
26302,Folk,2,data/fma_small/026/026302.mp3,True
26307,Experimental,1,data/fma_small/026/026307.mp3,True
26322,Experimental,1,data/fma_small/026/026322.mp3,True
26464,Folk,2,data/fma_small/026/026464.mp3,True
26465,Folk,2,data/fma_small/026/026465.mp3,True
26466,Folk,2,data/fma_small/026/026466.mp3,True
26583,Experimental,1,data/fma_small/026/026583.mp3,True
26600,Experimental,1,data/fma_small/026/026600.mp3,True
26605,Experimental,1,data/fma_small/026/026605.mp3,True
26629,Electronic,0,data/fma_small/026/026629.mp3,True
26638,Rock,7,data/fma_small/026/026638.mp3,True
26639,Rock,7,data/fma_small/026/026639.mp3,True
26640,Rock,7,data/fma_small/026/026640.mp3,True
26641,Rock,7,data/fma_small/026/026641.mp3,True
26642,Rock,7,data/fma_small/026/026642.mp3,True
26643,Rock,7,data/fma_small/026/026643.mp3,True
26651,Electronic,0,data/fma_small/026/026651.mp3,True
26652,Electronic,0,data/fma_small/026/026652.mp3,True
26653,Electronic,0,data/fma_small/026/026653.mp3,True
26654,Electronic,0,data/fma_small/026/026654.mp3,True
26655,Electronic,0,data/fma_small/026/026655.mp3,True
26656,Electronic,0,data/fma_small/026/026656.mp3,True
26657,Electronic,0,data/fma_small/026/026657.mp3,True
26658,Electronic,0,data/fma_small/026/026658.mp3,True
26659,Electronic,0,data/fma_small/026/026659.mp3,True
26674,Rock,7,data/fma_small/026/026674.mp3,True
26681,Rock,7,data/fma_small/026/026681.mp3,True
26754,Pop,6,data/fma_small/026/026754.mp3,True
26765,Pop,6,data/fma_small/026/026765.mp3,True
26859,Electronic,0,data/fma_small/026/026859.mp3,True
26861,Electronic,0,data/fma_small/026/026861.mp3,True
26902,Electronic,0,data/fma_small/026/026902.mp3,True
26904,Electronic,0,data/fma_small/026/026904.mp3,True
26905,Electronic,0,data/fma_small/026/026905.mp3,True
26906,Electronic,0,data/fma_small/026/026906.mp3,True
27164,Pop,6,data/fma_small/027/027164.mp3,True
27177,Electronic,0,data/fma_small/027/027177.mp3,True
27194,International,5,data/fma_small/027/027194.mp3,True
27195,International,5,data/fma_small/027/027195.mp3,True
27197,International,5,data/fma_small/027/027197.mp3,True
27198,International,5,data/fma_small/027/027198.mp3,True
27258,Folk,2,data/fma_small/027/027258.mp3,True
27406,Electronic,0,data/fma_small/027/027406.mp3,True
27454,Experimental,1,data/fma_small/027/027454.mp3,True
27455,Experimental,1,data/fma_small/027/027455.mp3,True
27456,Experimental,1,data/fma_small/027/027456.mp3,True
27547,Pop,6,data/fma_small/027/027547.mp3,True
27548,Pop,6,data/fma_small/027/027548.mp3,True
27549,Pop,6,data/fma_small/027/027549.mp3,True
27550,Pop,6,data/fma_small/027/027550.mp3,True
27551,Pop,6,data/fma_small/027/027551.mp3,True
27552,Pop,6,data/fma_small/027/027552.mp3,True
27609,International,5,data/fma_small/027/027609.mp3,True
27610,International,5,data/fma_small/027/027610.mp3,True
27611,International,5,data/fma_small/027/027611.mp3,True
27612,International,5,data/fma_small/027/027612.mp3,True
27613,International,5,data/fma_small/027/027613.mp3,True
27667,Electronic,0,data/fma_small/027/027667.mp3,True
27673,Electronic,0,data/fma_small/027/027673.mp3,True
27797,Pop,6,data/fma_small/027/027797.mp3,True
27798,Electronic,0,data/fma_small/027/027798.mp3,True
27799,Hip-Hop,3,data/fma_small/027/027799.mp3,True
27802,Pop,6,data/fma_small/027/027802.mp3,True
27803,Experimental,1,data/fma_small/027/027803.mp3,True
27804,Folk,2,data/fma_small/027/027804.mp3,True
27805,Pop,6,data/fma_small/027/027805.mp3,True
27855,Folk,2,data/fma_small/027/027855.mp3,True
27856,Folk,2,data/fma_small/027/027856.mp3,True
27866,Experimental,1,data/fma_small/027/027866.mp3,True
27945,Experimental,1,data/fma_small/027/027945.mp3,True
27953,International,5,data/fma_small/027/027953.mp3,True
27975,International,5,data/fma_small/027/027975.mp3,True
27978,International,5,data/fma_small/027/027978.mp3,True
27981,International,5,data/fma_small/027/027981.mp3,True
27987,International,5,data/fma_small/027/027987.mp3,True
28070,Rock,7,data/fma_small/028/028070.mp3,True
28072,Rock,7,data/fma_small/028/028072.mp3,True
28179,Electronic,0,data/fma_small/028/028179.mp3,True
28241,Experimental,1,data/fma_small/028/028241.mp3,True
28260,Rock,7,data/fma_small/028/028260.mp3,True
28266,Rock,7,data/fma_small/028/028266.mp3,True
28274,Rock,7,data/fma_small/028/028274.mp3,True
28375,Experimental,1,data/fma_small/028/028375.mp3,True
28376,Experimental,1,data/fma_small/028/028376.mp3,True
28477,Pop,6,data/fma_small/028/028477.mp3,True
28478,Pop,6,data/fma_small/028/028478.mp3,True
28479,Pop,6,data/fma_small/028/028479.mp3,True
28480,Pop,6,data/fma_small/028/028480.mp3,True
28481,Pop,6,data/fma_small/028/028481.mp3,True
28482,Pop,6,data/fma_small/028/028482.mp3,True
28483,Pop,6,data/fma_small/028/028483.mp3,True
28484,Pop,6,data/fma_small/028/028484.mp3,True
28485,Pop,6,data/fma_small/028/028485.mp3,True
28546,Electronic,0,data/fma_small/028/028546.mp3,True
28548,Electronic,0,data/fma_small/028/028548.mp3,True
28553,Electronic,0,data/fma_small/028/028553.mp3,True
28571,Experimental,1,data/fma_small/028/028571.mp3,True
28608,Pop,6,data/fma_small/028/028608.mp3,True
28692,Rock,7,data/fma_small/028/028692.mp3,True
28802,Pop,6,data/fma_small/028/028802.mp3,True
29037,Electronic,0,data/fma_small/029/029037.mp3,True
29039,Electronic,0,data/fma_small/029/029039.mp3,True
29040,Electronic,0,data/fma_small/029/029040.mp3,True
29041,Electronic,0,data/fma_small/029/029041.mp3,True
29042,Electronic,0,data/fma_small/029/029042.mp3,True
29043,Electronic,0,data/fma_small/029/029043.mp3,True
29044,Electronic,0,data/fma_small/029/029044.mp3,True
29045,Pop,6,data/fma_small/029/029045.mp3,True
29128,Pop,6,data/fma_small/029/029128.mp3,True
29180,Pop,6,data/fma_small/029/029180.mp3,True
29243,Pop,6,data/fma_small/029/029243.mp3,True
29245,Pop,6,data/fma_small/029/029245.mp3,True
29255,Pop,6,data/fma_small/029/029255.mp3,True
29271,Pop,6,data/fma_small/029/029271.mp3,True
29272,Experimental,1,data/fma_small/029/029272.mp3,True
29350,International,5,data/fma_small/029/029350.mp3,True
29351,International,5,data/fma_small/029/029351.mp3,True
29355,International,5,data/fma_small/029/029355.mp3,True
29465,Experimental,1,data/fma_small/029/029465.mp3,True
29480,Folk,2,data/fma_small/029/029480.mp3,True
29526,Electronic,0,data/fma_small/029/029526.mp3,True
29528,Electronic,0,data/fma_small/029/029528.mp3,True
29530,Electronic,0,data/fma_small/029/029530.mp3,True
29587,Hip-Hop,3,data/fma_small/029/029587.mp3,True
29602,Hip-Hop,3,data/fma_small/029/029602.mp3,True
29673,Electronic,0,data/fma_small/029/029673.mp3,True
29718,Hip-Hop,3,data/fma_small/029/029718.mp3,True
29719,Hip-Hop,3,data/fma_small/029/029719.mp3,True
29720,Hip-Hop,3,data/fma_small/029/029720.mp3,True
29721,Hip-Hop,3,data/fma_small/029/029721.mp3,True
29738,Experimental,1,data/fma_small/029/029738.mp3,True
29739,Experimental,1,data/fma_small/029/029739.mp3,True
29740,Experimental,1,data/fma_small/029/029740.mp3,True
29741,Experimental,1,data/fma_small/029/029741.mp3,True
29742,Experimental,1,data/fma_small/029/029742.mp3,True
29744,Experimental,1,data/fma_small/029/029744.mp3,True
29745,Experimental,1,data/fma_small/029/029745.mp3,True
29746,Experimental,1,data/fma_small/029/029746.mp3,True
29747,Experimental,1,data/fma_small/029/029747.mp3,True
29750,Experimental,1,data/fma_small/029/029750.mp3,True
29752,Experimental,1,data/fma_small/029/029752.mp3,True
29807,Rock,7,data/fma_small/029/029807.mp3,True
29813,Rock,7,data/fma_small/029/029813.mp3,True
29816,Electronic,0,data/fma_small/029/029816.mp3,True
29961,Hip-Hop,3,data/fma_small/029/029961.mp3,True
29971,Folk,2,data/fma_small/029/029971.mp3,True
30041,Hip-Hop,3,data/fma_small/030/030041.mp3,True
30043,Hip-Hop,3,data/fma_small/030/030043.mp3,True
30050,Hip-Hop,3,data/fma_small/030/030050.mp3,True
30056,Hip-Hop,3,data/fma_small/030/030056.mp3,True
30058,Hip-Hop,3,data/fma_small/030/030058.mp3,True
30059,Hip-Hop,3,data/fma_small/030/030059.mp3,True
30090,Experimental,1,data/fma_small/030/030090.mp3,True
30095,Experimental,1,data/fma_small/030/030095.mp3,True
30120,Experimental,1,data/fma_small/030/030120.mp3,True
30196,Instrumental,4,data/fma_small/030/030196.mp3,True
30198,Experimental,1,data/fma_small/030/030198.mp3,True
30230,Hip-Hop,3,data/fma_small/030/030230.mp3,True
30316,Experimental,1,data/fma_small/030/030316.mp3,True
30486,Pop,6,data/fma_small/030/030486.mp3,True
30487,Pop,6,data/fma_small/030/030487.mp3,True
30488,Pop,6,data/fma_small/030/030488.mp3,True
30519,Electronic,0,data/fma_small/030/030519.mp3,True
30520,Electronic,0,data/fma_small/030/030520.mp3,True
30521,Electronic,0,data/fma_small/030/030521.mp3,True
30522,Electronic,0,data/fma_small/030/030522.mp3,True
30636,Experimental,1,data/fma_small/030/030636.mp3,True
30682,Experimental,1,data/fma_small/030/030682.mp3,True
30690,Experimental,1,data/fma_small/030/030690.mp3,True
30702,Experimental,1,data/fma_small/030/030702.mp3,True
30740,Experimental,1,data/fma_small/030/030740.mp3,True
30895,Electronic,0,data/fma_small/030/030895.mp3,True
31040,Electronic,0,data/fma_small/031/031040.mp3,True
31041,Electronic,0,data/fma_small/031/031041.mp3,True
31042,Electronic,0,data/fma_small/031/031042.mp3,True
31043,Electronic,0,data/fma_small/031/031043.mp3,True
31044,Electronic,0,data/fma_small/031/031044.mp3,True
31165,International,5,data/fma_small/031/031165.mp3,True
31356,Folk,2,data/fma_small/031/031356.mp3,True
31389,Folk,2,data/fma_small/031/031389.mp3,True
31390,Folk,2,data/fma_small/031/031390.mp3,True
31391,Folk,2,data/fma_small/031/031391.mp3,True
31392,Folk,2,data/fma_small/031/031392.mp3,True
31568,Electronic,0,data/fma_small/031/031568.mp3,True
31807,Folk,2,data/fma_small/031/031807.mp3,True
31887,International,5,data/fma_small/031/031887.mp3,True
31888,International,5,data/fma_small/031/031888.mp3,True
31889,International,5,data/fma_small/031/031889.mp3,True
31999,Rock,7,data/fma_small/031/031999.mp3,True
32001,Rock,7,data/fma_small/032/032001.mp3,True
32021,Rock,7,data/fma_small/032/032021.mp3,True
32075,Rock,7,data/fma_small/032/032075.mp3,True
32081,Rock,7,data/fma_small/032/032081.mp3,True
32218,Electronic,0,data/fma_small/032/032218.mp3,True
32325,Pop,6,data/fma_small/032/032325.mp3,True
32326,Pop,6,data/fma_small/032/032326.mp3,True
32327,Pop,6,data/fma_small/032/032327.mp3,True
32328,Pop,6,data/fma_small/032/032328.mp3,True
32329,Pop,6,data/fma_small/032/032329.mp3,True
32330,Pop,6,data/fma_small/032/032330.mp3,True
32331,Pop,6,data/fma_small/032/032331.mp3,True
32332,Pop,6,data/fma_small/032/032332.mp3,True
32333,Pop,6,data/fma_small/032/032333.mp3,True
32334,Pop,6,data/fma_small/032/032334.mp3,True
32335,Pop,6,data/fma_small/032/032335.mp3,True
32336,Pop,6,data/fma_small/032/032336.mp3,True
32337,Pop,6,data/fma_small/032/032337.mp3,True
32338,Pop,6,data/fma_small/032/032338.mp3,True
32339,Pop,6,data/fma_small/032/032339.mp3,True
32340,Pop,6,data/fma_small/032/032340.mp3,True
32433,Electronic,0,data/fma_small/032/032433.mp3,True
32435,Electronic,0,data/fma_small/032/032435.mp3,True
32437,Electronic,0,data/fma_small/032/032437.mp3,True
32438,Electronic,0,data/fma_small/032/032438.mp3,True
32439,Electronic,0,data/fma_small/032/032439.mp3,True
32525,Pop,6,data/fma_small/032/032525.mp3,True
32686,Hip-Hop,3,data/fma_small/032/032686.mp3,True
32687,Hip-Hop,3,data/fma_small/032/032687.mp3,True
32689,Hip-Hop,3,data/fma_small/032/032689.mp3,True
32693,Hip-Hop,3,data/fma_small/032/032693.mp3,True
32694,Hip-Hop,3,data/fma_small/032/032694.mp3,True
32695,Hip-Hop,3,data/fma_small/032/032695.mp3,True
32755,Hip-Hop,3,data/fma_small/032/032755.mp3,True
32756,Folk,2,data/fma_small/032/032756.mp3,True
32759,Pop,6,data/fma_small/032/032759.mp3,True
32760,Pop,6,data/fma_small/032/032760.mp3,True
32800,Folk,2,data/fma_small/032/032800.mp3,True
32882,Hip-Hop,3,data/fma_small/032/032882.mp3,True
33020,Rock,7,data/fma_small/033/033020.mp3,True
33049,Folk,2,data/fma_small/033/033049.mp3,True
33050,Folk,2,data/fma_small/033/033050.mp3,True
33064,Electronic,0,data/fma_small/033/033064.mp3,True
33067,International,5,data/fma_small/033/033067.mp3,True
33068,International,5,data/fma_small/033/033068.mp3,True
33069,International,5,data/fma_small/033/033069.mp3,True
33070,International,5,data/fma_small/033/033070.mp3,True
33071,International,5,data/fma_small/033/033071.mp3,True
33072,International,5,data/fma_small/033/033072.mp3,True
33123,Electronic,0,data/fma_small/033/033123.mp3,True
33124,Electronic,0,data/fma_small/033/033124.mp3,True
33203,Electronic,0,data/fma_small/033/033203.mp3,True
33216,Electronic,0,data/fma_small/033/033216.mp3,True
33221,Electronic,0,data/fma_small/033/033221.mp3,True
33278,Experimental,1,data/fma_small/033/033278.mp3,True
33415,International,5,data/fma_small/033/033415.mp3,True
33422,International,5,data/fma_small/033/033422.mp3,True
33424,International,5,data/fma_small/033/033424.mp3,True
33426,International,5,data/fma_small/033/033426.mp3,True
33446,Folk,2,data/fma_small/033/033446.mp3,True
33459,Rock,7,data/fma_small/033/033459.mp3,True
33460,Rock,7,data/fma_small/033/033460.mp3,True
33461,Rock,7,data/fma_small/033/033461.mp3,True
33465,Rock,7,data/fma_small/033/033465.mp3,True
33477,Experimental,1,data/fma_small/033/033477.mp3,True
33486,Experimental,1,data/fma_small/033/033486.mp3,True
33538,Rock,7,data/fma_small/033/033538.mp3,True
33992,Rock,7,data/fma_small/033/033992.mp3,True
34003,Experimental,1,data/fma_small/034/034003.mp3,True
34147,Folk,2,data/fma_small/034/034147.mp3,True
34167,Hip-Hop,3,data/fma_small/034/034167.mp3,True
34257,Experimental,1,data/fma_small/034/034257.mp3,True
34258,Experimental,1,data/fma_small/034/034258.mp3,True
34263,Experimental,1,data/fma_small/034/034263.mp3,True
34484,Folk,2,data/fma_small/034/034484.mp3,True
34510,Experimental,1,data/fma_small/034/034510.mp3,True
34511,Pop,6,data/fma_small/034/034511.mp3,True
34994,Experimental,1,data/fma_small/034/034994.mp3,True
34996,Experimental,1,data/fma_small/034/034996.mp3,True
35007,Experimental,1,data/fma_small/035/035007.mp3,True
35008,Experimental,1,data/fma_small/035/035008.mp3,True
35182,Pop,6,data/fma_small/035/035182.mp3,True
35184,Pop,6,data/fma_small/035/035184.mp3,True
35198,Experimental,1,data/fma_small/035/035198.mp3,True
35199,Experimental,1,data/fma_small/035/035199.mp3,True
35204,Experimental,1,data/fma_small/035/035204.mp3,True
35296,Electronic,0,data/fma_small/035/035296.mp3,True
35299,Electronic,0,data/fma_small/035/035299.mp3,True
35443,Folk,2,data/fma_small/035/035443.mp3,True
35444,Experimental,1,data/fma_small/035/035444.mp3,True
35462,Experimental,1,data/fma_small/035/035462.mp3,True
35527,Rock,7,data/fma_small/035/035527.mp3,True
35534,Rock,7,data/fma_small/035/035534.mp3,True
35535,Rock,7,data/fma_small/035/035535.mp3,True
35537,Rock,7,data/fma_small/035/035537.mp3,True
35539,Rock,7,data/fma_small/035/035539.mp3,True
35541,Rock,7,data/fma_small/035/035541.mp3,True
35543,Rock,7,data/fma_small/035/035543.mp3,True
35544,Pop,6,data/fma_small/035/035544.mp3,True
35545,Pop,6,data/fma_small/035/035545.mp3,True
35549,Pop,6,data/fma_small/035/035549.mp3,True
35550,Pop,6,data/fma_small/035/035550.mp3,True
35569,Electronic,0,data/fma_small/035/035569.mp3,True
35571,Rock,7,data/fma_small/035/035571.mp3,True
35608,Pop,6,data/fma_small/035/035608.mp3,True
35734,Folk,2,data/fma_small/035/035734.mp3,True
36096,Electronic,0,data/fma_small/036/036096.mp3,True
36097,Electronic,0,data/fma_small/036/036097.mp3,True
36099,Electronic,0,data/fma_small/036/036099.mp3,True
36143,Electronic,0,data/fma_small/036/036143.mp3,True
36144,Electronic,0,data/fma_small/036/036144.mp3,True
36145,Electronic,0,data/fma_small/036/036145.mp3,True
36146,Electronic,0,data/fma_small/036/036146.mp3,True
36147,Electronic,0,data/fma_small/036/036147.mp3,True
36245,Electronic,0,data/fma_small/036/036245.mp3,True
36257,Electronic,0,data/fma_small/036/036257.mp3,True
36258,Electronic,0,data/fma_small/036/036258.mp3,True
36261,Electronic,0,data/fma_small/036/036261.mp3,True
36272,International,5,data/fma_small/036/036272.mp3,True
36273,International,5,data/fma_small/036/036273.mp3,True
36275,International,5,data/fma_small/036/036275.mp3,True
36277,International,5,data/fma_small/036/036277.mp3,True
36302,Hip-Hop,3,data/fma_small/036/036302.mp3,True
36304,Hip-Hop,3,data/fma_small/036/036304.mp3,True
36322,Folk,2,data/fma_small/036/036322.mp3,True
36333,Folk,2,data/fma_small/036/036333.mp3,True
36371,Pop,6,data/fma_small/036/036371.mp3,True
36380,Electronic,0,data/fma_small/036/036380.mp3,True
36388,Pop,6,data/fma_small/036/036388.mp3,True
36428,Electronic,0,data/fma_small/036/036428.mp3,True
36435,Electronic,0,data/fma_small/036/036435.mp3,True
36481,Rock,7,data/fma_small/036/036481.mp3,True
36526,Rock,7,data/fma_small/036/036526.mp3,True
36560,Pop,6,data/fma_small/036/036560.mp3,True
36567,Experimental,1,data/fma_small/036/036567.mp3,True
36614,Pop,6,data/fma_small/036/036614.mp3,True
36615,Pop,6,data/fma_small/036/036615.mp3,True
36616,Pop,6,data/fma_small/036/036616.mp3,True
36618,Pop,6,data/fma_small/036/036618.mp3,True
36643,Pop,6,data/fma_small/036/036643.mp3,True
36659,Electronic,0,data/fma_small/036/036659.mp3,True
36799,Experimental,1,data/fma_small/036/036799.mp3,True
36959,Pop,6,data/fma_small/036/036959.mp3,True
36961,Pop,6,data/fma_small/036/036961.mp3,True
36965,Pop,6,data/fma_small/036/036965.mp3,True
36966,Pop,6,data/fma_small/036/036966.mp3,True
36983,Hip-Hop,3,data/fma_small/036/036983.mp3,True
36984,Hip-Hop,3,data/fma_small/036/036984.mp3,True
36985,Hip-Hop,3,data/fma_small/036/036985.mp3,True
36986,Hip-Hop,3,data/fma_small/036/036986.mp3,True
36987,Hip-Hop,3,data/fma_small/036/036987.mp3,True
36988,Hip-Hop,3,data/fma_small/036/036988.mp3,True
36990,Hip-Hop,3,data/fma_small/036/036990.mp3,True
36992,Hip-Hop,3,data/fma_small/036/036992.mp3,True
36994,Hip-Hop,3,data/fma_small/036/036994.mp3,True
36997,Hip-Hop,3,data/fma_small/036/036997.mp3,True
36998,Electronic,0,data/fma_small/036/036998.mp3,True
36999,International,5,data/fma_small/036/036999.mp3,True
37041,Experimental,1,data/fma_small/037/037041.mp3,True
37111,Instrumental,4,data/fma_small/037/037111.mp3,True
37113,Instrumental,4,data/fma_small/037/037113.mp3,True
37119,Instrumental,4,data/fma_small/037/037119.mp3,True
37121,Experimental,1,data/fma_small/037/037121.mp3,True
37131,Electronic,0,data/fma_small/037/037131.mp3,True
37136,Pop,6,data/fma_small/037/037136.mp3,True
37141,Instrumental,4,data/fma_small/037/037141.mp3,True
37147,Rock,7,data/fma_small/037/037147.mp3,True
37324,Pop,6,data/fma_small/037/037324.mp3,True
37325,Pop,6,data/fma_small/037/037325.mp3,True
37368,Pop,6,data/fma_small/037/037368.mp3,True
37369,Pop,6,data/fma_small/037/037369.mp3,True
37416,Hip-Hop,3,data/fma_small/037/037416.mp3,True
37417,Hip-Hop,3,data/fma_small/037/037417.mp3,True
37423,Hip-Hop,3,data/fma_small/037/037423.mp3,True
37538,Experimental,1,data/fma_small/037/037538.mp3,True
37592,Rock,7,data/fma_small/037/037592.mp3,True
37725,Rock,7,data/fma_small/037/037725.mp3,True
37727,Rock,7,data/fma_small/037/037727.mp3,True
37730,Rock,7,data/fma_small/037/037730.mp3,True
37731,Rock,7,data/fma_small/037/037731.mp3,True
37779,Experimental,1,data/fma_small/037/037779.mp3,True
37781,Experimental,1,data/fma_small/037/037781.mp3,True
37784,Experimental,1,data/fma_small/037/037784.mp3,True
37859,Rock,7,data/fma_small/037/037859.mp3,True
37911,Instrumental,4,data/fma_small/037/037911.mp3,True
37920,Electronic,0,data/fma_small/037/037920.mp3,True
38312,Experimental,1,data/fma_small/038/038312.mp3,True
38321,International,5,data/fma_small/038/038321.mp3,True
38323,International,5,data/fma_small/038/038323.mp3,True
38326,International,5,data/fma_small/038/038326.mp3,True
38351,International,5,data/fma_small/038/038351.mp3,True
38352,International,5,data/fma_small/038/038352.mp3,True
38353,International,5,data/fma_small/038/038353.mp3,True
38354,International,5,data/fma_small/038/038354.mp3,True
38361,Folk,2,data/fma_small/038/038361.mp3,True
38362,Folk,2,data/fma_small/038/038362.mp3,True
38363,Folk,2,data/fma_small/038/038363.mp3,True
38365,International,5,data/fma_small/038/038365.mp3,True
38399,Folk,2,data/fma_small/038/038399.mp3,True
38435,Rock,7,data/fma_small/038/038435.mp3,True
38450,Experimental,1,data/fma_small/038/038450.mp3,True
38522,Rock,7,data/fma_small/038/038522.mp3,True
38557,Rock,7,data/fma_small/038/038557.mp3,True
38560,International,5,data/fma_small/038/038560.mp3,True
38775,International,5,data/fma_small/038/038775.mp3,True
38776,International,5,data/fma_small/038/038776.mp3,True
38777,International,5,data/fma_small/038/038777.mp3,True
38778,International,5,data/fma_small/038/038778.mp3,True
38779,International,5,data/fma_small/038/038779.mp3,True
38780,International,5,data/fma_small/038/038780.mp3,True
38781,International,5,data/fma_small/038/038781.mp3,True
38782,International,5,data/fma_small/038/038782.mp3,True
38783,International,5,data/fma_small/038/038783.mp3,True
38784,International,5,data/fma_small/038/038784.mp3,True
38785,International,5,data/fma_small/038/038785.mp3,True
38817,International,5,data/fma_small/038/038817.mp3,True
38818,International,5,data/fma_small/038/038818.mp3,True
38819,International,5,data/fma_small/038/038819.mp3,True
38820,International,5,data/fma_small/038/038820.mp3,True
38821,International,5,data/fma_small/038/038821.mp3,True
38822,International,5,data/fma_small/038/038822.mp3,True
38823,International,5,data/fma_small/038/038823.mp3,True
38824,International,5,data/fma_small/038/038824.mp3,True
38825,International,5,data/fma_small/038/038825.mp3,True
38826,International,5,data/fma_small/038/038826.mp3,True
38827,International,5,data/fma_small/038/038827.mp3,True
38828,International,5,data/fma_small/038/038828.mp3,True
38829,International,5,data/fma_small/038/038829.mp3,True
38830,International,5,data/fma_small/038/038830.mp3,True
38833,International,5,data/fma_small/038/038833.mp3,True
38834,International,5,data/fma_small/038/038834.mp3,True
38847,Experimental,1,data/fma_small/038/038847.mp3,True
38859,Experimental,1,data/fma_small/038/038859.mp3,True
38878,Electronic,0,data/fma_small/038/038878.mp3,True
38879,Experimental,1,data/fma_small/038/038879.mp3,True
38880,Experimental,1,data/fma_small/038/038880.mp3,True
38881,Experimental,1,data/fma_small/038/038881.mp3,True
38882,Experimental,1,data/fma_small/038/038882.mp3,True
38884,Experimental,1,data/fma_small/038/038884.mp3,True
38886,Experimental,1,data/fma_small/038/038886.mp3,True
38887,Experimental,1,data/fma_small/038/038887.mp3,True
38888,Experimental,1,data/fma_small/038/038888.mp3,True
38890,Experimental,1,data/fma_small/038/038890.mp3,True
38891,Experimental,1,data/fma_small/038/038891.mp3,True
38892,Experimental,1,data/fma_small/038/038892.mp3,True
38893,Experimental,1,data/fma_small/038/038893.mp3,True
38894,Experimental,1,data/fma_small/038/038894.mp3,True
38895,Experimental,1,data/fma_small/038/038895.mp3,True
38896,Experimental,1,data/fma_small/038/038896.mp3,True
38898,Experimental,1,data/fma_small/038/038898.mp3,True
38899,Experimental,1,data/fma_small/038/038899.mp3,True
38900,Experimental,1,data/fma_small/038/038900.mp3,True
38901,Experimental,1,data/fma_small/038/038901.mp3,True
38902,Experimental,1,data/fma_small/038/038902.mp3,True
38904,Experimental,1,data/fma_small/038/038904.mp3,True
38905,Experimental,1,data/fma_small/038/038905.mp3,True
38906,Experimental,1,data/fma_small/038/038906.mp3,True
38907,Experimental,1,data/fma_small/038/038907.mp3,True
38908,Experimental,1,data/fma_small/038/038908.mp3,True
38910,Experimental,1,data/fma_small/038/038910.mp3,True
38911,Experimental,1,data/fma_small/038/038911.mp3,True
38912,Experimental,1,data/fma_small/038/038912.mp3,True
38914,Experimental,1,data/fma_small/038/038914.mp3,True
38955,Pop,6,data/fma_small/038/038955.mp3,True
38961,Pop,6,data/fma_small/038/038961.mp3,True
38964,Experimental,1,data/fma_small/038/038964.mp3,True
38965,Experimental,1,data/fma_small/038/038965.mp3,True
38966,Experimental,1,data/fma_small/038/038966.mp3,True
38967,Experimental,1,data/fma_small/038/038967.mp3,True
39188,Experimental,1,data/fma_small/039/039188.mp3,True
39259,Experimental,1,data/fma_small/039/039259.mp3,True
39278,Experimental,1,data/fma_small/039/039278.mp3,True
39291,Electronic,0,data/fma_small/039/039291.mp3,True
39298,Rock,7,data/fma_small/039/039298.mp3,True
39316,Experimental,1,data/fma_small/039/039316.mp3,True
39317,Experimental,1,data/fma_small/039/039317.mp3,True
39318,Experimental,1,data/fma_small/039/039318.mp3,True
39357,International,5,data/fma_small/039/039357.mp3,True
39359,Rock,7,data/fma_small/039/039359.mp3,True
39378,Experimental,1,data/fma_small/039/039378.mp3,True
39484,Experimental,1,data/fma_small/039/039484.mp3,True
39488,Folk,2,data/fma_small/039/039488.mp3,True
39530,Pop,6,data/fma_small/039/039530.mp3,True
39605,Electronic,0,data/fma_small/039/039605.mp3,True
39607,Electronic,0,data/fma_small/039/039607.mp3,True
39658,Pop,6,data/fma_small/039/039658.mp3,True
39659,Pop,6,data/fma_small/039/039659.mp3,True
39660,Pop,6,data/fma_small/039/039660.mp3,True
39661,Pop,6,data/fma_small/039/039661.mp3,True
39662,Pop,6,data/fma_small/039/039662.mp3,True
39663,Pop,6,data/fma_small/039/039663.mp3,True
39664,Pop,6,data/fma_small/039/039664.mp3,True
39665,Pop,6,data/fma_small/039/039665.mp3,True
39666,Pop,6,data/fma_small/039/039666.mp3,True
39667,Pop,6,data/fma_small/039/039667.mp3,True
39875,Experimental,1,data/fma_small/039/039875.mp3,True
39900,Experimental,1,data/fma_small/039/039900.mp3,True
39904,Experimental,1,data/fma_small/039/039904.mp3,True
40121,Experimental,1,data/fma_small/040/040121.mp3,True
40122,Experimental,1,data/fma_small/040/040122.mp3,True
40123,Experimental,1,data/fma_small/040/040123.mp3,True
40133,Rock,7,data/fma_small/040/040133.mp3,True
40134,Rock,7,data/fma_small/040/040134.mp3,True
40139,Rock,7,data/fma_small/040/040139.mp3,True
40141,Rock,7,data/fma_small/040/040141.mp3,True
40147,Experimental,1,data/fma_small/040/040147.mp3,True
40161,Experimental,1,data/fma_small/040/040161.mp3,True
40180,Experimental,1,data/fma_small/040/040180.mp3,True
40182,Experimental,1,data/fma_small/040/040182.mp3,True
40229,Folk,2,data/fma_small/040/040229.mp3,True
40230,Folk,2,data/fma_small/040/040230.mp3,True
40231,Folk,2,data/fma_small/040/040231.mp3,True
40232,Folk,2,data/fma_small/040/040232.mp3,True
40233,Folk,2,data/fma_small/040/040233.mp3,True
40234,Folk,2,data/fma_small/040/040234.mp3,True
40235,Folk,2,data/fma_small/040/040235.mp3,True
40236,Folk,2,data/fma_small/040/040236.mp3,True
40237,Folk,2,data/fma_small/040/040237.mp3,True
40238,Folk,2,data/fma_small/040/040238.mp3,True
40239,Folk,2,data/fma_small/040/040239.mp3,True
40240,Folk,2,data/fma_small/040/040240.mp3,True
40241,Folk,2,data/fma_small/040/040241.mp3,True
40242,Folk,2,data/fma_small/040/040242.mp3,True
40243,Folk,2,data/fma_small/040/040243.mp3,True
40244,Folk,2,data/fma_small/040/040244.mp3,True
40245,Folk,2,data/fma_small/040/040245.mp3,True
40250,Instrumental,4,data/fma_small/040/040250.mp3,True
40509,Experimental,1,data/fma_small/040/040509.mp3,True
40525,Hip-Hop,3,data/fma_small/040/040525.mp3,True
40541,Hip-Hop,3,data/fma_small/040/040541.mp3,True
40542,Hip-Hop,3,data/fma_small/040/040542.mp3,True
40598,Experimental,1,data/fma_small/040/040598.mp3,True
40654,Instrumental,4,data/fma_small/040/040654.mp3,True
40655,Instrumental,4,data/fma_small/040/040655.mp3,True
40656,Instrumental,4,data/fma_small/040/040656.mp3,True
40657,Instrumental,4,data/fma_small/040/040657.mp3,True
40658,Instrumental,4,data/fma_small/040/040658.mp3,True
40659,Instrumental,4,data/fma_small/040/040659.mp3,True
40660,Instrumental,4,data/fma_small/040/040660.mp3,True
40683,Electronic,0,data/fma_small/040/040683.mp3,True
40725,Electronic,0,data/fma_small/040/040725.mp3,True
40842,Electronic,0,data/fma_small/040/040842.mp3,True
40843,Electronic,0,data/fma_small/040/040843.mp3,True
40844,Electronic,0,data/fma_small/040/040844.mp3,True
40845,Electronic,0,data/fma_small/040/040845.mp3,True
40851,Electronic,0,data/fma_small/040/040851.mp3,True
40903,Rock,7,data/fma_small/040/040903.mp3,True
40908,Experimental,1,data/fma_small/040/040908.mp3,True
40909,Experimental,1,data/fma_small/040/040909.mp3,True
40938,Rock,7,data/fma_small/040/040938.mp3,True
40940,Rock,7,data/fma_small/040/040940.mp3,True
40984,Rock,7,data/fma_small/040/040984.mp3,True
40985,Rock,7,data/fma_small/040/040985.mp3,True
40986,Rock,7,data/fma_small/040/040986.mp3,True
41018,International,5,data/fma_small/041/041018.mp3,True
41019,International,5,data/fma_small/041/041019.mp3,True
41020,International,5,data/fma_small/041/041020.mp3,True
41054,Experimental,1,data/fma_small/041/041054.mp3,True
41095,Rock,7,data/fma_small/041/041095.mp3,True
41147,Electronic,0,data/fma_small/041/041147.mp3,True
41191,Folk,2,data/fma_small/041/041191.mp3,True
41192,Folk,2,data/fma_small/041/041192.mp3,True
41310,Folk,2,data/fma_small/041/041310.mp3,True
41381,Pop,6,data/fma_small/041/041381.mp3,True
41568,Pop,6,data/fma_small/041/041568.mp3,True
41570,Folk,2,data/fma_small/041/041570.mp3,True
41573,Instrumental,4,data/fma_small/041/041573.mp3,True
41605,Experimental,1,data/fma_small/041/041605.mp3,True
41709,Experimental,1,data/fma_small/041/041709.mp3,True
41714,Experimental,1,data/fma_small/041/041714.mp3,True
41812,Rock,7,data/fma_small/041/041812.mp3,True
41819,Pop,6,data/fma_small/041/041819.mp3,True
41820,Pop,6,data/fma_small/041/041820.mp3,True
41825,Pop,6,data/fma_small/041/041825.mp3,True
41961,Rock,7,data/fma_small/041/041961.mp3,True
41962,Rock,7,data/fma_small/041/041962.mp3,True
41965,Rock,7,data/fma_small/041/041965.mp3,True
41971,Instrumental,4,data/fma_small/041/041971.mp3,True
41983,Instrumental,4,data/fma_small/041/041983.mp3,True
42014,International,5,data/fma_small/042/042014.mp3,True
42016,International,5,data/fma_small/042/042016.mp3,True
42017,International,5,data/fma_small/042/042017.mp3,True
42018,Electronic,0,data/fma_small/042/042018.mp3,True
42019,Electronic,0,data/fma_small/042/042019.mp3,True
42020,International,5,data/fma_small/042/042020.mp3,True
42023,International,5,data/fma_small/042/042023.mp3,True
42025,International,5,data/fma_small/042/042025.mp3,True
42029,International,5,data/fma_small/042/042029.mp3,True
42030,International,5,data/fma_small/042/042030.mp3,True
42031,International,5,data/fma_small/042/042031.mp3,True
42040,Hip-Hop,3,data/fma_small/042/042040.mp3,True
42044,Rock,7,data/fma_small/042/042044.mp3,True
42045,Hip-Hop,3,data/fma_small/042/042045.mp3,True
42046,Hip-Hop,3,data/fma_small/042/042046.mp3,True
42048,Pop,6,data/fma_small/042/042048.mp3,True
42119,Experimental,1,data/fma_small/042/042119.mp3,True
42126,Experimental,1,data/fma_small/042/042126.mp3,True
42129,Experimental,1,data/fma_small/042/042129.mp3,True
42135,Experimental,1,data/fma_small/042/042135.mp3,True
42138,Experimental,1,data/fma_small/042/042138.mp3,True
42139,Experimental,1,data/fma_small/042/042139.mp3,True
42141,Experimental,1,data/fma_small/042/042141.mp3,True
42146,Experimental,1,data/fma_small/042/042146.mp3,True
42234,International,5,data/fma_small/042/042234.mp3,True
42235,International,5,data/fma_small/042/042235.mp3,True
42236,International,5,data/fma_small/042/042236.mp3,True
42238,International,5,data/fma_small/042/042238.mp3,True
42240,International,5,data/fma_small/042/042240.mp3,True
42241,International,5,data/fma_small/042/042241.mp3,True
42243,International,5,data/fma_small/042/042243.mp3,True
42245,International,5,data/fma_small/042/042245.mp3,True
42247,International,5,data/fma_small/042/042247.mp3,True
42310,Rock,7,data/fma_small/042/042310.mp3,True
42372,Electronic,0,data/fma_small/042/042372.mp3,True
42373,Electronic,0,data/fma_small/042/042373.mp3,True
42374,Electronic,0,data/fma_small/042/042374.mp3,True
42375,Electronic,0,data/fma_small/042/042375.mp3,True
42376,Electronic,0,data/fma_small/042/042376.mp3,True
42377,Electronic,0,data/fma_small/042/042377.mp3,True
42442,Rock,7,data/fma_small/042/042442.mp3,True
42463,Folk,2,data/fma_small/042/042463.mp3,True
42475,Rock,7,data/fma_small/042/042475.mp3,True
42648,Folk,2,data/fma_small/042/042648.mp3,True
42659,Folk,2,data/fma_small/042/042659.mp3,True
42751,Pop,6,data/fma_small/042/042751.mp3,True
42761,Rock,7,data/fma_small/042/042761.mp3,True
42789,Rock,7,data/fma_small/042/042789.mp3,True
42844,Rock,7,data/fma_small/042/042844.mp3,True
42851,Rock,7,data/fma_small/042/042851.mp3,True
42911,Pop,6,data/fma_small/042/042911.mp3,True
42914,Pop,6,data/fma_small/042/042914.mp3,True
42915,Pop,6,data/fma_small/042/042915.mp3,True
42966,Experimental,1,data/fma_small/042/042966.mp3,True
42984,Experimental,1,data/fma_small/042/042984.mp3,True
43016,International,5,data/fma_small/043/043016.mp3,True
43018,International,5,data/fma_small/043/043018.mp3,True
43019,International,5,data/fma_small/043/043019.mp3,True
43020,International,5,data/fma_small/043/043020.mp3,True
43021,International,5,data/fma_small/043/043021.mp3,True
43022,International,5,data/fma_small/043/043022.mp3,True
43023,International,5,data/fma_small/043/043023.mp3,True
43024,International,5,data/fma_small/043/043024.mp3,True
43025,International,5,data/fma_small/043/043025.mp3,True
43026,International,5,data/fma_small/043/043026.mp3,True
43027,International,5,data/fma_small/043/043027.mp3,True
43028,International,5,data/fma_small/043/043028.mp3,True
43029,International,5,data/fma_small/043/043029.mp3,True
43030,International,5,data/fma_small/043/043030.mp3,True
43063,Experimental,1,data/fma_small/043/043063.mp3,True
43172,International,5,data/fma_small/043/043172.mp3,True
43173,International,5,data/fma_small/043/043173.mp3,True
43516,International,5,data/fma_small/043/043516.mp3,True
43517,International,5,data/fma_small/043/043517.mp3,True
43518,International,5,data/fma_small/043/043518.mp3,True
43519,International,5,data/fma_small/043/043519.mp3,True
43520,International,5,data/fma_small/043/043520.mp3,True
43521,International,5,data/fma_small/043/043521.mp3,True
43533,International,5,data/fma_small/043/043533.mp3,True
43534,International,5,data/fma_small/043/043534.mp3,True
43535,International,5,data/fma_small/043/043535.mp3,True
43536,International,5,data/fma_small/043/043536.mp3,True
43585,International,5,data/fma_small/043/043585.mp3,True
43586,International,5,data/fma_small/043/043586.mp3,True
43587,International,5,data/fma_small/043/043587.mp3,True
43588,International,5,data/fma_small/043/043588.mp3,True
43589,International,5,data/fma_small/043/043589.mp3,True
43590,International,5,data/fma_small/043/043590.mp3,True
43592,International,5,data/fma_small/043/043592.mp3,True
43593,International,5,data/fma_small/043/043593.mp3,True
43594,International,5,data/fma_small/043/043594.mp3,True
43595,International,5,data/fma_small/043/043595.mp3,True
43596,International,5,data/fma_small/043/043596.mp3,True
43598,International,5,data/fma_small/043/043598.mp3,True
43599,International,5,data/fma_small/043/043599.mp3,True
43600,International,5,data/fma_small/043/043600.mp3,True
43608,Experimental,1,data/fma_small/043/043608.mp3,True
43621,Folk,2,data/fma_small/043/043621.mp3,True
43623,Folk,2,data/fma_small/043/043623.mp3,True
43691,Experimental,1,data/fma_small/043/043691.mp3,True
43695,International,5,data/fma_small/043/043695.mp3,True
43696,International,5,data/fma_small/043/043696.mp3,True
43697,International,5,data/fma_small/043/043697.mp3,True
43698,International,5,data/fma_small/043/043698.mp3,True
43699,International,5,data/fma_small/043/043699.mp3,True
43761,Folk,2,data/fma_small/043/043761.mp3,True
43765,International,5,data/fma_small/043/043765.mp3,True
43766,International,5,data/fma_small/043/043766.mp3,True
43767,International,5,data/fma_small/043/043767.mp3,True
43768,International,5,data/fma_small/043/043768.mp3,True
43773,Pop,6,data/fma_small/043/043773.mp3,True
43796,Folk,2,data/fma_small/043/043796.mp3,True
43842,Folk,2,data/fma_small/043/043842.mp3,True
43843,Folk,2,data/fma_small/043/043843.mp3,True
43844,Hip-Hop,3,data/fma_small/043/043844.mp3,True
43856,Hip-Hop,3,data/fma_small/043/043856.mp3,True
43857,Hip-Hop,3,data/fma_small/043/043857.mp3,True
43858,Hip-Hop,3,data/fma_small/043/043858.mp3,True
43859,Hip-Hop,3,data/fma_small/043/043859.mp3,True
43860,Hip-Hop,3,data/fma_small/043/043860.mp3,True
43861,Hip-Hop,3,data/fma_small/043/043861.mp3,True
43863,Hip-Hop,3,data/fma_small/043/043863.mp3,True
43865,Hip-Hop,3,data/fma_small/043/043865.mp3,True
43866,Hip-Hop,3,data/fma_small/043/043866.mp3,True
43867,Hip-Hop,3,data/fma_small/043/043867.mp3,True
43868,Hip-Hop,3,data/fma_small/043/043868.mp3,True
43869,Hip-Hop,3,data/fma_small/043/043869.mp3,True
43883,Experimental,1,data/fma_small/043/043883.mp3,True
43886,Experimental,1,data/fma_small/043/043886.mp3,True
43899,Hip-Hop,3,data/fma_small/043/043899.mp3,True
43911,Hip-Hop,3,data/fma_small/043/043911.mp3,True
43962,Folk,2,data/fma_small/043/043962.mp3,True
43965,Folk,2,data/fma_small/043/043965.mp3,True
44092,Electronic,0,data/fma_small/044/044092.mp3,True
44110,Experimental,1,data/fma_small/044/044110.mp3,True
44169,Experimental,1,data/fma_small/044/044169.mp3,True
44236,Hip-Hop,3,data/fma_small/044/044236.mp3,True
44342,Experimental,1,data/fma_small/044/044342.mp3,True
44347,Experimental,1,data/fma_small/044/044347.mp3,True
44354,Experimental,1,data/fma_small/044/044354.mp3,True
44355,Experimental,1,data/fma_small/044/044355.mp3,True
44777,Folk,2,data/fma_small/044/044777.mp3,True
44778,Experimental,1,data/fma_small/044/044778.mp3,True
44779,Experimental,1,data/fma_small/044/044779.mp3,True
44780,Experimental,1,data/fma_small/044/044780.mp3,True
44781,Experimental,1,data/fma_small/044/044781.mp3,True
44782,Experimental,1,data/fma_small/044/044782.mp3,True
44791,Experimental,1,data/fma_small/044/044791.mp3,True
44792,Experimental,1,data/fma_small/044/044792.mp3,True
44793,Experimental,1,data/fma_small/044/044793.mp3,True
44794,Experimental,1,data/fma_small/044/044794.mp3,True
44795,Experimental,1,data/fma_small/044/044795.mp3,True
44796,Experimental,1,data/fma_small/044/044796.mp3,True
44797,Experimental,1,data/fma_small/044/044797.mp3,True
44798,Experimental,1,data/fma_small/044/044798.mp3,True
44799,Experimental,1,data/fma_small/044/044799.mp3,True
44800,Experimental,1,data/fma_small/044/044800.mp3,True
44801,Experimental,1,data/fma_small/044/044801.mp3,True
44802,Experimental,1,data/fma_small/044/044802.mp3,True
44803,Experimental,1,data/fma_small/044/044803.mp3,True
44804,Experimental,1,data/fma_small/044/044804.mp3,True
44805,Pop,6,data/fma_small/044/044805.mp3,True
44806,Pop,6,data/fma_small/044/044806.mp3,True
44809,Pop,6,data/fma_small/044/044809.mp3,True
44820,International,5,data/fma_small/044/044820.mp3,True
44821,International,5,data/fma_small/044/044821.mp3,True
44822,International,5,data/fma_small/044/044822.mp3,True
44823,International,5,data/fma_small/044/044823.mp3,True
44848,Experimental,1,data/fma_small/044/044848.mp3,True
44849,Experimental,1,data/fma_small/044/044849.mp3,True
44850,Experimental,1,data/fma_small/044/044850.mp3,True
44851,Experimental,1,data/fma_small/044/044851.mp3,True
44853,Experimental,1,data/fma_small/044/044853.mp3,True
44854,Experimental,1,data/fma_small/044/044854.mp3,True
44917,Rock,7,data/fma_small/044/044917.mp3,True
44918,Rock,7,data/fma_small/044/044918.mp3,True
44946,International,5,data/fma_small/044/044946.mp3,True
44947,International,5,data/fma_small/044/044947.mp3,True
44948,International,5,data/fma_small/044/044948.mp3,True
44949,International,5,data/fma_small/044/044949.mp3,True
44950,International,5,data/fma_small/044/044950.mp3,True
44951,International,5,data/fma_small/044/044951.mp3,True
44952,International,5,data/fma_small/044/044952.mp3,True
45055,Rock,7,data/fma_small/045/045055.mp3,True
45099,Electronic,0,data/fma_small/045/045099.mp3,True
45100,Electronic,0,data/fma_small/045/045100.mp3,True
45101,Electronic,0,data/fma_small/045/045101.mp3,True
45102,Electronic,0,data/fma_small/045/045102.mp3,True
45103,Electronic,0,data/fma_small/045/045103.mp3,True
45119,Pop,6,data/fma_small/045/045119.mp3,True
45122,Pop,6,data/fma_small/045/045122.mp3,True
45125,Pop,6,data/fma_small/045/045125.mp3,True
45126,Pop,6,data/fma_small/045/045126.mp3,True
45127,Pop,6,data/fma_small/045/045127.mp3,True
45128,Pop,6,data/fma_small/045/045128.mp3,True
45149,Electronic,0,data/fma_small/045/045149.mp3,True
45150,Electronic,0,data/fma_small/045/045150.mp3,True
45151,Electronic,0,data/fma_small/045/045151.mp3,True
45152,Electronic,0,data/fma_small/045/045152.mp3,True
45153,Electronic,0,data/fma_small/045/045153.mp3,True
45154,Electronic,0,data/fma_small/045/045154.mp3,True
45335,Pop,6,data/fma_small/045/045335.mp3,True
45387,Instrumental,4,data/fma_small/045/045387.mp3,True
45388,Instrumental,4,data/fma_small/045/045388.mp3,True
45389,Instrumental,4,data/fma_small/045/045389.mp3,True
45390,Instrumental,4,data/fma_small/045/045390.mp3,True
45391,Instrumental,4,data/fma_small/045/045391.mp3,True
45392,Instrumental,4,data/fma_small/045/045392.mp3,True
45393,Instrumental,4,data/fma_small/045/045393.mp3,True
45474,Rock,7,data/fma_small/045/045474.mp3,True
45475,Rock,7,data/fma_small/045/045475.mp3,True
45508,Electronic,0,data/fma_small/045/045508.mp3,True
45513,Folk,2,data/fma_small/045/045513.mp3,True
45514,Folk,2,data/fma_small/045/045514.mp3,True
45515,Folk,2,data/fma_small/045/045515.mp3,True
45516,Folk,2,data/fma_small/045/045516.mp3,True
45517,Folk,2,data/fma_small/045/045517.mp3,True
45518,Folk,2,data/fma_small/045/045518.mp3,True
45519,Folk,2,data/fma_small/045/045519.mp3,True
45520,Folk,2,data/fma_small/045/045520.mp3,True
45521,Folk,2,data/fma_small/045/045521.mp3,True
45522,Folk,2,data/fma_small/045/045522.mp3,True
45523,Folk,2,data/fma_small/045/045523.mp3,True
45934,Experimental,1,data/fma_small/045/045934.mp3,True
45941,Experimental,1,data/fma_small/045/045941.mp3,True
46024,Rock,7,data/fma_small/046/046024.mp3,True
46043,Experimental,1,data/fma_small/046/046043.mp3,True
46058,Experimental,1,data/fma_small/046/046058.mp3,True
46068,Experimental,1,data/fma_small/046/046068.mp3,True
46078,Hip-Hop,3,data/fma_small/046/046078.mp3,True
46079,Experimental,1,data/fma_small/046/046079.mp3,True
46157,Electronic,0,data/fma_small/046/046157.mp3,True
46158,Electronic,0,data/fma_small/046/046158.mp3,True
46159,Electronic,0,data/fma_small/046/046159.mp3,True
46160,Electronic,0,data/fma_small/046/046160.mp3,True
46161,Experimental,1,data/fma_small/046/046161.mp3,True
46162,Experimental,1,data/fma_small/046/046162.mp3,True
46238,Experimental,1,data/fma_small/046/046238.mp3,True
46241,Experimental,1,data/fma_small/046/046241.mp3,True
46525,Instrumental,4,data/fma_small/046/046525.mp3,True
46611,Experimental,1,data/fma_small/046/046611.mp3,True
46711,Experimental,1,data/fma_small/046/046711.mp3,True
46717,Experimental,1,data/fma_small/046/046717.mp3,True
46718,Experimental,1,data/fma_small/046/046718.mp3,True
46720,Experimental,1,data/fma_small/046/046720.mp3,True
46726,Hip-Hop,3,data/fma_small/046/046726.mp3,True
46732,Pop,6,data/fma_small/046/046732.mp3,True
46733,Pop,6,data/fma_small/046/046733.mp3,True
46736,Pop,6,data/fma_small/046/046736.mp3,True
46839,Pop,6,data/fma_small/046/046839.mp3,True
46840,Pop,6,data/fma_small/046/046840.mp3,True
46841,Pop,6,data/fma_small/046/046841.mp3,True
46842,Pop,6,data/fma_small/046/046842.mp3,True
46844,Pop,6,data/fma_small/046/046844.mp3,True
46846,Pop,6,data/fma_small/046/046846.mp3,True
46854,Pop,6,data/fma_small/046/046854.mp3,True
46855,Pop,6,data/fma_small/046/046855.mp3,True
46928,Pop,6,data/fma_small/046/046928.mp3,True
46930,Pop,6,data/fma_small/046/046930.mp3,True
47032,Rock,7,data/fma_small/047/047032.mp3,True
47068,Electronic,0,data/fma_small/047/047068.mp3,True
47069,Electronic,0,data/fma_small/047/047069.mp3,True
47070,Electronic,0,data/fma_small/047/047070.mp3,True
47071,Electronic,0,data/fma_small/047/047071.mp3,True
47072,Electronic,0,data/fma_small/047/047072.mp3,True
47073,Electronic,0,data/fma_small/047/047073.mp3,True
47074,Electronic,0,data/fma_small/047/047074.mp3,True
47075,Electronic,0,data/fma_small/047/047075.mp3,True
47076,Electronic,0,data/fma_small/047/047076.mp3,True
47077,Electronic,0,data/fma_small/047/047077.mp3,True
47100,Pop,6,data/fma_small/047/047100.mp3,True
47192,Experimental,1,data/fma_small/047/047192.mp3,True
47193,Experimental,1,data/fma_small/047/047193.mp3,True
47194,Experimental,1,data/fma_small/047/047194.mp3,True
47195,Experimental,1,data/fma_small/047/047195.mp3,True
47196,Experimental,1,data/fma_small/047/047196.mp3,True
47197,Experimental,1,data/fma_small/047/047197.mp3,True
47198,Experimental,1,data/fma_small/047/047198.mp3,True
47199,Experimental,1,data/fma_small/047/047199.mp3,True
47200,Experimental,1,data/fma_small/047/047200.mp3,True
47201,Experimental,1,data/fma_small/047/047201.mp3,True
47202,Experimental,1,data/fma_small/047/047202.mp3,True
47260,Electronic,0,data/fma_small/047/047260.mp3,True
47471,Rock,7,data/fma_small/047/047471.mp3,True
47506,Folk,2,data/fma_small/047/047506.mp3,True
47510,Rock,7,data/fma_small/047/047510.mp3,True
47526,Rock,7,data/fma_small/047/047526.mp3,True
47628,Folk,2,data/fma_small/047/047628.mp3,True
47657,Electronic,0,data/fma_small/047/047657.mp3,True
47658,Electronic,0,data/fma_small/047/047658.mp3,True
47659,Electronic,0,data/fma_small/047/047659.mp3,True
47660,Electronic,0,data/fma_small/047/047660.mp3,True
47661,Folk,2,data/fma_small/047/047661.mp3,True
47662,Folk,2,data/fma_small/047/047662.mp3,True
47663,Folk,2,data/fma_small/047/047663.mp3,True
47665,Pop,6,data/fma_small/047/047665.mp3,True
47666,Pop,6,data/fma_small/047/047666.mp3,True
47670,Pop,6,data/fma_small/047/047670.mp3,True
47671,Pop,6,data/fma_small/047/047671.mp3,True
47707,Experimental,1,data/fma_small/047/047707.mp3,True
47826,Experimental,1,data/fma_small/047/047826.mp3,True
47835,Pop,6,data/fma_small/047/047835.mp3,True
47865,Folk,2,data/fma_small/047/047865.mp3,True
47868,Folk,2,data/fma_small/047/047868.mp3,True
47894,Pop,6,data/fma_small/047/047894.mp3,True
47895,Pop,6,data/fma_small/047/047895.mp3,True
47896,Pop,6,data/fma_small/047/047896.mp3,True
47897,Pop,6,data/fma_small/047/047897.mp3,True
47916,Rock,7,data/fma_small/047/047916.mp3,True
47921,Rock,7,data/fma_small/047/047921.mp3,True
48015,Rock,7,data/fma_small/048/048015.mp3,True
48042,Experimental,1,data/fma_small/048/048042.mp3,True
48043,Experimental,1,data/fma_small/048/048043.mp3,True
48044,Experimental,1,data/fma_small/048/048044.mp3,True
48046,Experimental,1,data/fma_small/048/048046.mp3,True
48269,Experimental,1,data/fma_small/048/048269.mp3,True
48293,Electronic,0,data/fma_small/048/048293.mp3,True
48307,Experimental,1,data/fma_small/048/048307.mp3,True
48317,Experimental,1,data/fma_small/048/048317.mp3,True
48367,Rock,7,data/fma_small/048/048367.mp3,True
48368,Rock,7,data/fma_small/048/048368.mp3,True
48369,Rock,7,data/fma_small/048/048369.mp3,True
48437,Electronic,0,data/fma_small/048/048437.mp3,True
48439,Electronic,0,data/fma_small/048/048439.mp3,True
48440,Electronic,0,data/fma_small/048/048440.mp3,True
48442,Electronic,0,data/fma_small/048/048442.mp3,True
48443,Electronic,0,data/fma_small/048/048443.mp3,True
48444,Pop,6,data/fma_small/048/048444.mp3,True
48446,Pop,6,data/fma_small/048/048446.mp3,True
48450,Pop,6,data/fma_small/048/048450.mp3,True
48452,Pop,6,data/fma_small/048/048452.mp3,True
48453,Pop,6,data/fma_small/048/048453.mp3,True
48454,Pop,6,data/fma_small/048/048454.mp3,True
48456,Pop,6,data/fma_small/048/048456.mp3,True
48457,Pop,6,data/fma_small/048/048457.mp3,True
48462,Electronic,0,data/fma_small/048/048462.mp3,True
48463,Electronic,0,data/fma_small/048/048463.mp3,True
48464,Electronic,0,data/fma_small/048/048464.mp3,True
48465,Electronic,0,data/fma_small/048/048465.mp3,True
48466,Electronic,0,data/fma_small/048/048466.mp3,True
48488,International,5,data/fma_small/048/048488.mp3,True
48489,International,5,data/fma_small/048/048489.mp3,True
48491,International,5,data/fma_small/048/048491.mp3,True
48492,International,5,data/fma_small/048/048492.mp3,True
48493,International,5,data/fma_small/048/048493.mp3,True
48494,International,5,data/fma_small/048/048494.mp3,True
48763,Rock,7,data/fma_small/048/048763.mp3,True
48808,Folk,2,data/fma_small/048/048808.mp3,True
48815,Folk,2,data/fma_small/048/048815.mp3,True
48861,Experimental,1,data/fma_small/048/048861.mp3,True
48862,Experimental,1,data/fma_small/048/048862.mp3,True
48863,Experimental,1,data/fma_small/048/048863.mp3,True
48864,Experimental,1,data/fma_small/048/048864.mp3,True
48865,Experimental,1,data/fma_small/048/048865.mp3,True
48931,Experimental,1,data/fma_small/048/048931.mp3,True
48990,Rock,7,data/fma_small/048/048990.mp3,True
48999,Rock,7,data/fma_small/048/048999.mp3,True
49029,Folk,2,data/fma_small/049/049029.mp3,True
49030,Folk,2,data/fma_small/049/049030.mp3,True
49039,Pop,6,data/fma_small/049/049039.mp3,True
49061,Experimental,1,data/fma_small/049/049061.mp3,True
49062,Experimental,1,data/fma_small/049/049062.mp3,True
49064,Experimental,1,data/fma_small/049/049064.mp3,True
49066,Experimental,1,data/fma_small/049/049066.mp3,True
49067,Experimental,1,data/fma_small/049/049067.mp3,True
49068,Experimental,1,data/fma_small/049/049068.mp3,True
49070,Experimental,1,data/fma_small/049/049070.mp3,True
49071,Experimental,1,data/fma_small/049/049071.mp3,True
49072,Experimental,1,data/fma_small/049/049072.mp3,True
49073,Experimental,1,data/fma_small/049/049073.mp3,True
49394,Experimental,1,data/fma_small/049/049394.mp3,True
49401,Experimental,1,data/fma_small/049/049401.mp3,True
49407,Experimental,1,data/fma_small/049/049407.mp3,True
49408,Experimental,1,data/fma_small/049/049408.mp3,True
49441,Rock,7,data/fma_small/049/049441.mp3,True
49473,Pop,6,data/fma_small/049/049473.mp3,True
49476,Hip-Hop,3,data/fma_small/049/049476.mp3,True
49477,Pop,6,data/fma_small/049/049477.mp3,True
49478,Hip-Hop,3,data/fma_small/049/049478.mp3,True
49479,Hip-Hop,3,data/fma_small/049/049479.mp3,True
49812,Rock,7,data/fma_small/049/049812.mp3,True
49817,Rock,7,data/fma_small/049/049817.mp3,True
49842,Folk,2,data/fma_small/049/049842.mp3,True
49843,Folk,2,data/fma_small/049/049843.mp3,True
49844,Folk,2,data/fma_small/049/049844.mp3,True
49845,Folk,2,data/fma_small/049/049845.mp3,True
49846,Folk,2,data/fma_small/049/049846.mp3,True
49847,Folk,2,data/fma_small/049/049847.mp3,True
49848,Folk,2,data/fma_small/049/049848.mp3,True
49849,Folk,2,data/fma_small/049/049849.mp3,True
49856,Folk,2,data/fma_small/049/049856.mp3,True
49857,Folk,2,data/fma_small/049/049857.mp3,True
50264,Hip-Hop,3,data/fma_small/050/050264.mp3,True
50272,Pop,6,data/fma_small/050/050272.mp3,True
50276,Folk,2,data/fma_small/050/050276.mp3,True
50283,International,5,data/fma_small/050/050283.mp3,True
50323,Folk,2,data/fma_small/050/050323.mp3,True
50444,Rock,7,data/fma_small/050/050444.mp3,True
50445,Rock,7,data/fma_small/050/050445.mp3,True
50446,Rock,7,data/fma_small/050/050446.mp3,True
50447,Rock,7,data/fma_small/050/050447.mp3,True
50448,Rock,7,data/fma_small/050/050448.mp3,True
50449,Rock,7,data/fma_small/050/050449.mp3,True
50539,Rock,7,data/fma_small/050/050539.mp3,True
50543,Rock,7,data/fma_small/050/050543.mp3,True
50752,Rock,7,data/fma_small/050/050752.mp3,True
50753,Rock,7,data/fma_small/050/050753.mp3,True
50754,Rock,7,data/fma_small/050/050754.mp3,True
50836,Experimental,1,data/fma_small/050/050836.mp3,True
50952,Folk,2,data/fma_small/050/050952.mp3,True
50955,Instrumental,4,data/fma_small/050/050955.mp3,True
50956,Instrumental,4,data/fma_small/050/050956.mp3,True
51004,International,5,data/fma_small/051/051004.mp3,True
51005,International,5,data/fma_small/051/051005.mp3,True
51006,International,5,data/fma_small/051/051006.mp3,True
51111,Experimental,1,data/fma_small/051/051111.mp3,True
51112,Experimental,1,data/fma_small/051/051112.mp3,True
51113,Experimental,1,data/fma_small/051/051113.mp3,True
51114,Experimental,1,data/fma_small/051/051114.mp3,True
51115,Experimental,1,data/fma_small/051/051115.mp3,True
51117,Experimental,1,data/fma_small/051/051117.mp3,True
51118,Experimental,1,data/fma_small/051/051118.mp3,True
51120,Pop,6,data/fma_small/051/051120.mp3,True
51157,Experimental,1,data/fma_small/051/051157.mp3,True
51158,Experimental,1,data/fma_small/051/051158.mp3,True
51203,Experimental,1,data/fma_small/051/051203.mp3,True
51260,Pop,6,data/fma_small/051/051260.mp3,True
51261,Pop,6,data/fma_small/051/051261.mp3,True
51262,Pop,6,data/fma_small/051/051262.mp3,True
51263,Pop,6,data/fma_small/051/051263.mp3,True
51265,Pop,6,data/fma_small/051/051265.mp3,True
51267,Pop,6,data/fma_small/051/051267.mp3,True
51268,Pop,6,data/fma_small/051/051268.mp3,True
51269,Pop,6,data/fma_small/051/051269.mp3,True
51271,Pop,6,data/fma_small/051/051271.mp3,True
51272,Pop,6,data/fma_small/051/051272.mp3,True
51273,Pop,6,data/fma_small/051/051273.mp3,True
51274,Pop,6,data/fma_small/051/051274.mp3,True
51275,Pop,6,data/fma_small/051/051275.mp3,True
51276,Pop,6,data/fma_small/051/051276.mp3,True
51278,Pop,6,data/fma_small/051/051278.mp3,True
51291,Pop,6,data/fma_small/051/051291.mp3,True
51292,Pop,6,data/fma_small/051/051292.mp3,True
51301,Experimental,1,data/fma_small/051/051301.mp3,True
51305,Experimental,1,data/fma_small/051/051305.mp3,True
51333,Folk,2,data/fma_small/051/051333.mp3,True
51479,Experimental,1,data/fma_small/051/051479.mp3,True
51655,Folk,2,data/fma_small/051/051655.mp3,True
51659,Folk,2,data/fma_small/051/051659.mp3,True
51661,Folk,2,data/fma_small/051/051661.mp3,True
51776,Instrumental,4,data/fma_small/051/051776.mp3,True
51784,Electronic,0,data/fma_small/051/051784.mp3,True
51785,Electronic,0,data/fma_small/051/051785.mp3,True
51918,Folk,2,data/fma_small/051/051918.mp3,True
51919,Folk,2,data/fma_small/051/051919.mp3,True
51923,Electronic,0,data/fma_small/051/051923.mp3,True
51954,Electronic,0,data/fma_small/051/051954.mp3,True
51991,International,5,data/fma_small/051/051991.mp3,True
51992,International,5,data/fma_small/051/051992.mp3,True
51998,International,5,data/fma_small/051/051998.mp3,True
51999,International,5,data/fma_small/051/051999.mp3,True
52000,International,5,data/fma_small/052/052000.mp3,True
52001,International,5,data/fma_small/052/052001.mp3,True
52034,Pop,6,data/fma_small/052/052034.mp3,True
52035,Pop,6,data/fma_small/052/052035.mp3,True
52036,Pop,6,data/fma_small/052/052036.mp3,True
52037,Pop,6,data/fma_small/052/052037.mp3,True
52039,Pop,6,data/fma_small/052/052039.mp3,True
52040,Pop,6,data/fma_small/052/052040.mp3,True
52041,Pop,6,data/fma_small/052/052041.mp3,True
52042,Pop,6,data/fma_small/052/052042.mp3,True
52044,Pop,6,data/fma_small/052/052044.mp3,True
52045,Pop,6,data/fma_small/052/052045.mp3,True
52118,International,5,data/fma_small/052/052118.mp3,True
52119,International,5,data/fma_small/052/052119.mp3,True
52120,International,5,data/fma_small/052/052120.mp3,True
52121,International,5,data/fma_small/052/052121.mp3,True
52122,International,5,data/fma_small/052/052122.mp3,True
52123,International,5,data/fma_small/052/052123.mp3,True
52124,International,5,data/fma_small/052/052124.mp3,True
52125,International,5,data/fma_small/052/052125.mp3,True
52126,International,5,data/fma_small/052/052126.mp3,True
52127,International,5,data/fma_small/052/052127.mp3,True
52128,International,5,data/fma_small/052/052128.mp3,True
52129,International,5,data/fma_small/052/052129.mp3,True
52141,Experimental,1,data/fma_small/052/052141.mp3,True
52375,Pop,6,data/fma_small/052/052375.mp3,True
52380,Pop,6,data/fma_small/052/052380.mp3,True
52389,Pop,6,data/fma_small/052/052389.mp3,True
52393,Pop,6,data/fma_small/052/052393.mp3,True
52409,Electronic,0,data/fma_small/052/052409.mp3,True
52446,Instrumental,4,data/fma_small/052/052446.mp3,True
52447,Instrumental,4,data/fma_small/052/052447.mp3,True
52448,Instrumental,4,data/fma_small/052/052448.mp3,True
52449,Instrumental,4,data/fma_small/052/052449.mp3,True
52451,Instrumental,4,data/fma_small/052/052451.mp3,True
52452,Instrumental,4,data/fma_small/052/052452.mp3,True
52500,Folk,2,data/fma_small/052/052500.mp3,True
52501,Folk,2,data/fma_small/052/052501.mp3,True
52502,Folk,2,data/fma_small/052/052502.mp3,True
52508,Folk,2,data/fma_small/052/052508.mp3,True
52522,Rock,7,data/fma_small/052/052522.mp3,True
52579,Hip-Hop,3,data/fma_small/052/052579.mp3,True
52628,Electronic,0,data/fma_small/052/052628.mp3,True
52629,Electronic,0,data/fma_small/052/052629.mp3,True
52630,Electronic,0,data/fma_small/052/052630.mp3,True
52631,Electronic,0,data/fma_small/052/052631.mp3,True
52632,Electronic,0,data/fma_small/052/052632.mp3,True
52633,Electronic,0,data/fma_small/052/052633.mp3,True
52634,Electronic,0,data/fma_small/052/052634.mp3,True
52635,Electronic,0,data/fma_small/052/052635.mp3,True
52636,Electronic,0,data/fma_small/052/052636.mp3,True
52637,Electronic,0,data/fma_small/052/052637.mp3,True
52638,Electronic,0,data/fma_small/052/052638.mp3,True
52639,Electronic,0,data/fma_small/052/052639.mp3,True
52641,Electronic,0,data/fma_small/052/052641.mp3,True
52642,Electronic,0,data/fma_small/052/052642.mp3,True
52644,Electronic,0,data/fma_small/052/052644.mp3,True
52645,Electronic,0,data/fma_small/052/052645.mp3,True
52646,Electronic,0,data/fma_small/052/052646.mp3,True
52647,Electronic,0,data/fma_small/052/052647.mp3,True
52648,Electronic,0,data/fma_small/052/052648.mp3,True
52649,Electronic,0,data/fma_small/052/052649.mp3,True
52650,Electronic,0,data/fma_small/052/052650.mp3,True
52859,Experimental,1,data/fma_small/052/052859.mp3,True
52860,Experimental,1,data/fma_small/052/052860.mp3,True
52861,Experimental,1,data/fma_small/052/052861.mp3,True
52862,Experimental,1,data/fma_small/052/052862.mp3,True
52945,Folk,2,data/fma_small/052/052945.mp3,True
52946,Folk,2,data/fma_small/052/052946.mp3,True
52947,Folk,2,data/fma_small/052/052947.mp3,True
52948,Folk,2,data/fma_small/052/052948.mp3,True
52950,Folk,2,data/fma_small/052/052950.mp3,True
52951,Folk,2,data/fma_small/052/052951.mp3,True
52953,Folk,2,data/fma_small/052/052953.mp3,True
52954,Folk,2,data/fma_small/052/052954.mp3,True
52955,Folk,2,data/fma_small/052/052955.mp3,True
53152,International,5,data/fma_small/053/053152.mp3,True
53154,International,5,data/fma_small/053/053154.mp3,True
53156,International,5,data/fma_small/053/053156.mp3,True
53157,International,5,data/fma_small/053/053157.mp3,True
53158,International,5,data/fma_small/053/053158.mp3,True
53159,International,5,data/fma_small/053/053159.mp3,True
53160,International,5,data/fma_small/053/053160.mp3,True
53228,Pop,6,data/fma_small/053/053228.mp3,True
53229,Pop,6,data/fma_small/053/053229.mp3,True
53299,International,5,data/fma_small/053/053299.mp3,True
53300,International,5,data/fma_small/053/053300.mp3,True
53301,International,5,data/fma_small/053/053301.mp3,True
53302,International,5,data/fma_small/053/053302.mp3,True
53379,Hip-Hop,3,data/fma_small/053/053379.mp3,True
53381,Hip-Hop,3,data/fma_small/053/053381.mp3,True
53457,Electronic,0,data/fma_small/053/053457.mp3,True
53496,Electronic,0,data/fma_small/053/053496.mp3,True
53576,Folk,2,data/fma_small/053/053576.mp3,True
53578,Folk,2,data/fma_small/053/053578.mp3,True
53586,Folk,2,data/fma_small/053/053586.mp3,True
53587,Folk,2,data/fma_small/053/053587.mp3,True
53588,Folk,2,data/fma_small/053/053588.mp3,True
53589,Folk,2,data/fma_small/053/053589.mp3,True
53591,Pop,6,data/fma_small/053/053591.mp3,True
53592,Pop,6,data/fma_small/053/053592.mp3,True
53675,Experimental,1,data/fma_small/053/053675.mp3,True
53723,International,5,data/fma_small/053/053723.mp3,True
53724,International,5,data/fma_small/053/053724.mp3,True
53725,International,5,data/fma_small/053/053725.mp3,True
53726,International,5,data/fma_small/053/053726.mp3,True
53727,International,5,data/fma_small/053/053727.mp3,True
53728,International,5,data/fma_small/053/053728.mp3,True
53729,Experimental,1,data/fma_small/053/053729.mp3,True
53807,Rock,7,data/fma_small/053/053807.mp3,True
53862,Electronic,0,data/fma_small/053/053862.mp3,True
53863,Electronic,0,data/fma_small/053/053863.mp3,True
53937,Pop,6,data/fma_small/053/053937.mp3,True
54019,Experimental,1,data/fma_small/054/054019.mp3,True
54031,Pop,6,data/fma_small/054/054031.mp3,True
54032,Pop,6,data/fma_small/054/054032.mp3,True
54033,Pop,6,data/fma_small/054/054033.mp3,True
54034,Pop,6,data/fma_small/054/054034.mp3,True
54037,Pop,6,data/fma_small/054/054037.mp3,True
54039,Pop,6,data/fma_small/054/054039.mp3,True
54061,Folk,2,data/fma_small/054/054061.mp3,True
54062,Folk,2,data/fma_small/054/054062.mp3,True
54063,Folk,2,data/fma_small/054/054063.mp3,True
54064,Folk,2,data/fma_small/054/054064.mp3,True
54149,Instrumental,4,data/fma_small/054/054149.mp3,True
54150,Instrumental,4,data/fma_small/054/054150.mp3,True
54151,Instrumental,4,data/fma_small/054/054151.mp3,True
54152,Instrumental,4,data/fma_small/054/054152.mp3,True
54153,Instrumental,4,data/fma_small/054/054153.mp3,True
54154,Instrumental,4,data/fma_small/054/054154.mp3,True
54155,Instrumental,4,data/fma_small/054/054155.mp3,True
54156,Instrumental,4,data/fma_small/054/054156.mp3,True
54158,Instrumental,4,data/fma_small/054/054158.mp3,True
54159,Instrumental,4,data/fma_small/054/054159.mp3,True
54160,Instrumental,4,data/fma_small/054/054160.mp3,True
54163,Rock,7,data/fma_small/054/054163.mp3,True
54234,Pop,6,data/fma_small/054/054234.mp3,True
54235,Pop,6,data/fma_small/054/054235.mp3,True
54236,Pop,6,data/fma_small/054/054236.mp3,True
54237,Pop,6,data/fma_small/054/054237.mp3,True
54297,Folk,2,data/fma_small/054/054297.mp3,True
54335,Electronic,0,data/fma_small/054/054335.mp3,True
54365,Hip-Hop,3,data/fma_small/054/054365.mp3,True
54376,Hip-Hop,3,data/fma_small/054/054376.mp3,True
54433,International,5,data/fma_small/054/054433.mp3,True
54436,International,5,data/fma_small/054/054436.mp3,True
54437,International,5,data/fma_small/054/054437.mp3,True
54438,International,5,data/fma_small/054/054438.mp3,True
54442,International,5,data/fma_small/054/054442.mp3,True
54443,International,5,data/fma_small/054/054443.mp3,True
54463,International,5,data/fma_small/054/054463.mp3,True
54464,International,5,data/fma_small/054/054464.mp3,True
54465,International,5,data/fma_small/054/054465.mp3,True
54466,International,5,data/fma_small/054/054466.mp3,True
54467,International,5,data/fma_small/054/054467.mp3,True
54468,International,5,data/fma_small/054/054468.mp3,True
54469,International,5,data/fma_small/054/054469.mp3,True
54470,International,5,data/fma_small/054/054470.mp3,True
54475,International,5,data/fma_small/054/054475.mp3,True
54476,International,5,data/fma_small/054/054476.mp3,True
54479,International,5,data/fma_small/054/054479.mp3,True
54480,International,5,data/fma_small/054/054480.mp3,True
54481,International,5,data/fma_small/054/054481.mp3,True
54482,International,5,data/fma_small/054/054482.mp3,True
54496,Experimental,1,data/fma_small/054/054496.mp3,True
54554,Experimental,1,data/fma_small/054/054554.mp3,True
54568,International,5,data/fma_small/054/054568.mp3,True
54570,International,5,data/fma_small/054/054570.mp3,True
54576,International,5,data/fma_small/054/054576.mp3,True
54578,International,5,data/fma_small/054/054578.mp3,True
54580,International,5,data/fma_small/054/054580.mp3,True
54621,Rock,7,data/fma_small/054/054621.mp3,True
54623,Rock,7,data/fma_small/054/054623.mp3,True
54624,Rock,7,data/fma_small/054/054624.mp3,True
54625,Rock,7,data/fma_small/054/054625.mp3,True
54626,Rock,7,data/fma_small/054/054626.mp3,True
54662,Electronic,0,data/fma_small/054/054662.mp3,True
54664,Pop,6,data/fma_small/054/054664.mp3,True
54665,Pop,6,data/fma_small/054/054665.mp3,True
54666,Pop,6,data/fma_small/054/054666.mp3,True
54667,Pop,6,data/fma_small/054/054667.mp3,True
54703,Folk,2,data/fma_small/054/054703.mp3,True
54719,Electronic,0,data/fma_small/054/054719.mp3,True
54735,Rock,7,data/fma_small/054/054735.mp3,True
54753,Hip-Hop,3,data/fma_small/054/054753.mp3,True
54874,Electronic,0,data/fma_small/054/054874.mp3,True
54942,Rock,7,data/fma_small/054/054942.mp3,True
55076,Pop,6,data/fma_small/055/055076.mp3,True
55097,Hip-Hop,3,data/fma_small/055/055097.mp3,True
55100,Hip-Hop,3,data/fma_small/055/055100.mp3,True
55101,Hip-Hop,3,data/fma_small/055/055101.mp3,True
55102,Hip-Hop,3,data/fma_small/055/055102.mp3,True
55113,Hip-Hop,3,data/fma_small/055/055113.mp3,True
55119,Hip-Hop,3,data/fma_small/055/055119.mp3,True
55120,Hip-Hop,3,data/fma_small/055/055120.mp3,True
55121,Hip-Hop,3,data/fma_small/055/055121.mp3,True
55122,Hip-Hop,3,data/fma_small/055/055122.mp3,True
55123,Hip-Hop,3,data/fma_small/055/055123.mp3,True
55124,Hip-Hop,3,data/fma_small/055/055124.mp3,True
55149,Electronic,0,data/fma_small/055/055149.mp3,True
55183,Electronic,0,data/fma_small/055/055183.mp3,True
55186,Electronic,0,data/fma_small/055/055186.mp3,True
55231,International,5,data/fma_small/055/055231.mp3,True
55232,International,5,data/fma_small/055/055232.mp3,True
55233,International,5,data/fma_small/055/055233.mp3,True
55234,International,5,data/fma_small/055/055234.mp3,True
55235,International,5,data/fma_small/055/055235.mp3,True
55236,International,5,data/fma_small/055/055236.mp3,True
55237,International,5,data/fma_small/055/055237.mp3,True
55238,International,5,data/fma_small/055/055238.mp3,True
55240,International,5,data/fma_small/055/055240.mp3,True
55241,International,5,data/fma_small/055/055241.mp3,True
55242,International,5,data/fma_small/055/055242.mp3,True
55285,Pop,6,data/fma_small/055/055285.mp3,True
55286,Pop,6,data/fma_small/055/055286.mp3,True
55287,Pop,6,data/fma_small/055/055287.mp3,True
55288,Pop,6,data/fma_small/055/055288.mp3,True
55289,Pop,6,data/fma_small/055/055289.mp3,True
55290,Pop,6,data/fma_small/055/055290.mp3,True
55291,Pop,6,data/fma_small/055/055291.mp3,True
55292,Pop,6,data/fma_small/055/055292.mp3,True
55293,Pop,6,data/fma_small/055/055293.mp3,True
55294,Pop,6,data/fma_small/055/055294.mp3,True
55295,Pop,6,data/fma_small/055/055295.mp3,True
55402,Rock,7,data/fma_small/055/055402.mp3,True
55430,Pop,6,data/fma_small/055/055430.mp3,True
55436,Pop,6,data/fma_small/055/055436.mp3,True
55437,Pop,6,data/fma_small/055/055437.mp3,True
55480,Experimental,1,data/fma_small/055/055480.mp3,True
55481,Experimental,1,data/fma_small/055/055481.mp3,True
55549,Hip-Hop,3,data/fma_small/055/055549.mp3,True
55572,Hip-Hop,3,data/fma_small/055/055572.mp3,True
55709,Rock,7,data/fma_small/055/055709.mp3,True
55710,Rock,7,data/fma_small/055/055710.mp3,True
55711,Rock,7,data/fma_small/055/055711.mp3,True
55712,Rock,7,data/fma_small/055/055712.mp3,True
55713,Rock,7,data/fma_small/055/055713.mp3,True
55714,Rock,7,data/fma_small/055/055714.mp3,True
55715,Rock,7,data/fma_small/055/055715.mp3,True
55716,Rock,7,data/fma_small/055/055716.mp3,True
55717,Rock,7,data/fma_small/055/055717.mp3,True
55718,Rock,7,data/fma_small/055/055718.mp3,True
55719,Rock,7,data/fma_small/055/055719.mp3,True
55782,Electronic,0,data/fma_small/055/055782.mp3,True
55783,Electronic,0,data/fma_small/055/055783.mp3,True
55786,Electronic,0,data/fma_small/055/055786.mp3,True
55807,Electronic,0,data/fma_small/055/055807.mp3,True
55808,Electronic,0,data/fma_small/055/055808.mp3,True
55809,Electronic,0,data/fma_small/055/055809.mp3,True
55810,Electronic,0,data/fma_small/055/055810.mp3,True
55811,Electronic,0,data/fma_small/055/055811.mp3,True
55826,International,5,data/fma_small/055/055826.mp3,True
55827,International,5,data/fma_small/055/055827.mp3,True
55828,International,5,data/fma_small/055/055828.mp3,True
55830,International,5,data/fma_small/055/055830.mp3,True
55831,International,5,data/fma_small/055/055831.mp3,True
55832,International,5,data/fma_small/055/055832.mp3,True
55833,International,5,data/fma_small/055/055833.mp3,True
55900,Hip-Hop,3,data/fma_small/055/055900.mp3,True
56010,Experimental,1,data/fma_small/056/056010.mp3,True
56015,Experimental,1,data/fma_small/056/056015.mp3,True
56020,Experimental,1,data/fma_small/056/056020.mp3,True
56028,Electronic,0,data/fma_small/056/056028.mp3,True
56029,Electronic,0,data/fma_small/056/056029.mp3,True
56030,International,5,data/fma_small/056/056030.mp3,True
56031,Experimental,1,data/fma_small/056/056031.mp3,True
56033,Experimental,1,data/fma_small/056/056033.mp3,True
56034,Electronic,0,data/fma_small/056/056034.mp3,True
56036,Electronic,0,data/fma_small/056/056036.mp3,True
56247,Pop,6,data/fma_small/056/056247.mp3,True
56248,Pop,6,data/fma_small/056/056248.mp3,True
56249,Pop,6,data/fma_small/056/056249.mp3,True
56273,Pop,6,data/fma_small/056/056273.mp3,True
56274,Pop,6,data/fma_small/056/056274.mp3,True
56275,Pop,6,data/fma_small/056/056275.mp3,True
56460,Pop,6,data/fma_small/056/056460.mp3,True
56465,International,5,data/fma_small/056/056465.mp3,True
56466,International,5,data/fma_small/056/056466.mp3,True
56467,International,5,data/fma_small/056/056467.mp3,True
56468,International,5,data/fma_small/056/056468.mp3,True
56469,International,5,data/fma_small/056/056469.mp3,True
56470,International,5,data/fma_small/056/056470.mp3,True
56471,International,5,data/fma_small/056/056471.mp3,True
56472,International,5,data/fma_small/056/056472.mp3,True
56474,International,5,data/fma_small/056/056474.mp3,True
56493,Hip-Hop,3,data/fma_small/056/056493.mp3,True
56495,Hip-Hop,3,data/fma_small/056/056495.mp3,True
56496,Hip-Hop,3,data/fma_small/056/056496.mp3,True
56497,Hip-Hop,3,data/fma_small/056/056497.mp3,True
56498,Hip-Hop,3,data/fma_small/056/056498.mp3,True
56499,Hip-Hop,3,data/fma_small/056/056499.mp3,True
56516,Folk,2,data/fma_small/056/056516.mp3,True
56517,Folk,2,data/fma_small/056/056517.mp3,True
56518,Folk,2,data/fma_small/056/056518.mp3,True
56519,Folk,2,data/fma_small/056/056519.mp3,True
56520,Folk,2,data/fma_small/056/056520.mp3,True
56521,Folk,2,data/fma_small/056/056521.mp3,True
56523,Electronic,0,data/fma_small/056/056523.mp3,True
56552,Rock,7,data/fma_small/056/056552.mp3,True
56559,Rock,7,data/fma_small/056/056559.mp3,True
56639,Hip-Hop,3,data/fma_small/056/056639.mp3,True
56640,Hip-Hop,3,data/fma_small/056/056640.mp3,True
56641,Hip-Hop,3,data/fma_small/056/056641.mp3,True
56645,Rock,7,data/fma_small/056/056645.mp3,True
56646,Rock,7,data/fma_small/056/056646.mp3,True
56648,Rock,7,data/fma_small/056/056648.mp3,True
56649,Rock,7,data/fma_small/056/056649.mp3,True
56650,Rock,7,data/fma_small/056/056650.mp3,True
56651,Rock,7,data/fma_small/056/056651.mp3,True
56686,International,5,data/fma_small/056/056686.mp3,True
56687,International,5,data/fma_small/056/056687.mp3,True
56688,International,5,data/fma_small/056/056688.mp3,True
56689,International,5,data/fma_small/056/056689.mp3,True
56690,International,5,data/fma_small/056/056690.mp3,True
56691,International,5,data/fma_small/056/056691.mp3,True
56692,International,5,data/fma_small/056/056692.mp3,True
56693,International,5,data/fma_small/056/056693.mp3,True
56694,International,5,data/fma_small/056/056694.mp3,True
56695,International,5,data/fma_small/056/056695.mp3,True
56696,International,5,data/fma_small/056/056696.mp3,True
56795,Electronic,0,data/fma_small/056/056795.mp3,True
56796,Electronic,0,data/fma_small/056/056796.mp3,True
56797,Electronic,0,data/fma_small/056/056797.mp3,True
56798,Electronic,0,data/fma_small/056/056798.mp3,True
56799,Electronic,0,data/fma_small/056/056799.mp3,True
56800,Electronic,0,data/fma_small/056/056800.mp3,True
56801,Electronic,0,data/fma_small/056/056801.mp3,True
56802,Electronic,0,data/fma_small/056/056802.mp3,True
56803,Electronic,0,data/fma_small/056/056803.mp3,True
56804,Electronic,0,data/fma_small/056/056804.mp3,True
56805,Electronic,0,data/fma_small/056/056805.mp3,True
56874,Electronic,0,data/fma_small/056/056874.mp3,True
56888,Experimental,1,data/fma_small/056/056888.mp3,True
56895,Pop,6,data/fma_small/056/056895.mp3,True
56929,Rock,7,data/fma_small/056/056929.mp3,True
57078,Pop,6,data/fma_small/057/057078.mp3,True
57164,Folk,2,data/fma_small/057/057164.mp3,True
57175,Folk,2,data/fma_small/057/057175.mp3,True
57176,Folk,2,data/fma_small/057/057176.mp3,True
57177,Folk,2,data/fma_small/057/057177.mp3,True
57178,Pop,6,data/fma_small/057/057178.mp3,True
57179,Pop,6,data/fma_small/057/057179.mp3,True
57180,Pop,6,data/fma_small/057/057180.mp3,True
57271,Experimental,1,data/fma_small/057/057271.mp3,True
57272,Experimental,1,data/fma_small/057/057272.mp3,True
57273,Experimental,1,data/fma_small/057/057273.mp3,True
57274,Experimental,1,data/fma_small/057/057274.mp3,True
57344,Experimental,1,data/fma_small/057/057344.mp3,True
57360,Experimental,1,data/fma_small/057/057360.mp3,True
57371,Instrumental,4,data/fma_small/057/057371.mp3,True
57417,Electronic,0,data/fma_small/057/057417.mp3,True
57418,Instrumental,4,data/fma_small/057/057418.mp3,True
57435,Pop,6,data/fma_small/057/057435.mp3,True
57437,Pop,6,data/fma_small/057/057437.mp3,True
57439,Pop,6,data/fma_small/057/057439.mp3,True
57440,Experimental,1,data/fma_small/057/057440.mp3,True
57442,Experimental,1,data/fma_small/057/057442.mp3,True
57500,Rock,7,data/fma_small/057/057500.mp3,True
57540,Electronic,0,data/fma_small/057/057540.mp3,True
57569,Rock,7,data/fma_small/057/057569.mp3,True
57626,Experimental,1,data/fma_small/057/057626.mp3,True
57627,Experimental,1,data/fma_small/057/057627.mp3,True
57628,Experimental,1,data/fma_small/057/057628.mp3,True
57629,Experimental,1,data/fma_small/057/057629.mp3,True
57630,Experimental,1,data/fma_small/057/057630.mp3,True
57639,Folk,2,data/fma_small/057/057639.mp3,True
57640,Folk,2,data/fma_small/057/057640.mp3,True
57648,Folk,2,data/fma_small/057/057648.mp3,True
57658,Rock,7,data/fma_small/057/057658.mp3,True
57661,Rock,7,data/fma_small/057/057661.mp3,True
57662,Rock,7,data/fma_small/057/057662.mp3,True
57663,Rock,7,data/fma_small/057/057663.mp3,True
57665,International,5,data/fma_small/057/057665.mp3,True
57691,International,5,data/fma_small/057/057691.mp3,True
57697,International,5,data/fma_small/057/057697.mp3,True
57819,Hip-Hop,3,data/fma_small/057/057819.mp3,True
57820,Hip-Hop,3,data/fma_small/057/057820.mp3,True
57821,Hip-Hop,3,data/fma_small/057/057821.mp3,True
57822,Hip-Hop,3,data/fma_small/057/057822.mp3,True
57823,Hip-Hop,3,data/fma_small/057/057823.mp3,True
57891,Rock,7,data/fma_small/057/057891.mp3,True
57892,Rock,7,data/fma_small/057/057892.mp3,True
57936,Experimental,1,data/fma_small/057/057936.mp3,True
57937,Experimental,1,data/fma_small/057/057937.mp3,True
57938,Experimental,1,data/fma_small/057/057938.mp3,True
57939,Experimental,1,data/fma_small/057/057939.mp3,True
57943,Experimental,1,data/fma_small/057/057943.mp3,True
57968,Rock,7,data/fma_small/057/057968.mp3,True
58052,Experimental,1,data/fma_small/058/058052.mp3,True
58053,Experimental,1,data/fma_small/058/058053.mp3,True
58054,Experimental,1,data/fma_small/058/058054.mp3,True
58060,Experimental,1,data/fma_small/058/058060.mp3,True
58061,Experimental,1,data/fma_small/058/058061.mp3,True
58063,Experimental,1,data/fma_small/058/058063.mp3,True
58068,Experimental,1,data/fma_small/058/058068.mp3,True
58070,Experimental,1,data/fma_small/058/058070.mp3,True
58115,Pop,6,data/fma_small/058/058115.mp3,True
58116,Pop,6,data/fma_small/058/058116.mp3,True
58117,Pop,6,data/fma_small/058/058117.mp3,True
58135,Folk,2,data/fma_small/058/058135.mp3,True
58140,Folk,2,data/fma_small/058/058140.mp3,True
58161,Pop,6,data/fma_small/058/058161.mp3,True
58162,Pop,6,data/fma_small/058/058162.mp3,True
58164,Pop,6,data/fma_small/058/058164.mp3,True
58166,Pop,6,data/fma_small/058/058166.mp3,True
58169,Pop,6,data/fma_small/058/058169.mp3,True
58170,Pop,6,data/fma_small/058/058170.mp3,True
58173,Pop,6,data/fma_small/058/058173.mp3,True
58174,Pop,6,data/fma_small/058/058174.mp3,True
58207,Hip-Hop,3,data/fma_small/058/058207.mp3,True
58212,Hip-Hop,3,data/fma_small/058/058212.mp3,True
58213,Hip-Hop,3,data/fma_small/058/058213.mp3,True
58215,Hip-Hop,3,data/fma_small/058/058215.mp3,True
58221,Rock,7,data/fma_small/058/058221.mp3,True
58225,Rock,7,data/fma_small/058/058225.mp3,True
58333,Rock,7,data/fma_small/058/058333.mp3,True
58334,Rock,7,data/fma_small/058/058334.mp3,True
58341,Electronic,0,data/fma_small/058/058341.mp3,True
58474,Pop,6,data/fma_small/058/058474.mp3,True
58539,Rock,7,data/fma_small/058/058539.mp3,True
58540,Rock,7,data/fma_small/058/058540.mp3,True
58541,Rock,7,data/fma_small/058/058541.mp3,True
58542,Rock,7,data/fma_small/058/058542.mp3,True
58543,Rock,7,data/fma_small/058/058543.mp3,True
59078,Rock,7,data/fma_small/059/059078.mp3,True
59373,Rock,7,data/fma_small/059/059373.mp3,True
59374,Rock,7,data/fma_small/059/059374.mp3,True
59443,Pop,6,data/fma_small/059/059443.mp3,True
59445,Pop,6,data/fma_small/059/059445.mp3,True
59446,Pop,6,data/fma_small/059/059446.mp3,True
59448,Pop,6,data/fma_small/059/059448.mp3,True
59449,Pop,6,data/fma_small/059/059449.mp3,True
59451,Pop,6,data/fma_small/059/059451.mp3,True
59454,Pop,6,data/fma_small/059/059454.mp3,True
59561,Rock,7,data/fma_small/059/059561.mp3,True
59562,Rock,7,data/fma_small/059/059562.mp3,True
59581,International,5,data/fma_small/059/059581.mp3,True
59653,International,5,data/fma_small/059/059653.mp3,True
59654,International,5,data/fma_small/059/059654.mp3,True
59656,International,5,data/fma_small/059/059656.mp3,True
59657,International,5,data/fma_small/059/059657.mp3,True
59658,International,5,data/fma_small/059/059658.mp3,True
59659,International,5,data/fma_small/059/059659.mp3,True
59660,International,5,data/fma_small/059/059660.mp3,True
59663,International,5,data/fma_small/059/059663.mp3,True
59664,International,5,data/fma_small/059/059664.mp3,True
59666,International,5,data/fma_small/059/059666.mp3,True
59667,International,5,data/fma_small/059/059667.mp3,True
59669,International,5,data/fma_small/059/059669.mp3,True
59671,International,5,data/fma_small/059/059671.mp3,True
59673,International,5,data/fma_small/059/059673.mp3,True
59675,International,5,data/fma_small/059/059675.mp3,True
59676,International,5,data/fma_small/059/059676.mp3,True
59677,International,5,data/fma_small/059/059677.mp3,True
59678,International,5,data/fma_small/059/059678.mp3,True
59679,International,5,data/fma_small/059/059679.mp3,True
59680,International,5,data/fma_small/059/059680.mp3,True
59681,International,5,data/fma_small/059/059681.mp3,True
59682,International,5,data/fma_small/059/059682.mp3,True
59683,International,5,data/fma_small/059/059683.mp3,True
59684,International,5,data/fma_small/059/059684.mp3,True
59685,International,5,data/fma_small/059/059685.mp3,True
59686,International,5,data/fma_small/059/059686.mp3,True
59687,International,5,data/fma_small/059/059687.mp3,True
59688,International,5,data/fma_small/059/059688.mp3,True
59695,International,5,data/fma_small/059/059695.mp3,True
59702,International,5,data/fma_small/059/059702.mp3,True
59706,International,5,data/fma_small/059/059706.mp3,True
59707,International,5,data/fma_small/059/059707.mp3,True
59708,International,5,data/fma_small/059/059708.mp3,True
59709,International,5,data/fma_small/059/059709.mp3,True
59710,International,5,data/fma_small/059/059710.mp3,True
59711,International,5,data/fma_small/059/059711.mp3,True
59718,International,5,data/fma_small/059/059718.mp3,True
59719,International,5,data/fma_small/059/059719.mp3,True
59720,International,5,data/fma_small/059/059720.mp3,True
59721,International,5,data/fma_small/059/059721.mp3,True
59723,International,5,data/fma_small/059/059723.mp3,True
59724,International,5,data/fma_small/059/059724.mp3,True
59725,International,5,data/fma_small/059/059725.mp3,True
59726,International,5,data/fma_small/059/059726.mp3,True
59727,International,5,data/fma_small/059/059727.mp3,True
59823,Experimental,1,data/fma_small/059/059823.mp3,True
59876,Rock,7,data/fma_small/059/059876.mp3,True
59930,Experimental,1,data/fma_small/059/059930.mp3,True
60037,International,5,data/fma_small/060/060037.mp3,True
60038,International,5,data/fma_small/060/060038.mp3,True
60041,International,5,data/fma_small/060/060041.mp3,True
60042,International,5,data/fma_small/060/060042.mp3,True
60045,International,5,data/fma_small/060/060045.mp3,True
60048,International,5,data/fma_small/060/060048.mp3,True
60074,Experimental,1,data/fma_small/060/060074.mp3,True
60143,International,5,data/fma_small/060/060143.mp3,True
60144,International,5,data/fma_small/060/060144.mp3,True
60145,International,5,data/fma_small/060/060145.mp3,True
60146,International,5,data/fma_small/060/060146.mp3,True
60170,Folk,2,data/fma_small/060/060170.mp3,True
60317,Experimental,1,data/fma_small/060/060317.mp3,True
60331,Experimental,1,data/fma_small/060/060331.mp3,True
60472,Hip-Hop,3,data/fma_small/060/060472.mp3,True
60474,Hip-Hop,3,data/fma_small/060/060474.mp3,True
60476,Hip-Hop,3,data/fma_small/060/060476.mp3,True
60477,Hip-Hop,3,data/fma_small/060/060477.mp3,True
60478,Hip-Hop,3,data/fma_small/060/060478.mp3,True
60510,Hip-Hop,3,data/fma_small/060/060510.mp3,True
60533,International,5,data/fma_small/060/060533.mp3,True
60534,International,5,data/fma_small/060/060534.mp3,True
60535,International,5,data/fma_small/060/060535.mp3,True
60536,International,5,data/fma_small/060/060536.mp3,True
60537,International,5,data/fma_small/060/060537.mp3,True
60544,International,5,data/fma_small/060/060544.mp3,True
60547,International,5,data/fma_small/060/060547.mp3,True
60548,International,5,data/fma_small/060/060548.mp3,True
60549,International,5,data/fma_small/060/060549.mp3,True
60736,Rock,7,data/fma_small/060/060736.mp3,True
60753,International,5,data/fma_small/060/060753.mp3,True
60754,International,5,data/fma_small/060/060754.mp3,True
60755,International,5,data/fma_small/060/060755.mp3,True
60756,International,5,data/fma_small/060/060756.mp3,True
60757,International,5,data/fma_small/060/060757.mp3,True
60758,International,5,data/fma_small/060/060758.mp3,True
60775,International,5,data/fma_small/060/060775.mp3,True
60776,International,5,data/fma_small/060/060776.mp3,True
60777,International,5,data/fma_small/060/060777.mp3,True
60857,International,5,data/fma_small/060/060857.mp3,True
60864,International,5,data/fma_small/060/060864.mp3,True
60865,International,5,data/fma_small/060/060865.mp3,True
60871,International,5,data/fma_small/060/060871.mp3,True
60872,International,5,data/fma_small/060/060872.mp3,True
60873,International,5,data/fma_small/060/060873.mp3,True
60874,International,5,data/fma_small/060/060874.mp3,True
60875,International,5,data/fma_small/060/060875.mp3,True
60994,Experimental,1,data/fma_small/060/060994.mp3,True
61006,Folk,2,data/fma_small/061/061006.mp3,True
61007,Folk,2,data/fma_small/061/061007.mp3,True
61008,Folk,2,data/fma_small/061/061008.mp3,True
61010,Folk,2,data/fma_small/061/061010.mp3,True
61011,Folk,2,data/fma_small/061/061011.mp3,True
61012,Folk,2,data/fma_small/061/061012.mp3,True
61013,Folk,2,data/fma_small/061/061013.mp3,True
61159,Hip-Hop,3,data/fma_small/061/061159.mp3,True
61160,Hip-Hop,3,data/fma_small/061/061160.mp3,True
61161,Hip-Hop,3,data/fma_small/061/061161.mp3,True
61172,Hip-Hop,3,data/fma_small/061/061172.mp3,True
61174,Hip-Hop,3,data/fma_small/061/061174.mp3,True
61175,Hip-Hop,3,data/fma_small/061/061175.mp3,True
61452,Hip-Hop,3,data/fma_small/061/061452.mp3,True
61453,Hip-Hop,3,data/fma_small/061/061453.mp3,True
61491,Rock,7,data/fma_small/061/061491.mp3,True
61492,Rock,7,data/fma_small/061/061492.mp3,True
61493,Rock,7,data/fma_small/061/061493.mp3,True
61587,Pop,6,data/fma_small/061/061587.mp3,True
61589,Pop,6,data/fma_small/061/061589.mp3,True
61591,Pop,6,data/fma_small/061/061591.mp3,True
61592,Pop,6,data/fma_small/061/061592.mp3,True
61668,Hip-Hop,3,data/fma_small/061/061668.mp3,True
61670,Pop,6,data/fma_small/061/061670.mp3,True
61679,Pop,6,data/fma_small/061/061679.mp3,True
61734,Pop,6,data/fma_small/061/061734.mp3,True
61736,Pop,6,data/fma_small/061/061736.mp3,True
61742,Pop,6,data/fma_small/061/061742.mp3,True
61814,Rock,7,data/fma_small/061/061814.mp3,True
61820,Rock,7,data/fma_small/061/061820.mp3,True
61821,Rock,7,data/fma_small/061/061821.mp3,True
61884,Hip-Hop,3,data/fma_small/061/061884.mp3,True
62001,Hip-Hop,3,data/fma_small/062/062001.mp3,True
62003,Instrumental,4,data/fma_small/062/062003.mp3,True
62005,Instrumental,4,data/fma_small/062/062005.mp3,True
62007,Instrumental,4,data/fma_small/062/062007.mp3,True
62163,Pop,6,data/fma_small/062/062163.mp3,True
62164,Pop,6,data/fma_small/062/062164.mp3,True
62165,Pop,6,data/fma_small/062/062165.mp3,True
62180,Instrumental,4,data/fma_small/062/062180.mp3,True
62183,International,5,data/fma_small/062/062183.mp3,True
62184,International,5,data/fma_small/062/062184.mp3,True
62185,International,5,data/fma_small/062/062185.mp3,True
62186,International,5,data/fma_small/062/062186.mp3,True
62187,International,5,data/fma_small/062/062187.mp3,True
62188,International,5,data/fma_small/062/062188.mp3,True
62189,International,5,data/fma_small/062/062189.mp3,True
62190,International,5,data/fma_small/062/062190.mp3,True
62191,International,5,data/fma_small/062/062191.mp3,True
62192,International,5,data/fma_small/062/062192.mp3,True
62193,International,5,data/fma_small/062/062193.mp3,True
62194,International,5,data/fma_small/062/062194.mp3,True
62195,International,5,data/fma_small/062/062195.mp3,True
62196,International,5,data/fma_small/062/062196.mp3,True
62337,Rock,7,data/fma_small/062/062337.mp3,True
62426,Folk,2,data/fma_small/062/062426.mp3,True
62436,Pop,6,data/fma_small/062/062436.mp3,True
62445,Rock,7,data/fma_small/062/062445.mp3,True
62446,Pop,6,data/fma_small/062/062446.mp3,True
62448,Pop,6,data/fma_small/062/062448.mp3,True
62449,Pop,6,data/fma_small/062/062449.mp3,True
62450,Pop,6,data/fma_small/062/062450.mp3,True
62452,Pop,6,data/fma_small/062/062452.mp3,True
62458,Rock,7,data/fma_small/062/062458.mp3,True
62525,International,5,data/fma_small/062/062525.mp3,True
62526,International,5,data/fma_small/062/062526.mp3,True
62527,International,5,data/fma_small/062/062527.mp3,True
62528,International,5,data/fma_small/062/062528.mp3,True
62529,International,5,data/fma_small/062/062529.mp3,True
62531,International,5,data/fma_small/062/062531.mp3,True
62532,International,5,data/fma_small/062/062532.mp3,True
62533,International,5,data/fma_small/062/062533.mp3,True
62534,International,5,data/fma_small/062/062534.mp3,True
62586,Rock,7,data/fma_small/062/062586.mp3,True
62589,International,5,data/fma_small/062/062589.mp3,True
62591,International,5,data/fma_small/062/062591.mp3,True
62592,International,5,data/fma_small/062/062592.mp3,True
62594,International,5,data/fma_small/062/062594.mp3,True
62595,International,5,data/fma_small/062/062595.mp3,True
62596,International,5,data/fma_small/062/062596.mp3,True
62655,Rock,7,data/fma_small/062/062655.mp3,True
62671,Electronic,0,data/fma_small/062/062671.mp3,True
62742,Pop,6,data/fma_small/062/062742.mp3,True
62748,Pop,6,data/fma_small/062/062748.mp3,True
62749,Pop,6,data/fma_small/062/062749.mp3,True
62750,Pop,6,data/fma_small/062/062750.mp3,True
62751,Pop,6,data/fma_small/062/062751.mp3,True
62753,Pop,6,data/fma_small/062/062753.mp3,True
63043,Rock,7,data/fma_small/063/063043.mp3,True
63044,Rock,7,data/fma_small/063/063044.mp3,True
63045,Rock,7,data/fma_small/063/063045.mp3,True
63064,Electronic,0,data/fma_small/063/063064.mp3,True
63065,Electronic,0,data/fma_small/063/063065.mp3,True
63117,Rock,7,data/fma_small/063/063117.mp3,True
63149,Experimental,1,data/fma_small/063/063149.mp3,True
63159,Experimental,1,data/fma_small/063/063159.mp3,True
63161,Experimental,1,data/fma_small/063/063161.mp3,True
63191,Rock,7,data/fma_small/063/063191.mp3,True
63208,Folk,2,data/fma_small/063/063208.mp3,True
63224,Pop,6,data/fma_small/063/063224.mp3,True
63226,Pop,6,data/fma_small/063/063226.mp3,True
63250,Folk,2,data/fma_small/063/063250.mp3,True
63251,Folk,2,data/fma_small/063/063251.mp3,True
63252,Folk,2,data/fma_small/063/063252.mp3,True
63253,Folk,2,data/fma_small/063/063253.mp3,True
63255,Folk,2,data/fma_small/063/063255.mp3,True
63257,Folk,2,data/fma_small/063/063257.mp3,True
63258,Folk,2,data/fma_small/063/063258.mp3,True
63287,Instrumental,4,data/fma_small/063/063287.mp3,True
63289,Instrumental,4,data/fma_small/063/063289.mp3,True
63290,Instrumental,4,data/fma_small/063/063290.mp3,True
63291,Instrumental,4,data/fma_small/063/063291.mp3,True
63292,Instrumental,4,data/fma_small/063/063292.mp3,True
63456,Folk,2,data/fma_small/063/063456.mp3,True
63457,Folk,2,data/fma_small/063/063457.mp3,True
63470,Rock,7,data/fma_small/063/063470.mp3,True
63471,Rock,7,data/fma_small/063/063471.mp3,True
63472,Rock,7,data/fma_small/063/063472.mp3,True
63626,Experimental,1,data/fma_small/063/063626.mp3,True
63655,Electronic,0,data/fma_small/063/063655.mp3,True
63733,Hip-Hop,3,data/fma_small/063/063733.mp3,True
63747,Hip-Hop,3,data/fma_small/063/063747.mp3,True
63755,Hip-Hop,3,data/fma_small/063/063755.mp3,True
63757,Hip-Hop,3,data/fma_small/063/063757.mp3,True
63770,Hip-Hop,3,data/fma_small/063/063770.mp3,True
63789,Hip-Hop,3,data/fma_small/063/063789.mp3,True
63803,Hip-Hop,3,data/fma_small/063/063803.mp3,True
63804,Hip-Hop,3,data/fma_small/063/063804.mp3,True
63805,Hip-Hop,3,data/fma_small/063/063805.mp3,True
63874,Hip-Hop,3,data/fma_small/063/063874.mp3,True
63900,Hip-Hop,3,data/fma_small/063/063900.mp3,True
63908,Hip-Hop,3,data/fma_small/063/063908.mp3,True
63922,Rock,7,data/fma_small/063/063922.mp3,True
63936,Experimental,1,data/fma_small/063/063936.mp3,True
63999,Pop,6,data/fma_small/063/063999.mp3,True
64005,Pop,6,data/fma_small/064/064005.mp3,True
64006,Pop,6,data/fma_small/064/064006.mp3,True
64007,Pop,6,data/fma_small/064/064007.mp3,True
64008,Pop,6,data/fma_small/064/064008.mp3,True
64009,Pop,6,data/fma_small/064/064009.mp3,True
64035,Rock,7,data/fma_small/064/064035.mp3,True
64078,Experimental,1,data/fma_small/064/064078.mp3,True
64079,Pop,6,data/fma_small/064/064079.mp3,True
64091,Experimental,1,data/fma_small/064/064091.mp3,True
64093,Experimental,1,data/fma_small/064/064093.mp3,True
64247,Experimental,1,data/fma_small/064/064247.mp3,True
64248,Experimental,1,data/fma_small/064/064248.mp3,True
64249,Experimental,1,data/fma_small/064/064249.mp3,True
64252,Experimental,1,data/fma_small/064/064252.mp3,True
64253,Experimental,1,data/fma_small/064/064253.mp3,True
64331,Electronic,0,data/fma_small/064/064331.mp3,True
64332,Electronic,0,data/fma_small/064/064332.mp3,True
64333,Electronic,0,data/fma_small/064/064333.mp3,True
64334,Electronic,0,data/fma_small/064/064334.mp3,True
64338,Hip-Hop,3,data/fma_small/064/064338.mp3,True
64364,Pop,6,data/fma_small/064/064364.mp3,True
64365,Pop,6,data/fma_small/064/064365.mp3,True
64366,Pop,6,data/fma_small/064/064366.mp3,True
64407,International,5,data/fma_small/064/064407.mp3,True
64408,International,5,data/fma_small/064/064408.mp3,True
64409,International,5,data/fma_small/064/064409.mp3,True
64410,International,5,data/fma_small/064/064410.mp3,True
64515,Hip-Hop,3,data/fma_small/064/064515.mp3,True
64516,Hip-Hop,3,data/fma_small/064/064516.mp3,True
64517,Hip-Hop,3,data/fma_small/064/064517.mp3,True
64519,Hip-Hop,3,data/fma_small/064/064519.mp3,True
64520,Hip-Hop,3,data/fma_small/064/064520.mp3,True
64521,Hip-Hop,3,data/fma_small/064/064521.mp3,True
64522,Hip-Hop,3,data/fma_small/064/064522.mp3,True
64523,Hip-Hop,3,data/fma_small/064/064523.mp3,True
64535,Electronic,0,data/fma_small/064/064535.mp3,True
64536,Electronic,0,data/fma_small/064/064536.mp3,True
64537,Electronic,0,data/fma_small/064/064537.mp3,True
64538,Electronic,0,data/fma_small/064/064538.mp3,True
64542,Electronic,0,data/fma_small/064/064542.mp3,True
64553,Folk,2,data/fma_small/064/064553.mp3,True
64556,Folk,2,data/fma_small/064/064556.mp3,True
64567,Rock,7,data/fma_small/064/064567.mp3,True
64590,International,5,data/fma_small/064/064590.mp3,True
64591,International,5,data/fma_small/064/064591.mp3,True
64592,International,5,data/fma_small/064/064592.mp3,True
64593,International,5,data/fma_small/064/064593.mp3,True
64594,Experimental,1,data/fma_small/064/064594.mp3,True
64601,Experimental,1,data/fma_small/064/064601.mp3,True
64604,Experimental,1,data/fma_small/064/064604.mp3,True
64618,Electronic,0,data/fma_small/064/064618.mp3,True
64625,Hip-Hop,3,data/fma_small/064/064625.mp3,True
64626,Hip-Hop,3,data/fma_small/064/064626.mp3,True
64627,Hip-Hop,3,data/fma_small/064/064627.mp3,True
64628,Hip-Hop,3,data/fma_small/064/064628.mp3,True
64629,Hip-Hop,3,data/fma_small/064/064629.mp3,True
64630,Hip-Hop,3,data/fma_small/064/064630.mp3,True
64631,Hip-Hop,3,data/fma_small/064/064631.mp3,True
64659,Rock,7,data/fma_small/064/064659.mp3,True
64787,Pop,6,data/fma_small/064/064787.mp3,True
64788,Pop,6,data/fma_small/064/064788.mp3,True
64789,Pop,6,data/fma_small/064/064789.mp3,True
64796,Pop,6,data/fma_small/064/064796.mp3,True
64809,Folk,2,data/fma_small/064/064809.mp3,True
64834,Pop,6,data/fma_small/064/064834.mp3,True
64840,Pop,6,data/fma_small/064/064840.mp3,True
64841,Pop,6,data/fma_small/064/064841.mp3,True
64854,Experimental,1,data/fma_small/064/064854.mp3,True
64855,Experimental,1,data/fma_small/064/064855.mp3,True
64856,Experimental,1,data/fma_small/064/064856.mp3,True
64857,Experimental,1,data/fma_small/064/064857.mp3,True
64858,Experimental,1,data/fma_small/064/064858.mp3,True
64859,Experimental,1,data/fma_small/064/064859.mp3,True
64860,Experimental,1,data/fma_small/064/064860.mp3,True
64861,Experimental,1,data/fma_small/064/064861.mp3,True
64862,Experimental,1,data/fma_small/064/064862.mp3,True
64863,Experimental,1,data/fma_small/064/064863.mp3,True
64864,Experimental,1,data/fma_small/064/064864.mp3,True
64865,Experimental,1,data/fma_small/064/064865.mp3,True
64866,Experimental,1,data/fma_small/064/064866.mp3,True
64893,Experimental,1,data/fma_small/064/064893.mp3,True
64895,Experimental,1,data/fma_small/064/064895.mp3,True
64896,Experimental,1,data/fma_small/064/064896.mp3,True
64918,Rock,7,data/fma_small/064/064918.mp3,True
64919,Rock,7,data/fma_small/064/064919.mp3,True
64988,Hip-Hop,3,data/fma_small/064/064988.mp3,True
64989,Hip-Hop,3,data/fma_small/064/064989.mp3,True
64990,Hip-Hop,3,data/fma_small/064/064990.mp3,True
64991,Hip-Hop,3,data/fma_small/064/064991.mp3,True
64992,Hip-Hop,3,data/fma_small/064/064992.mp3,True
64993,Hip-Hop,3,data/fma_small/064/064993.mp3,True
64994,Hip-Hop,3,data/fma_small/064/064994.mp3,True
64995,Hip-Hop,3,data/fma_small/064/064995.mp3,True
65037,Electronic,0,data/fma_small/065/065037.mp3,True
65038,Electronic,0,data/fma_small/065/065038.mp3,True
65039,Electronic,0,data/fma_small/065/065039.mp3,True
65040,Electronic,0,data/fma_small/065/065040.mp3,True
65063,Electronic,0,data/fma_small/065/065063.mp3,True
65064,Electronic,0,data/fma_small/065/065064.mp3,True
65073,Electronic,0,data/fma_small/065/065073.mp3,True
65076,International,5,data/fma_small/065/065076.mp3,True
65077,International,5,data/fma_small/065/065077.mp3,True
65090,Experimental,1,data/fma_small/065/065090.mp3,True
65234,Experimental,1,data/fma_small/065/065234.mp3,True
65265,Experimental,1,data/fma_small/065/065265.mp3,True
65488,Electronic,0,data/fma_small/065/065488.mp3,True
65619,Rock,7,data/fma_small/065/065619.mp3,True
65683,Folk,2,data/fma_small/065/065683.mp3,True
65685,Folk,2,data/fma_small/065/065685.mp3,True
65745,Hip-Hop,3,data/fma_small/065/065745.mp3,True
65752,Hip-Hop,3,data/fma_small/065/065752.mp3,True
65755,Pop,6,data/fma_small/065/065755.mp3,True
65756,Pop,6,data/fma_small/065/065756.mp3,True
65777,Electronic,0,data/fma_small/065/065777.mp3,True
65779,Electronic,0,data/fma_small/065/065779.mp3,True
65780,Electronic,0,data/fma_small/065/065780.mp3,True
65893,Folk,2,data/fma_small/065/065893.mp3,True
66058,Folk,2,data/fma_small/066/066058.mp3,True
66073,Electronic,0,data/fma_small/066/066073.mp3,True
66074,Electronic,0,data/fma_small/066/066074.mp3,True
66075,Electronic,0,data/fma_small/066/066075.mp3,True
66076,Electronic,0,data/fma_small/066/066076.mp3,True
66180,Folk,2,data/fma_small/066/066180.mp3,True
66187,Folk,2,data/fma_small/066/066187.mp3,True
66390,Electronic,0,data/fma_small/066/066390.mp3,True
66394,Rock,7,data/fma_small/066/066394.mp3,True
66405,Rock,7,data/fma_small/066/066405.mp3,True
66469,Experimental,1,data/fma_small/066/066469.mp3,True
66482,Experimental,1,data/fma_small/066/066482.mp3,True
66483,Experimental,1,data/fma_small/066/066483.mp3,True
66525,Instrumental,4,data/fma_small/066/066525.mp3,True
66534,Rock,7,data/fma_small/066/066534.mp3,True
66535,Rock,7,data/fma_small/066/066535.mp3,True
66536,Rock,7,data/fma_small/066/066536.mp3,True
66537,Rock,7,data/fma_small/066/066537.mp3,True
66538,Rock,7,data/fma_small/066/066538.mp3,True
66539,Rock,7,data/fma_small/066/066539.mp3,True
66636,Electronic,0,data/fma_small/066/066636.mp3,True
66637,Electronic,0,data/fma_small/066/066637.mp3,True
66638,Electronic,0,data/fma_small/066/066638.mp3,True
66641,Pop,6,data/fma_small/066/066641.mp3,True
66643,Pop,6,data/fma_small/066/066643.mp3,True
66644,Pop,6,data/fma_small/066/066644.mp3,True
66646,Pop,6,data/fma_small/066/066646.mp3,True
66648,Pop,6,data/fma_small/066/066648.mp3,True
66649,Pop,6,data/fma_small/066/066649.mp3,True
66650,Pop,6,data/fma_small/066/066650.mp3,True
66689,Electronic,0,data/fma_small/066/066689.mp3,True
66690,Electronic,0,data/fma_small/066/066690.mp3,True
66717,Rock,7,data/fma_small/066/066717.mp3,True
66757,Instrumental,4,data/fma_small/066/066757.mp3,True
66782,Pop,6,data/fma_small/066/066782.mp3,True
66783,Pop,6,data/fma_small/066/066783.mp3,True
67007,Pop,6,data/fma_small/067/067007.mp3,True
67010,Pop,6,data/fma_small/067/067010.mp3,True
67011,Folk,2,data/fma_small/067/067011.mp3,True
67016,Folk,2,data/fma_small/067/067016.mp3,True
67017,Folk,2,data/fma_small/067/067017.mp3,True
67121,Rock,7,data/fma_small/067/067121.mp3,True
67163,Rock,7,data/fma_small/067/067163.mp3,True
67232,Hip-Hop,3,data/fma_small/067/067232.mp3,True
67233,Hip-Hop,3,data/fma_small/067/067233.mp3,True
67235,Hip-Hop,3,data/fma_small/067/067235.mp3,True
67237,Rock,7,data/fma_small/067/067237.mp3,True
67308,Electronic,0,data/fma_small/067/067308.mp3,True
67330,Pop,6,data/fma_small/067/067330.mp3,True
67331,Pop,6,data/fma_small/067/067331.mp3,True
67332,Pop,6,data/fma_small/067/067332.mp3,True
67333,Pop,6,data/fma_small/067/067333.mp3,True
67334,Pop,6,data/fma_small/067/067334.mp3,True
67336,Pop,6,data/fma_small/067/067336.mp3,True
67357,Pop,6,data/fma_small/067/067357.mp3,True
67358,Pop,6,data/fma_small/067/067358.mp3,True
67359,Pop,6,data/fma_small/067/067359.mp3,True
67360,Pop,6,data/fma_small/067/067360.mp3,True
67361,Pop,6,data/fma_small/067/067361.mp3,True
67362,Pop,6,data/fma_small/067/067362.mp3,True
67363,Pop,6,data/fma_small/067/067363.mp3,True
67364,Pop,6,data/fma_small/067/067364.mp3,True
67365,Pop,6,data/fma_small/067/067365.mp3,True
67366,Pop,6,data/fma_small/067/067366.mp3,True
67367,Pop,6,data/fma_small/067/067367.mp3,True
67368,Pop,6,data/fma_small/067/067368.mp3,True
67412,Rock,7,data/fma_small/067/067412.mp3,True
67457,Experimental,1,data/fma_small/067/067457.mp3,True
67470,Electronic,0,data/fma_small/067/067470.mp3,True
67500,Experimental,1,data/fma_small/067/067500.mp3,True
67553,Electronic,0,data/fma_small/067/067553.mp3,True
67556,Rock,7,data/fma_small/067/067556.mp3,True
67557,Rock,7,data/fma_small/067/067557.mp3,True
67558,Rock,7,data/fma_small/067/067558.mp3,True
67597,Folk,2,data/fma_small/067/067597.mp3,True
67598,Folk,2,data/fma_small/067/067598.mp3,True
67600,Folk,2,data/fma_small/067/067600.mp3,True
67637,Electronic,0,data/fma_small/067/067637.mp3,True
67638,Electronic,0,data/fma_small/067/067638.mp3,True
67639,Electronic,0,data/fma_small/067/067639.mp3,True
67640,Electronic,0,data/fma_small/067/067640.mp3,True
67660,Rock,7,data/fma_small/067/067660.mp3,True
67661,Rock,7,data/fma_small/067/067661.mp3,True
67673,Rock,7,data/fma_small/067/067673.mp3,True
67707,Experimental,1,data/fma_small/067/067707.mp3,True
67760,Pop,6,data/fma_small/067/067760.mp3,True
67763,Folk,2,data/fma_small/067/067763.mp3,True
67764,Folk,2,data/fma_small/067/067764.mp3,True
67765,Folk,2,data/fma_small/067/067765.mp3,True
67766,Folk,2,data/fma_small/067/067766.mp3,True
67784,Hip-Hop,3,data/fma_small/067/067784.mp3,True
67793,Hip-Hop,3,data/fma_small/067/067793.mp3,True
67829,Experimental,1,data/fma_small/067/067829.mp3,True
68353,Pop,6,data/fma_small/068/068353.mp3,True
68354,Pop,6,data/fma_small/068/068354.mp3,True
68355,Pop,6,data/fma_small/068/068355.mp3,True
68356,Pop,6,data/fma_small/068/068356.mp3,True
68404,Rock,7,data/fma_small/068/068404.mp3,True
68407,Experimental,1,data/fma_small/068/068407.mp3,True
68410,Experimental,1,data/fma_small/068/068410.mp3,True
68444,Electronic,0,data/fma_small/068/068444.mp3,True
68531,Hip-Hop,3,data/fma_small/068/068531.mp3,True
68536,Experimental,1,data/fma_small/068/068536.mp3,True
68537,Experimental,1,data/fma_small/068/068537.mp3,True
68538,Experimental,1,data/fma_small/068/068538.mp3,True
68539,Experimental,1,data/fma_small/068/068539.mp3,True
68540,Experimental,1,data/fma_small/068/068540.mp3,True
68541,Experimental,1,data/fma_small/068/068541.mp3,True
68543,Experimental,1,data/fma_small/068/068543.mp3,True
68549,Experimental,1,data/fma_small/068/068549.mp3,True
68551,Experimental,1,data/fma_small/068/068551.mp3,True
68573,Experimental,1,data/fma_small/068/068573.mp3,True
68579,Experimental,1,data/fma_small/068/068579.mp3,True
68582,Electronic,0,data/fma_small/068/068582.mp3,True
68587,Electronic,0,data/fma_small/068/068587.mp3,True
68592,Hip-Hop,3,data/fma_small/068/068592.mp3,True
68600,Hip-Hop,3,data/fma_small/068/068600.mp3,True
68601,Hip-Hop,3,data/fma_small/068/068601.mp3,True
68680,Electronic,0,data/fma_small/068/068680.mp3,True
68682,Electronic,0,data/fma_small/068/068682.mp3,True
68683,Electronic,0,data/fma_small/068/068683.mp3,True
68820,Rock,7,data/fma_small/068/068820.mp3,True
68821,Rock,7,data/fma_small/068/068821.mp3,True
68837,Folk,2,data/fma_small/068/068837.mp3,True
68838,Folk,2,data/fma_small/068/068838.mp3,True
68839,Folk,2,data/fma_small/068/068839.mp3,True
68840,Folk,2,data/fma_small/068/068840.mp3,True
68841,Folk,2,data/fma_small/068/068841.mp3,True
68842,Folk,2,data/fma_small/068/068842.mp3,True
68843,Folk,2,data/fma_small/068/068843.mp3,True
68844,Folk,2,data/fma_small/068/068844.mp3,True
68851,Folk,2,data/fma_small/068/068851.mp3,True
68852,Folk,2,data/fma_small/068/068852.mp3,True
68853,Folk,2,data/fma_small/068/068853.mp3,True
68854,Folk,2,data/fma_small/068/068854.mp3,True
68860,Folk,2,data/fma_small/068/068860.mp3,True
68861,Folk,2,data/fma_small/068/068861.mp3,True
68862,Folk,2,data/fma_small/068/068862.mp3,True
68869,Experimental,1,data/fma_small/068/068869.mp3,True
68872,Experimental,1,data/fma_small/068/068872.mp3,True
68875,Experimental,1,data/fma_small/068/068875.mp3,True
68891,Electronic,0,data/fma_small/068/068891.mp3,True
68892,Electronic,0,data/fma_small/068/068892.mp3,True
68893,Electronic,0,data/fma_small/068/068893.mp3,True
68894,Electronic,0,data/fma_small/068/068894.mp3,True
68895,Electronic,0,data/fma_small/068/068895.mp3,True
68896,Electronic,0,data/fma_small/068/068896.mp3,True
68897,Electronic,0,data/fma_small/068/068897.mp3,True
68898,Electronic,0,data/fma_small/068/068898.mp3,True
68899,Electronic,0,data/fma_small/068/068899.mp3,True
68909,Rock,7,data/fma_small/068/068909.mp3,True
69001,Experimental,1,data/fma_small/069/069001.mp3,True
69002,Experimental,1,data/fma_small/069/069002.mp3,True
69170,Electronic,0,data/fma_small/069/069170.mp3,True
69181,Pop,6,data/fma_small/069/069181.mp3,True
69182,Pop,6,data/fma_small/069/069182.mp3,True
69188,Pop,6,data/fma_small/069/069188.mp3,True
69193,Electronic,0,data/fma_small/069/069193.mp3,True
69194,Electronic,0,data/fma_small/069/069194.mp3,True
69195,Electronic,0,data/fma_small/069/069195.mp3,True
69196,Electronic,0,data/fma_small/069/069196.mp3,True
69197,Electronic,0,data/fma_small/069/069197.mp3,True
69198,Electronic,0,data/fma_small/069/069198.mp3,True
69199,Electronic,0,data/fma_small/069/069199.mp3,True
69200,Electronic,0,data/fma_small/069/069200.mp3,True
69201,Electronic,0,data/fma_small/069/069201.mp3,True
69202,Electronic,0,data/fma_small/069/069202.mp3,True
69203,Electronic,0,data/fma_small/069/069203.mp3,True
69204,Electronic,0,data/fma_small/069/069204.mp3,True
69205,Electronic,0,data/fma_small/069/069205.mp3,True
69206,Electronic,0,data/fma_small/069/069206.mp3,True
69207,Electronic,0,data/fma_small/069/069207.mp3,True
69208,Electronic,0,data/fma_small/069/069208.mp3,True
69209,Electronic,0,data/fma_small/069/069209.mp3,True
69210,Electronic,0,data/fma_small/069/069210.mp3,True
69211,Electronic,0,data/fma_small/069/069211.mp3,True
69221,Electronic,0,data/fma_small/069/069221.mp3,True
69222,Electronic,0,data/fma_small/069/069222.mp3,True
69223,Electronic,0,data/fma_small/069/069223.mp3,True
69303,Experimental,1,data/fma_small/069/069303.mp3,True
69554,Hip-Hop,3,data/fma_small/069/069554.mp3,True
69555,Hip-Hop,3,data/fma_small/069/069555.mp3,True
69561,Hip-Hop,3,data/fma_small/069/069561.mp3,True
69563,Hip-Hop,3,data/fma_small/069/069563.mp3,True
69564,Hip-Hop,3,data/fma_small/069/069564.mp3,True
69567,Folk,2,data/fma_small/069/069567.mp3,True
69682,Experimental,1,data/fma_small/069/069682.mp3,True
69723,Rock,7,data/fma_small/069/069723.mp3,True
69726,Rock,7,data/fma_small/069/069726.mp3,True
69727,Rock,7,data/fma_small/069/069727.mp3,True
69732,Electronic,0,data/fma_small/069/069732.mp3,True
69744,Pop,6,data/fma_small/069/069744.mp3,True
69745,Pop,6,data/fma_small/069/069745.mp3,True
69746,Pop,6,data/fma_small/069/069746.mp3,True
69747,Pop,6,data/fma_small/069/069747.mp3,True
69761,Folk,2,data/fma_small/069/069761.mp3,True
69762,Folk,2,data/fma_small/069/069762.mp3,True
69763,Folk,2,data/fma_small/069/069763.mp3,True
69764,Folk,2,data/fma_small/069/069764.mp3,True
69765,Folk,2,data/fma_small/069/069765.mp3,True
69766,Folk,2,data/fma_small/069/069766.mp3,True
69767,Folk,2,data/fma_small/069/069767.mp3,True
69768,Folk,2,data/fma_small/069/069768.mp3,True
69781,Rock,7,data/fma_small/069/069781.mp3,True
69784,Experimental,1,data/fma_small/069/069784.mp3,True
69785,Experimental,1,data/fma_small/069/069785.mp3,True
69787,Experimental,1,data/fma_small/069/069787.mp3,True
69788,Experimental,1,data/fma_small/069/069788.mp3,True
69789,Experimental,1,data/fma_small/069/069789.mp3,True
69791,Experimental,1,data/fma_small/069/069791.mp3,True
69792,Experimental,1,data/fma_small/069/069792.mp3,True
69793,Experimental,1,data/fma_small/069/069793.mp3,True
69798,Experimental,1,data/fma_small/069/069798.mp3,True
69822,Hip-Hop,3,data/fma_small/069/069822.mp3,True
69823,Hip-Hop,3,data/fma_small/069/069823.mp3,True
69824,Hip-Hop,3,data/fma_small/069/069824.mp3,True
69825,Hip-Hop,3,data/fma_small/069/069825.mp3,True
69826,Hip-Hop,3,data/fma_small/069/069826.mp3,True
69827,Hip-Hop,3,data/fma_small/069/069827.mp3,True
69828,Hip-Hop,3,data/fma_small/069/069828.mp3,True
69830,Hip-Hop,3,data/fma_small/069/069830.mp3,True
69833,Hip-Hop,3,data/fma_small/069/069833.mp3,True
69904,Hip-Hop,3,data/fma_small/069/069904.mp3,True
69947,Rock,7,data/fma_small/069/069947.mp3,True
69949,Rock,7,data/fma_small/069/069949.mp3,True
69985,Electronic,0,data/fma_small/069/069985.mp3,True
70002,Experimental,1,data/fma_small/070/070002.mp3,True
70005,Experimental,1,data/fma_small/070/070005.mp3,True
70174,Experimental,1,data/fma_small/070/070174.mp3,True
70206,Hip-Hop,3,data/fma_small/070/070206.mp3,True
70207,Hip-Hop,3,data/fma_small/070/070207.mp3,True
70208,Hip-Hop,3,data/fma_small/070/070208.mp3,True
70299,Electronic,0,data/fma_small/070/070299.mp3,True
70300,Electronic,0,data/fma_small/070/070300.mp3,True
70301,Electronic,0,data/fma_small/070/070301.mp3,True
70302,Electronic,0,data/fma_small/070/070302.mp3,True
70303,Electronic,0,data/fma_small/070/070303.mp3,True
70402,Rock,7,data/fma_small/070/070402.mp3,True
70403,Rock,7,data/fma_small/070/070403.mp3,True
70409,Rock,7,data/fma_small/070/070409.mp3,True
70423,Pop,6,data/fma_small/070/070423.mp3,True
70424,Pop,6,data/fma_small/070/070424.mp3,True
70425,Pop,6,data/fma_small/070/070425.mp3,True
70426,Pop,6,data/fma_small/070/070426.mp3,True
70654,Hip-Hop,3,data/fma_small/070/070654.mp3,True
70655,Hip-Hop,3,data/fma_small/070/070655.mp3,True
70657,Hip-Hop,3,data/fma_small/070/070657.mp3,True
70660,Hip-Hop,3,data/fma_small/070/070660.mp3,True
70768,Hip-Hop,3,data/fma_small/070/070768.mp3,True
70770,Hip-Hop,3,data/fma_small/070/070770.mp3,True
70772,Hip-Hop,3,data/fma_small/070/070772.mp3,True
70773,Hip-Hop,3,data/fma_small/070/070773.mp3,True
70774,Hip-Hop,3,data/fma_small/070/070774.mp3,True
70775,Hip-Hop,3,data/fma_small/070/070775.mp3,True
70813,Rock,7,data/fma_small/070/070813.mp3,True
70873,Pop,6,data/fma_small/070/070873.mp3,True
70875,Pop,6,data/fma_small/070/070875.mp3,True
70878,Pop,6,data/fma_small/070/070878.mp3,True
70879,Pop,6,data/fma_small/070/070879.mp3,True
71096,Electronic,0,data/fma_small/071/071096.mp3,True
71133,Folk,2,data/fma_small/071/071133.mp3,True
71157,Hip-Hop,3,data/fma_small/071/071157.mp3,True
71158,Hip-Hop,3,data/fma_small/071/071158.mp3,True
71172,Hip-Hop,3,data/fma_small/071/071172.mp3,True
71173,Hip-Hop,3,data/fma_small/071/071173.mp3,True
71174,Hip-Hop,3,data/fma_small/071/071174.mp3,True
71175,Hip-Hop,3,data/fma_small/071/071175.mp3,True
71216,Hip-Hop,3,data/fma_small/071/071216.mp3,True
71225,Hip-Hop,3,data/fma_small/071/071225.mp3,True
71228,Hip-Hop,3,data/fma_small/071/071228.mp3,True
71230,Hip-Hop,3,data/fma_small/071/071230.mp3,True
71231,Hip-Hop,3,data/fma_small/071/071231.mp3,True
71240,Hip-Hop,3,data/fma_small/071/071240.mp3,True
71241,Hip-Hop,3,data/fma_small/071/071241.mp3,True
71242,Hip-Hop,3,data/fma_small/071/071242.mp3,True
71243,Hip-Hop,3,data/fma_small/071/071243.mp3,True
71244,Hip-Hop,3,data/fma_small/071/071244.mp3,True
71245,Hip-Hop,3,data/fma_small/071/071245.mp3,True
71246,Hip-Hop,3,data/fma_small/071/071246.mp3,True
71247,Hip-Hop,3,data/fma_small/071/071247.mp3,True
71248,Hip-Hop,3,data/fma_small/071/071248.mp3,True
71249,Hip-Hop,3,data/fma_small/071/071249.mp3,True
71250,Hip-Hop,3,data/fma_small/071/071250.mp3,True
71251,Hip-Hop,3,data/fma_small/071/071251.mp3,True
71252,Hip-Hop,3,data/fma_small/071/071252.mp3,True
71253,Hip-Hop,3,data/fma_small/071/071253.mp3,True
71254,Hip-Hop,3,data/fma_small/071/071254.mp3,True
71255,Hip-Hop,3,data/fma_small/071/071255.mp3,True
71276,Rock,7,data/fma_small/071/071276.mp3,True
71303,Rock,7,data/fma_small/071/071303.mp3,True
71304,Rock,7,data/fma_small/071/071304.mp3,True
71371,Rock,7,data/fma_small/071/071371.mp3,True
71372,Rock,7,data/fma_small/071/071372.mp3,True
71420,Electronic,0,data/fma_small/071/071420.mp3,True
71503,Electronic,0,data/fma_small/071/071503.mp3,True
71506,Electronic,0,data/fma_small/071/071506.mp3,True
71507,Electronic,0,data/fma_small/071/071507.mp3,True
71508,Electronic,0,data/fma_small/071/071508.mp3,True
71509,Electronic,0,data/fma_small/071/071509.mp3,True
71510,Electronic,0,data/fma_small/071/071510.mp3,True
71511,Electronic,0,data/fma_small/071/071511.mp3,True
71512,Electronic,0,data/fma_small/071/071512.mp3,True
71513,Electronic,0,data/fma_small/071/071513.mp3,True
71514,Electronic,0,data/fma_small/071/071514.mp3,True
71515,Electronic,0,data/fma_small/071/071515.mp3,True
71516,Electronic,0,data/fma_small/071/071516.mp3,True
71617,Rock,7,data/fma_small/071/071617.mp3,True
71620,Rock,7,data/fma_small/071/071620.mp3,True
71622,Rock,7,data/fma_small/071/071622.mp3,True
71690,Hip-Hop,3,data/fma_small/071/071690.mp3,True
71691,Hip-Hop,3,data/fma_small/071/071691.mp3,True
71692,Hip-Hop,3,data/fma_small/071/071692.mp3,True
71693,Hip-Hop,3,data/fma_small/071/071693.mp3,True
71694,Hip-Hop,3,data/fma_small/071/071694.mp3,True
71695,Hip-Hop,3,data/fma_small/071/071695.mp3,True
71709,Pop,6,data/fma_small/071/071709.mp3,True
71711,Rock,7,data/fma_small/071/071711.mp3,True
71714,Rock,7,data/fma_small/071/071714.mp3,True
71715,Rock,7,data/fma_small/071/071715.mp3,True
71719,Rock,7,data/fma_small/071/071719.mp3,True
71721,Rock,7,data/fma_small/071/071721.mp3,True
71722,Folk,2,data/fma_small/071/071722.mp3,True
71822,Electronic,0,data/fma_small/071/071822.mp3,True
71884,Experimental,1,data/fma_small/071/071884.mp3,True
71885,Experimental,1,data/fma_small/071/071885.mp3,True
71937,Rock,7,data/fma_small/071/071937.mp3,True
71938,Rock,7,data/fma_small/071/071938.mp3,True
72046,Folk,2,data/fma_small/072/072046.mp3,True
72047,Folk,2,data/fma_small/072/072047.mp3,True
72050,Folk,2,data/fma_small/072/072050.mp3,True
72056,Folk,2,data/fma_small/072/072056.mp3,True
72058,Folk,2,data/fma_small/072/072058.mp3,True
72059,Folk,2,data/fma_small/072/072059.mp3,True
72064,Rock,7,data/fma_small/072/072064.mp3,True
72067,Electronic,0,data/fma_small/072/072067.mp3,True
72068,Electronic,0,data/fma_small/072/072068.mp3,True
72069,Electronic,0,data/fma_small/072/072069.mp3,True
72070,Electronic,0,data/fma_small/072/072070.mp3,True
72071,Electronic,0,data/fma_small/072/072071.mp3,True
72072,Electronic,0,data/fma_small/072/072072.mp3,True
72073,Electronic,0,data/fma_small/072/072073.mp3,True
72074,Electronic,0,data/fma_small/072/072074.mp3,True
72075,Electronic,0,data/fma_small/072/072075.mp3,True
72076,Electronic,0,data/fma_small/072/072076.mp3,True
72129,Hip-Hop,3,data/fma_small/072/072129.mp3,True
72130,Hip-Hop,3,data/fma_small/072/072130.mp3,True
72131,Hip-Hop,3,data/fma_small/072/072131.mp3,True
72134,Hip-Hop,3,data/fma_small/072/072134.mp3,True
72135,Hip-Hop,3,data/fma_small/072/072135.mp3,True
72136,Hip-Hop,3,data/fma_small/072/072136.mp3,True
72146,Experimental,1,data/fma_small/072/072146.mp3,True
72149,Experimental,1,data/fma_small/072/072149.mp3,True
72200,Electronic,0,data/fma_small/072/072200.mp3,True
72206,Electronic,0,data/fma_small/072/072206.mp3,True
72210,Electronic,0,data/fma_small/072/072210.mp3,True
72215,Electronic,0,data/fma_small/072/072215.mp3,True
72232,Electronic,0,data/fma_small/072/072232.mp3,True
72233,Electronic,0,data/fma_small/072/072233.mp3,True
72234,Hip-Hop,3,data/fma_small/072/072234.mp3,True
72287,Rock,7,data/fma_small/072/072287.mp3,True
72288,Rock,7,data/fma_small/072/072288.mp3,True
72289,Rock,7,data/fma_small/072/072289.mp3,True
72290,Rock,7,data/fma_small/072/072290.mp3,True
72456,Rock,7,data/fma_small/072/072456.mp3,True
72468,Hip-Hop,3,data/fma_small/072/072468.mp3,True
72476,Pop,6,data/fma_small/072/072476.mp3,True
72477,Electronic,0,data/fma_small/072/072477.mp3,True
72513,Rock,7,data/fma_small/072/072513.mp3,True
72514,Pop,6,data/fma_small/072/072514.mp3,True
72562,Folk,2,data/fma_small/072/072562.mp3,True
72565,Folk,2,data/fma_small/072/072565.mp3,True
72570,Folk,2,data/fma_small/072/072570.mp3,True
72604,Electronic,0,data/fma_small/072/072604.mp3,True
72605,Folk,2,data/fma_small/072/072605.mp3,True
72607,Folk,2,data/fma_small/072/072607.mp3,True
72612,Folk,2,data/fma_small/072/072612.mp3,True
72738,Rock,7,data/fma_small/072/072738.mp3,True
72781,Hip-Hop,3,data/fma_small/072/072781.mp3,True
72782,Hip-Hop,3,data/fma_small/072/072782.mp3,True
72783,Hip-Hop,3,data/fma_small/072/072783.mp3,True
72784,Hip-Hop,3,data/fma_small/072/072784.mp3,True
72785,Hip-Hop,3,data/fma_small/072/072785.mp3,True
72786,Hip-Hop,3,data/fma_small/072/072786.mp3,True
72787,Hip-Hop,3,data/fma_small/072/072787.mp3,True
72788,Hip-Hop,3,data/fma_small/072/072788.mp3,True
72789,Hip-Hop,3,data/fma_small/072/072789.mp3,True
72790,Hip-Hop,3,data/fma_small/072/072790.mp3,True
72926,Experimental,1,data/fma_small/072/072926.mp3,True
72927,Experimental,1,data/fma_small/072/072927.mp3,True
72928,Experimental,1,data/fma_small/072/072928.mp3,True
72930,Experimental,1,data/fma_small/072/072930.mp3,True
73087,Pop,6,data/fma_small/073/073087.mp3,True
73099,Experimental,1,data/fma_small/073/073099.mp3,True
73100,Experimental,1,data/fma_small/073/073100.mp3,True
73123,Electronic,0,data/fma_small/073/073123.mp3,True
73124,Electronic,0,data/fma_small/073/073124.mp3,True
73125,Electronic,0,data/fma_small/073/073125.mp3,True
73169,Folk,2,data/fma_small/073/073169.mp3,True
73170,Folk,2,data/fma_small/073/073170.mp3,True
73171,Folk,2,data/fma_small/073/073171.mp3,True
73172,Folk,2,data/fma_small/073/073172.mp3,True
73174,Folk,2,data/fma_small/073/073174.mp3,True
73175,Folk,2,data/fma_small/073/073175.mp3,True
73192,Rock,7,data/fma_small/073/073192.mp3,True
73193,Rock,7,data/fma_small/073/073193.mp3,True
73306,Rock,7,data/fma_small/073/073306.mp3,True
73309,Rock,7,data/fma_small/073/073309.mp3,True
73318,Rock,7,data/fma_small/073/073318.mp3,True
73335,Electronic,0,data/fma_small/073/073335.mp3,True
73340,Electronic,0,data/fma_small/073/073340.mp3,True
73341,Electronic,0,data/fma_small/073/073341.mp3,True
73342,Electronic,0,data/fma_small/073/073342.mp3,True
73343,Electronic,0,data/fma_small/073/073343.mp3,True
73344,Electronic,0,data/fma_small/073/073344.mp3,True
73363,Electronic,0,data/fma_small/073/073363.mp3,True
73365,Electronic,0,data/fma_small/073/073365.mp3,True
73366,Electronic,0,data/fma_small/073/073366.mp3,True
73367,Electronic,0,data/fma_small/073/073367.mp3,True
73368,Electronic,0,data/fma_small/073/073368.mp3,True
73369,Electronic,0,data/fma_small/073/073369.mp3,True
73370,Electronic,0,data/fma_small/073/073370.mp3,True
73371,Electronic,0,data/fma_small/073/073371.mp3,True
73372,Electronic,0,data/fma_small/073/073372.mp3,True
73465,Pop,6,data/fma_small/073/073465.mp3,True
73466,Pop,6,data/fma_small/073/073466.mp3,True
73467,Pop,6,data/fma_small/073/073467.mp3,True
73468,Pop,6,data/fma_small/073/073468.mp3,True
73469,Pop,6,data/fma_small/073/073469.mp3,True
73486,Rock,7,data/fma_small/073/073486.mp3,True
73494,Experimental,1,data/fma_small/073/073494.mp3,True
73495,Instrumental,4,data/fma_small/073/073495.mp3,True
73519,Rock,7,data/fma_small/073/073519.mp3,True
73520,Rock,7,data/fma_small/073/073520.mp3,True
73521,Rock,7,data/fma_small/073/073521.mp3,True
73522,Rock,7,data/fma_small/073/073522.mp3,True
73550,Hip-Hop,3,data/fma_small/073/073550.mp3,True
73551,Hip-Hop,3,data/fma_small/073/073551.mp3,True
73560,Electronic,0,data/fma_small/073/073560.mp3,True
73561,Electronic,0,data/fma_small/073/073561.mp3,True
73564,Electronic,0,data/fma_small/073/073564.mp3,True
73565,Electronic,0,data/fma_small/073/073565.mp3,True
73566,Folk,2,data/fma_small/073/073566.mp3,True
73568,Folk,2,data/fma_small/073/073568.mp3,True
73572,Folk,2,data/fma_small/073/073572.mp3,True
73573,Folk,2,data/fma_small/073/073573.mp3,True
73580,Folk,2,data/fma_small/073/073580.mp3,True
73584,Folk,2,data/fma_small/073/073584.mp3,True
73585,Folk,2,data/fma_small/073/073585.mp3,True
73587,Folk,2,data/fma_small/073/073587.mp3,True
73658,Folk,2,data/fma_small/073/073658.mp3,True
73675,Folk,2,data/fma_small/073/073675.mp3,True
73760,International,5,data/fma_small/073/073760.mp3,True
73761,International,5,data/fma_small/073/073761.mp3,True
73762,International,5,data/fma_small/073/073762.mp3,True
73763,International,5,data/fma_small/073/073763.mp3,True
73764,International,5,data/fma_small/073/073764.mp3,True
73765,International,5,data/fma_small/073/073765.mp3,True
73766,International,5,data/fma_small/073/073766.mp3,True
73767,International,5,data/fma_small/073/073767.mp3,True
73768,International,5,data/fma_small/073/073768.mp3,True
73769,International,5,data/fma_small/073/073769.mp3,True
73770,International,5,data/fma_small/073/073770.mp3,True
73771,International,5,data/fma_small/073/073771.mp3,True
73772,International,5,data/fma_small/073/073772.mp3,True
73773,International,5,data/fma_small/073/073773.mp3,True
73774,International,5,data/fma_small/073/073774.mp3,True
73775,International,5,data/fma_small/073/073775.mp3,True
73776,International,5,data/fma_small/073/073776.mp3,True
73777,International,5,data/fma_small/073/073777.mp3,True
73778,International,5,data/fma_small/073/073778.mp3,True
73779,International,5,data/fma_small/073/073779.mp3,True
73792,Pop,6,data/fma_small/073/073792.mp3,True
73797,Folk,2,data/fma_small/073/073797.mp3,True
73819,Experimental,1,data/fma_small/073/073819.mp3,True
73820,Experimental,1,data/fma_small/073/073820.mp3,True
73821,Experimental,1,data/fma_small/073/073821.mp3,True
73822,Experimental,1,data/fma_small/073/073822.mp3,True
73921,Pop,6,data/fma_small/073/073921.mp3,True
74002,Pop,6,data/fma_small/074/074002.mp3,True
74302,Experimental,1,data/fma_small/074/074302.mp3,True
74347,Experimental,1,data/fma_small/074/074347.mp3,True
74348,Rock,7,data/fma_small/074/074348.mp3,True
74362,Electronic,0,data/fma_small/074/074362.mp3,True
74365,Electronic,0,data/fma_small/074/074365.mp3,True
74370,Experimental,1,data/fma_small/074/074370.mp3,True
74371,Experimental,1,data/fma_small/074/074371.mp3,True
74372,Experimental,1,data/fma_small/074/074372.mp3,True
74373,Experimental,1,data/fma_small/074/074373.mp3,True
74374,Experimental,1,data/fma_small/074/074374.mp3,True
74375,Experimental,1,data/fma_small/074/074375.mp3,True
74376,Experimental,1,data/fma_small/074/074376.mp3,True
74377,Experimental,1,data/fma_small/074/074377.mp3,True
74378,Experimental,1,data/fma_small/074/074378.mp3,True
74380,Experimental,1,data/fma_small/074/074380.mp3,True
74381,Experimental,1,data/fma_small/074/074381.mp3,True
74382,Experimental,1,data/fma_small/074/074382.mp3,True
74383,Experimental,1,data/fma_small/074/074383.mp3,True
74384,Experimental,1,data/fma_small/074/074384.mp3,True
74385,Experimental,1,data/fma_small/074/074385.mp3,True
74386,Experimental,1,data/fma_small/074/074386.mp3,True
74387,Experimental,1,data/fma_small/074/074387.mp3,True
74388,Experimental,1,data/fma_small/074/074388.mp3,True
74389,Experimental,1,data/fma_small/074/074389.mp3,True
74390,Experimental,1,data/fma_small/074/074390.mp3,True
74391,Experimental,1,data/fma_small/074/074391.mp3,True
74392,Experimental,1,data/fma_small/074/074392.mp3,True
74393,Experimental,1,data/fma_small/074/074393.mp3,True
74421,Folk,2,data/fma_small/074/074421.mp3,True
74445,Folk,2,data/fma_small/074/074445.mp3,True
74546,Folk,2,data/fma_small/074/074546.mp3,True
74669,Rock,7,data/fma_small/074/074669.mp3,True
74671,Rock,7,data/fma_small/074/074671.mp3,True
74706,Rock,7,data/fma_small/074/074706.mp3,True
74908,Rock,7,data/fma_small/074/074908.mp3,True
74937,Folk,2,data/fma_small/074/074937.mp3,True
74942,Folk,2,data/fma_small/074/074942.mp3,True
74945,Pop,6,data/fma_small/074/074945.mp3,True
74954,Hip-Hop,3,data/fma_small/074/074954.mp3,True
74955,Hip-Hop,3,data/fma_small/074/074955.mp3,True
74959,Experimental,1,data/fma_small/074/074959.mp3,True
74960,Experimental,1,data/fma_small/074/074960.mp3,True
75194,Pop,6,data/fma_small/075/075194.mp3,True
75211,Rock,7,data/fma_small/075/075211.mp3,True
75221,Rock,7,data/fma_small/075/075221.mp3,True
75230,Rock,7,data/fma_small/075/075230.mp3,True
75304,Folk,2,data/fma_small/075/075304.mp3,True
75310,Pop,6,data/fma_small/075/075310.mp3,True
75314,Pop,6,data/fma_small/075/075314.mp3,True
75317,Pop,6,data/fma_small/075/075317.mp3,True
75371,Hip-Hop,3,data/fma_small/075/075371.mp3,True
75372,Hip-Hop,3,data/fma_small/075/075372.mp3,True
75373,Hip-Hop,3,data/fma_small/075/075373.mp3,True
75374,Hip-Hop,3,data/fma_small/075/075374.mp3,True
75375,Hip-Hop,3,data/fma_small/075/075375.mp3,True
75376,Hip-Hop,3,data/fma_small/075/075376.mp3,True
75377,Hip-Hop,3,data/fma_small/075/075377.mp3,True
75378,Hip-Hop,3,data/fma_small/075/075378.mp3,True
75379,Hip-Hop,3,data/fma_small/075/075379.mp3,True
75380,Hip-Hop,3,data/fma_small/075/075380.mp3,True
75381,Hip-Hop,3,data/fma_small/075/075381.mp3,True
75383,Hip-Hop,3,data/fma_small/075/075383.mp3,True
75386,Hip-Hop,3,data/fma_small/075/075386.mp3,True
75389,Hip-Hop,3,data/fma_small/075/075389.mp3,True
75390,Hip-Hop,3,data/fma_small/075/075390.mp3,True
75391,Hip-Hop,3,data/fma_small/075/075391.mp3,True
75393,Hip-Hop,3,data/fma_small/075/075393.mp3,True
75395,Hip-Hop,3,data/fma_small/075/075395.mp3,True
75396,Hip-Hop,3,data/fma_small/075/075396.mp3,True
75398,Hip-Hop,3,data/fma_small/075/075398.mp3,True
75399,Hip-Hop,3,data/fma_small/075/075399.mp3,True
75401,Hip-Hop,3,data/fma_small/075/075401.mp3,True
75403,Hip-Hop,3,data/fma_small/075/075403.mp3,True
75412,Hip-Hop,3,data/fma_small/075/075412.mp3,True
75415,Hip-Hop,3,data/fma_small/075/075415.mp3,True
75417,Hip-Hop,3,data/fma_small/075/075417.mp3,True
75418,Hip-Hop,3,data/fma_small/075/075418.mp3,True
75419,Hip-Hop,3,data/fma_small/075/075419.mp3,True
75420,Hip-Hop,3,data/fma_small/075/075420.mp3,True
75425,Hip-Hop,3,data/fma_small/075/075425.mp3,True
75427,Hip-Hop,3,data/fma_small/075/075427.mp3,True
75428,Hip-Hop,3,data/fma_small/075/075428.mp3,True
75429,Instrumental,4,data/fma_small/075/075429.mp3,True
75430,Instrumental,4,data/fma_small/075/075430.mp3,True
75431,Instrumental,4,data/fma_small/075/075431.mp3,True
75432,Instrumental,4,data/fma_small/075/075432.mp3,True
75433,Instrumental,4,data/fma_small/075/075433.mp3,True
75434,Instrumental,4,data/fma_small/075/075434.mp3,True
75435,Instrumental,4,data/fma_small/075/075435.mp3,True
75436,Instrumental,4,data/fma_small/075/075436.mp3,True
75437,Instrumental,4,data/fma_small/075/075437.mp3,True
75438,Instrumental,4,data/fma_small/075/075438.mp3,True
75439,Instrumental,4,data/fma_small/075/075439.mp3,True
75440,Instrumental,4,data/fma_small/075/075440.mp3,True
75441,Instrumental,4,data/fma_small/075/075441.mp3,True
75442,Instrumental,4,data/fma_small/075/075442.mp3,True
75443,Instrumental,4,data/fma_small/075/075443.mp3,True
75607,Instrumental,4,data/fma_small/075/075607.mp3,True
75612,Instrumental,4,data/fma_small/075/075612.mp3,True
75692,Pop,6,data/fma_small/075/075692.mp3,True
75745,Hip-Hop,3,data/fma_small/075/075745.mp3,True
75746,Hip-Hop,3,data/fma_small/075/075746.mp3,True
75747,Hip-Hop,3,data/fma_small/075/075747.mp3,True
75748,Hip-Hop,3,data/fma_small/075/075748.mp3,True
75749,Hip-Hop,3,data/fma_small/075/075749.mp3,True
75750,Hip-Hop,3,data/fma_small/075/075750.mp3,True
75751,Hip-Hop,3,data/fma_small/075/075751.mp3,True
75752,Hip-Hop,3,data/fma_small/075/075752.mp3,True
75754,Hip-Hop,3,data/fma_small/075/075754.mp3,True
75755,Hip-Hop,3,data/fma_small/075/075755.mp3,True
75762,Electronic,0,data/fma_small/075/075762.mp3,True
75763,Electronic,0,data/fma_small/075/075763.mp3,True
75764,Electronic,0,data/fma_small/075/075764.mp3,True
75782,Rock,7,data/fma_small/075/075782.mp3,True
75783,Rock,7,data/fma_small/075/075783.mp3,True
75784,Rock,7,data/fma_small/075/075784.mp3,True
75785,Rock,7,data/fma_small/075/075785.mp3,True
75786,Rock,7,data/fma_small/075/075786.mp3,True
75787,Rock,7,data/fma_small/075/075787.mp3,True
75788,Rock,7,data/fma_small/075/075788.mp3,True
75844,Folk,2,data/fma_small/075/075844.mp3,True
75862,Folk,2,data/fma_small/075/075862.mp3,True
75866,Folk,2,data/fma_small/075/075866.mp3,True
75869,Folk,2,data/fma_small/075/075869.mp3,True
75883,Folk,2,data/fma_small/075/075883.mp3,True
75903,Rock,7,data/fma_small/075/075903.mp3,True
75908,Rock,7,data/fma_small/075/075908.mp3,True
75925,Hip-Hop,3,data/fma_small/075/075925.mp3,True
75926,Hip-Hop,3,data/fma_small/075/075926.mp3,True
75927,Hip-Hop,3,data/fma_small/075/075927.mp3,True
75928,Hip-Hop,3,data/fma_small/075/075928.mp3,True
75929,Hip-Hop,3,data/fma_small/075/075929.mp3,True
75930,Hip-Hop,3,data/fma_small/075/075930.mp3,True
75931,Hip-Hop,3,data/fma_small/075/075931.mp3,True
75932,Hip-Hop,3,data/fma_small/075/075932.mp3,True
75933,Hip-Hop,3,data/fma_small/075/075933.mp3,True
75935,Hip-Hop,3,data/fma_small/075/075935.mp3,True
75936,Hip-Hop,3,data/fma_small/075/075936.mp3,True
75937,Hip-Hop,3,data/fma_small/075/075937.mp3,True
75975,Experimental,1,data/fma_small/075/075975.mp3,True
76036,Experimental,1,data/fma_small/076/076036.mp3,True
76069,International,5,data/fma_small/076/076069.mp3,True
76071,International,5,data/fma_small/076/076071.mp3,True
76072,International,5,data/fma_small/076/076072.mp3,True
76073,International,5,data/fma_small/076/076073.mp3,True
76074,International,5,data/fma_small/076/076074.mp3,True
76075,International,5,data/fma_small/076/076075.mp3,True
76076,International,5,data/fma_small/076/076076.mp3,True
76077,International,5,data/fma_small/076/076077.mp3,True
76078,International,5,data/fma_small/076/076078.mp3,True
76079,International,5,data/fma_small/076/076079.mp3,True
76121,Rock,7,data/fma_small/076/076121.mp3,True
76128,Pop,6,data/fma_small/076/076128.mp3,True
76129,Pop,6,data/fma_small/076/076129.mp3,True
76130,Pop,6,data/fma_small/076/076130.mp3,True
76131,Pop,6,data/fma_small/076/076131.mp3,True
76363,Instrumental,4,data/fma_small/076/076363.mp3,True
76375,Experimental,1,data/fma_small/076/076375.mp3,True
76381,Experimental,1,data/fma_small/076/076381.mp3,True
76437,Folk,2,data/fma_small/076/076437.mp3,True
76440,Folk,2,data/fma_small/076/076440.mp3,True
76654,Electronic,0,data/fma_small/076/076654.mp3,True
76659,Electronic,0,data/fma_small/076/076659.mp3,True
77517,Experimental,1,data/fma_small/077/077517.mp3,True
77519,Experimental,1,data/fma_small/077/077519.mp3,True
77521,Experimental,1,data/fma_small/077/077521.mp3,True
77522,Experimental,1,data/fma_small/077/077522.mp3,True
77523,Experimental,1,data/fma_small/077/077523.mp3,True
77564,Pop,6,data/fma_small/077/077564.mp3,True
77571,Hip-Hop,3,data/fma_small/077/077571.mp3,True
77572,Pop,6,data/fma_small/077/077572.mp3,True
77952,Electronic,0,data/fma_small/077/077952.mp3,True
78038,Experimental,1,data/fma_small/078/078038.mp3,True
78156,Hip-Hop,3,data/fma_small/078/078156.mp3,True
78213,Folk,2,data/fma_small/078/078213.mp3,True
78516,Hip-Hop,3,data/fma_small/078/078516.mp3,True
78833,Hip-Hop,3,data/fma_small/078/078833.mp3,True
78834,Hip-Hop,3,data/fma_small/078/078834.mp3,True
78839,Hip-Hop,3,data/fma_small/078/078839.mp3,True
78841,Hip-Hop,3,data/fma_small/078/078841.mp3,True
78843,Hip-Hop,3,data/fma_small/078/078843.mp3,True
78845,Hip-Hop,3,data/fma_small/078/078845.mp3,True
78847,Hip-Hop,3,data/fma_small/078/078847.mp3,True
78848,Hip-Hop,3,data/fma_small/078/078848.mp3,True
78849,Hip-Hop,3,data/fma_small/078/078849.mp3,True
78850,Hip-Hop,3,data/fma_small/078/078850.mp3,True
78851,Hip-Hop,3,data/fma_small/078/078851.mp3,True
78852,Hip-Hop,3,data/fma_small/078/078852.mp3,True
78984,Hip-Hop,3,data/fma_small/078/078984.mp3,True
78998,Hip-Hop,3,data/fma_small/078/078998.mp3,True
79087,Experimental,1,data/fma_small/079/079087.mp3,True
79575,Rock,7,data/fma_small/079/079575.mp3,True
79593,Folk,2,data/fma_small/079/079593.mp3,True
79605,Electronic,0,data/fma_small/079/079605.mp3,True
79606,Electronic,0,data/fma_small/079/079606.mp3,True
79610,Hip-Hop,3,data/fma_small/079/079610.mp3,True
79616,Hip-Hop,3,data/fma_small/079/079616.mp3,True
79741,Pop,6,data/fma_small/079/079741.mp3,True
79973,Experimental,1,data/fma_small/079/079973.mp3,True
79975,Experimental,1,data/fma_small/079/079975.mp3,True
79977,Experimental,1,data/fma_small/079/079977.mp3,True
79978,Experimental,1,data/fma_small/079/079978.mp3,True
79985,Folk,2,data/fma_small/079/079985.mp3,True
79986,Folk,2,data/fma_small/079/079986.mp3,True
79988,Folk,2,data/fma_small/079/079988.mp3,True
79990,Folk,2,data/fma_small/079/079990.mp3,True
79995,Folk,2,data/fma_small/079/079995.mp3,True
80000,Folk,2,data/fma_small/080/080000.mp3,True
80001,Folk,2,data/fma_small/080/080001.mp3,True
80002,Folk,2,data/fma_small/080/080002.mp3,True
80003,Folk,2,data/fma_small/080/080003.mp3,True
80004,Folk,2,data/fma_small/080/080004.mp3,True
80005,Folk,2,data/fma_small/080/080005.mp3,True
80035,Rock,7,data/fma_small/080/080035.mp3,True
80293,Hip-Hop,3,data/fma_small/080/080293.mp3,True
80341,International,5,data/fma_small/080/080341.mp3,True
80351,International,5,data/fma_small/080/080351.mp3,True
80389,Instrumental,4,data/fma_small/080/080389.mp3,True
80402,Instrumental,4,data/fma_small/080/080402.mp3,True
80515,Instrumental,4,data/fma_small/080/080515.mp3,True
80516,Instrumental,4,data/fma_small/080/080516.mp3,True
80517,Instrumental,4,data/fma_small/080/080517.mp3,True
80518,Instrumental,4,data/fma_small/080/080518.mp3,True
80519,Instrumental,4,data/fma_small/080/080519.mp3,True
80520,Instrumental,4,data/fma_small/080/080520.mp3,True
80611,Experimental,1,data/fma_small/080/080611.mp3,True
80680,International,5,data/fma_small/080/080680.mp3,True
80686,International,5,data/fma_small/080/080686.mp3,True
80687,International,5,data/fma_small/080/080687.mp3,True
80693,International,5,data/fma_small/080/080693.mp3,True
80694,International,5,data/fma_small/080/080694.mp3,True
80695,International,5,data/fma_small/080/080695.mp3,True
80696,International,5,data/fma_small/080/080696.mp3,True
80697,International,5,data/fma_small/080/080697.mp3,True
80751,International,5,data/fma_small/080/080751.mp3,True
80753,International,5,data/fma_small/080/080753.mp3,True
80754,International,5,data/fma_small/080/080754.mp3,True
80755,International,5,data/fma_small/080/080755.mp3,True
80756,International,5,data/fma_small/080/080756.mp3,True
80758,International,5,data/fma_small/080/080758.mp3,True
80765,International,5,data/fma_small/080/080765.mp3,True
80766,International,5,data/fma_small/080/080766.mp3,True
80772,International,5,data/fma_small/080/080772.mp3,True
80773,International,5,data/fma_small/080/080773.mp3,True
80774,International,5,data/fma_small/080/080774.mp3,True
80775,International,5,data/fma_small/080/080775.mp3,True
80776,International,5,data/fma_small/080/080776.mp3,True
80793,Electronic,0,data/fma_small/080/080793.mp3,True
80833,Electronic,0,data/fma_small/080/080833.mp3,True
80834,Electronic,0,data/fma_small/080/080834.mp3,True
80835,Electronic,0,data/fma_small/080/080835.mp3,True
80836,Electronic,0,data/fma_small/080/080836.mp3,True
81033,Folk,2,data/fma_small/081/081033.mp3,True
81037,Folk,2,data/fma_small/081/081037.mp3,True
81071,Experimental,1,data/fma_small/081/081071.mp3,True
81082,Folk,2,data/fma_small/081/081082.mp3,True
81083,Folk,2,data/fma_small/081/081083.mp3,True
81084,Folk,2,data/fma_small/081/081084.mp3,True
81085,Folk,2,data/fma_small/081/081085.mp3,True
81189,Experimental,1,data/fma_small/081/081189.mp3,True
81193,Electronic,0,data/fma_small/081/081193.mp3,True
81194,Electronic,0,data/fma_small/081/081194.mp3,True
81195,Electronic,0,data/fma_small/081/081195.mp3,True
81362,Experimental,1,data/fma_small/081/081362.mp3,True
81365,Experimental,1,data/fma_small/081/081365.mp3,True
81436,Instrumental,4,data/fma_small/081/081436.mp3,True
81457,Instrumental,4,data/fma_small/081/081457.mp3,True
81485,Instrumental,4,data/fma_small/081/081485.mp3,True
81491,Instrumental,4,data/fma_small/081/081491.mp3,True
81512,Instrumental,4,data/fma_small/081/081512.mp3,True
81523,Instrumental,4,data/fma_small/081/081523.mp3,True
81543,Instrumental,4,data/fma_small/081/081543.mp3,True
81554,Instrumental,4,data/fma_small/081/081554.mp3,True
81555,Instrumental,4,data/fma_small/081/081555.mp3,True
81565,Instrumental,4,data/fma_small/081/081565.mp3,True
81576,Instrumental,4,data/fma_small/081/081576.mp3,True
81586,Instrumental,4,data/fma_small/081/081586.mp3,True
81600,Instrumental,4,data/fma_small/081/081600.mp3,True
81612,Instrumental,4,data/fma_small/081/081612.mp3,True
81613,Instrumental,4,data/fma_small/081/081613.mp3,True
81623,Instrumental,4,data/fma_small/081/081623.mp3,True
81638,Instrumental,4,data/fma_small/081/081638.mp3,True
81650,Instrumental,4,data/fma_small/081/081650.mp3,True
81660,Instrumental,4,data/fma_small/081/081660.mp3,True
81781,Instrumental,4,data/fma_small/081/081781.mp3,True
81782,Instrumental,4,data/fma_small/081/081782.mp3,True
81792,Instrumental,4,data/fma_small/081/081792.mp3,True
81802,Instrumental,4,data/fma_small/081/081802.mp3,True
81803,Instrumental,4,data/fma_small/081/081803.mp3,True
81814,Instrumental,4,data/fma_small/081/081814.mp3,True
81868,Electronic,0,data/fma_small/081/081868.mp3,True
81895,Experimental,1,data/fma_small/081/081895.mp3,True
81938,Folk,2,data/fma_small/081/081938.mp3,True
81945,Folk,2,data/fma_small/081/081945.mp3,True
81946,Folk,2,data/fma_small/081/081946.mp3,True
81988,Instrumental,4,data/fma_small/081/081988.mp3,True
81999,Instrumental,4,data/fma_small/081/081999.mp3,True
82157,Instrumental,4,data/fma_small/082/082157.mp3,True
82231,Experimental,1,data/fma_small/082/082231.mp3,True
82237,Experimental,1,data/fma_small/082/082237.mp3,True
82242,Experimental,1,data/fma_small/082/082242.mp3,True
82250,Experimental,1,data/fma_small/082/082250.mp3,True
82410,Experimental,1,data/fma_small/082/082410.mp3,True
82462,Rock,7,data/fma_small/082/082462.mp3,True
82464,Rock,7,data/fma_small/082/082464.mp3,True
82505,Folk,2,data/fma_small/082/082505.mp3,True
82507,Folk,2,data/fma_small/082/082507.mp3,True
82628,International,5,data/fma_small/082/082628.mp3,True
82629,International,5,data/fma_small/082/082629.mp3,True
82630,International,5,data/fma_small/082/082630.mp3,True
82631,International,5,data/fma_small/082/082631.mp3,True
82778,Hip-Hop,3,data/fma_small/082/082778.mp3,True
82780,Hip-Hop,3,data/fma_small/082/082780.mp3,True
82881,Experimental,1,data/fma_small/082/082881.mp3,True
82886,Experimental,1,data/fma_small/082/082886.mp3,True
82890,Experimental,1,data/fma_small/082/082890.mp3,True
82892,Folk,2,data/fma_small/082/082892.mp3,True
82893,Folk,2,data/fma_small/082/082893.mp3,True
82914,Instrumental,4,data/fma_small/082/082914.mp3,True
82915,Instrumental,4,data/fma_small/082/082915.mp3,True
82916,Instrumental,4,data/fma_small/082/082916.mp3,True
82917,Instrumental,4,data/fma_small/082/082917.mp3,True
82918,Instrumental,4,data/fma_small/082/082918.mp3,True
82919,Instrumental,4,data/fma_small/082/082919.mp3,True
82920,Instrumental,4,data/fma_small/082/082920.mp3,True
82921,Instrumental,4,data/fma_small/082/082921.mp3,True
82928,Instrumental,4,data/fma_small/082/082928.mp3,True
82929,Instrumental,4,data/fma_small/082/082929.mp3,True
82930,Instrumental,4,data/fma_small/082/082930.mp3,True
82931,Instrumental,4,data/fma_small/082/082931.mp3,True
82932,Instrumental,4,data/fma_small/082/082932.mp3,True
83437,Folk,2,data/fma_small/083/083437.mp3,True
83438,Folk,2,data/fma_small/083/083438.mp3,True
83439,Folk,2,data/fma_small/083/083439.mp3,True
83440,Folk,2,data/fma_small/083/083440.mp3,True
83507,Pop,6,data/fma_small/083/083507.mp3,True
83509,Pop,6,data/fma_small/083/083509.mp3,True
83511,Pop,6,data/fma_small/083/083511.mp3,True
83512,Pop,6,data/fma_small/083/083512.mp3,True
83558,Hip-Hop,3,data/fma_small/083/083558.mp3,True
83600,Instrumental,4,data/fma_small/083/083600.mp3,True
83612,Instrumental,4,data/fma_small/083/083612.mp3,True
83613,Instrumental,4,data/fma_small/083/083613.mp3,True
83715,Hip-Hop,3,data/fma_small/083/083715.mp3,True
83717,Hip-Hop,3,data/fma_small/083/083717.mp3,True
83718,Hip-Hop,3,data/fma_small/083/083718.mp3,True
83719,Hip-Hop,3,data/fma_small/083/083719.mp3,True
83789,Rock,7,data/fma_small/083/083789.mp3,True
83790,Rock,7,data/fma_small/083/083790.mp3,True
83791,Rock,7,data/fma_small/083/083791.mp3,True
83898,Experimental,1,data/fma_small/083/083898.mp3,True
83903,Experimental,1,data/fma_small/083/083903.mp3,True
83906,Experimental,1,data/fma_small/083/083906.mp3,True
83908,Experimental,1,data/fma_small/083/083908.mp3,True
83911,Experimental,1,data/fma_small/083/083911.mp3,True
83913,Experimental,1,data/fma_small/083/083913.mp3,True
83954,Experimental,1,data/fma_small/083/083954.mp3,True
83960,Experimental,1,data/fma_small/083/083960.mp3,True
83969,Rock,7,data/fma_small/083/083969.mp3,True
84009,Folk,2,data/fma_small/084/084009.mp3,True
84054,Experimental,1,data/fma_small/084/084054.mp3,True
84055,Experimental,1,data/fma_small/084/084055.mp3,True
84056,Experimental,1,data/fma_small/084/084056.mp3,True
84057,Experimental,1,data/fma_small/084/084057.mp3,True
84058,Experimental,1,data/fma_small/084/084058.mp3,True
84091,Electronic,0,data/fma_small/084/084091.mp3,True
84095,Electronic,0,data/fma_small/084/084095.mp3,True
84096,Electronic,0,data/fma_small/084/084096.mp3,True
84097,Electronic,0,data/fma_small/084/084097.mp3,True
84111,Hip-Hop,3,data/fma_small/084/084111.mp3,True
84135,Experimental,1,data/fma_small/084/084135.mp3,True
84136,Experimental,1,data/fma_small/084/084136.mp3,True
84139,Experimental,1,data/fma_small/084/084139.mp3,True
84141,Experimental,1,data/fma_small/084/084141.mp3,True
84142,Experimental,1,data/fma_small/084/084142.mp3,True
84144,Experimental,1,data/fma_small/084/084144.mp3,True
84152,Experimental,1,data/fma_small/084/084152.mp3,True
84154,Folk,2,data/fma_small/084/084154.mp3,True
84155,Folk,2,data/fma_small/084/084155.mp3,True
84156,Folk,2,data/fma_small/084/084156.mp3,True
84157,Folk,2,data/fma_small/084/084157.mp3,True
84158,Folk,2,data/fma_small/084/084158.mp3,True
84159,Folk,2,data/fma_small/084/084159.mp3,True
84195,Electronic,0,data/fma_small/084/084195.mp3,True
84198,Electronic,0,data/fma_small/084/084198.mp3,True
84200,Electronic,0,data/fma_small/084/084200.mp3,True
84201,Electronic,0,data/fma_small/084/084201.mp3,True
84202,Electronic,0,data/fma_small/084/084202.mp3,True
84264,Electronic,0,data/fma_small/084/084264.mp3,True
84290,Rock,7,data/fma_small/084/084290.mp3,True
84291,Rock,7,data/fma_small/084/084291.mp3,True
84405,Experimental,1,data/fma_small/084/084405.mp3,True
84417,Experimental,1,data/fma_small/084/084417.mp3,True
84423,Experimental,1,data/fma_small/084/084423.mp3,True
84483,Electronic,0,data/fma_small/084/084483.mp3,True
84484,Electronic,0,data/fma_small/084/084484.mp3,True
84485,Electronic,0,data/fma_small/084/084485.mp3,True
84486,Electronic,0,data/fma_small/084/084486.mp3,True
84605,Pop,6,data/fma_small/084/084605.mp3,True
84736,Instrumental,4,data/fma_small/084/084736.mp3,True
84743,Rock,7,data/fma_small/084/084743.mp3,True
84757,Rock,7,data/fma_small/084/084757.mp3,True
84768,Instrumental,4,data/fma_small/084/084768.mp3,True
84777,Electronic,0,data/fma_small/084/084777.mp3,True
84788,Rock,7,data/fma_small/084/084788.mp3,True
84817,Pop,6,data/fma_small/084/084817.mp3,True
85027,Rock,7,data/fma_small/085/085027.mp3,True
85038,Electronic,0,data/fma_small/085/085038.mp3,True
85039,Electronic,0,data/fma_small/085/085039.mp3,True
85040,Electronic,0,data/fma_small/085/085040.mp3,True
85041,Electronic,0,data/fma_small/085/085041.mp3,True
85290,Electronic,0,data/fma_small/085/085290.mp3,True
85291,Electronic,0,data/fma_small/085/085291.mp3,True
85307,Pop,6,data/fma_small/085/085307.mp3,True
85308,Pop,6,data/fma_small/085/085308.mp3,True
85309,Pop,6,data/fma_small/085/085309.mp3,True
85310,Pop,6,data/fma_small/085/085310.mp3,True
85311,Pop,6,data/fma_small/085/085311.mp3,True
85317,Electronic,0,data/fma_small/085/085317.mp3,True
85318,Electronic,0,data/fma_small/085/085318.mp3,True
85343,Electronic,0,data/fma_small/085/085343.mp3,True
85346,Electronic,0,data/fma_small/085/085346.mp3,True
85347,Electronic,0,data/fma_small/085/085347.mp3,True
85400,Experimental,1,data/fma_small/085/085400.mp3,True
85419,Pop,6,data/fma_small/085/085419.mp3,True
85420,Pop,6,data/fma_small/085/085420.mp3,True
85421,Pop,6,data/fma_small/085/085421.mp3,True
85422,Pop,6,data/fma_small/085/085422.mp3,True
85423,Pop,6,data/fma_small/085/085423.mp3,True
85424,Pop,6,data/fma_small/085/085424.mp3,True
85425,Pop,6,data/fma_small/085/085425.mp3,True
85426,Pop,6,data/fma_small/085/085426.mp3,True
85427,Pop,6,data/fma_small/085/085427.mp3,True
85428,Pop,6,data/fma_small/085/085428.mp3,True
85436,Folk,2,data/fma_small/085/085436.mp3,True
85438,Folk,2,data/fma_small/085/085438.mp3,True
85482,Folk,2,data/fma_small/085/085482.mp3,True
85484,Folk,2,data/fma_small/085/085484.mp3,True
85485,Folk,2,data/fma_small/085/085485.mp3,True
85486,Folk,2,data/fma_small/085/085486.mp3,True
85487,Folk,2,data/fma_small/085/085487.mp3,True
85488,Folk,2,data/fma_small/085/085488.mp3,True
85489,Folk,2,data/fma_small/085/085489.mp3,True
85490,Folk,2,data/fma_small/085/085490.mp3,True
85491,Folk,2,data/fma_small/085/085491.mp3,True
85492,Folk,2,data/fma_small/085/085492.mp3,True
85494,Experimental,1,data/fma_small/085/085494.mp3,True
85592,Pop,6,data/fma_small/085/085592.mp3,True
85593,Pop,6,data/fma_small/085/085593.mp3,True
85594,Pop,6,data/fma_small/085/085594.mp3,True
85595,Pop,6,data/fma_small/085/085595.mp3,True
85596,Pop,6,data/fma_small/085/085596.mp3,True
85598,Pop,6,data/fma_small/085/085598.mp3,True
85599,Pop,6,data/fma_small/085/085599.mp3,True
85600,Pop,6,data/fma_small/085/085600.mp3,True
85691,Folk,2,data/fma_small/085/085691.mp3,True
85692,Folk,2,data/fma_small/085/085692.mp3,True
85693,Folk,2,data/fma_small/085/085693.mp3,True
85787,Rock,7,data/fma_small/085/085787.mp3,True
85788,Rock,7,data/fma_small/085/085788.mp3,True
85791,Rock,7,data/fma_small/085/085791.mp3,True
85792,Rock,7,data/fma_small/085/085792.mp3,True
85816,Rock,7,data/fma_small/085/085816.mp3,True
85817,Rock,7,data/fma_small/085/085817.mp3,True
85822,Electronic,0,data/fma_small/085/085822.mp3,True
85823,Electronic,0,data/fma_small/085/085823.mp3,True
85828,Electronic,0,data/fma_small/085/085828.mp3,True
85831,Electronic,0,data/fma_small/085/085831.mp3,True
85832,Electronic,0,data/fma_small/085/085832.mp3,True
85833,Electronic,0,data/fma_small/085/085833.mp3,True
85834,Electronic,0,data/fma_small/085/085834.mp3,True
85835,Electronic,0,data/fma_small/085/085835.mp3,True
85836,Electronic,0,data/fma_small/085/085836.mp3,True
85837,Electronic,0,data/fma_small/085/085837.mp3,True
85838,Electronic,0,data/fma_small/085/085838.mp3,True
85839,Electronic,0,data/fma_small/085/085839.mp3,True
85840,Electronic,0,data/fma_small/085/085840.mp3,True
85950,Pop,6,data/fma_small/085/085950.mp3,True
85951,Pop,6,data/fma_small/085/085951.mp3,True
85952,Pop,6,data/fma_small/085/085952.mp3,True
85953,Pop,6,data/fma_small/085/085953.mp3,True
85954,Pop,6,data/fma_small/085/085954.mp3,True
85955,Pop,6,data/fma_small/085/085955.mp3,True
85956,Pop,6,data/fma_small/085/085956.mp3,True
85957,Pop,6,data/fma_small/085/085957.mp3,True
85963,Folk,2,data/fma_small/085/085963.mp3,True
85966,Folk,2,data/fma_small/085/085966.mp3,True
85967,Folk,2,data/fma_small/085/085967.mp3,True
85968,Folk,2,data/fma_small/085/085968.mp3,True
85973,Folk,2,data/fma_small/085/085973.mp3,True
86037,Instrumental,4,data/fma_small/086/086037.mp3,True
86038,Instrumental,4,data/fma_small/086/086038.mp3,True
86039,Instrumental,4,data/fma_small/086/086039.mp3,True
86040,Instrumental,4,data/fma_small/086/086040.mp3,True
86077,Experimental,1,data/fma_small/086/086077.mp3,True
86081,Experimental,1,data/fma_small/086/086081.mp3,True
86082,Experimental,1,data/fma_small/086/086082.mp3,True
86116,Pop,6,data/fma_small/086/086116.mp3,True
86117,Pop,6,data/fma_small/086/086117.mp3,True
86118,Pop,6,data/fma_small/086/086118.mp3,True
86119,Pop,6,data/fma_small/086/086119.mp3,True
86140,Experimental,1,data/fma_small/086/086140.mp3,True
86256,Experimental,1,data/fma_small/086/086256.mp3,True
86259,Experimental,1,data/fma_small/086/086259.mp3,True
86262,Rock,7,data/fma_small/086/086262.mp3,True
86263,Rock,7,data/fma_small/086/086263.mp3,True
86415,Hip-Hop,3,data/fma_small/086/086415.mp3,True
86416,Hip-Hop,3,data/fma_small/086/086416.mp3,True
86417,Rock,7,data/fma_small/086/086417.mp3,True
86419,Rock,7,data/fma_small/086/086419.mp3,True
86441,Rock,7,data/fma_small/086/086441.mp3,True
86443,Rock,7,data/fma_small/086/086443.mp3,True
86481,Instrumental,4,data/fma_small/086/086481.mp3,True
86482,Instrumental,4,data/fma_small/086/086482.mp3,True
86483,Instrumental,4,data/fma_small/086/086483.mp3,True
86484,Instrumental,4,data/fma_small/086/086484.mp3,True
86485,Instrumental,4,data/fma_small/086/086485.mp3,True
86486,Instrumental,4,data/fma_small/086/086486.mp3,True
86487,Instrumental,4,data/fma_small/086/086487.mp3,True
86562,Rock,7,data/fma_small/086/086562.mp3,True
86576,Experimental,1,data/fma_small/086/086576.mp3,True
86623,Folk,2,data/fma_small/086/086623.mp3,True
86634,Pop,6,data/fma_small/086/086634.mp3,True
86678,Hip-Hop,3,data/fma_small/086/086678.mp3,True
86679,Hip-Hop,3,data/fma_small/086/086679.mp3,True
86680,Hip-Hop,3,data/fma_small/086/086680.mp3,True
86720,Experimental,1,data/fma_small/086/086720.mp3,True
86721,Experimental,1,data/fma_small/086/086721.mp3,True
86724,Experimental,1,data/fma_small/086/086724.mp3,True
86725,Experimental,1,data/fma_small/086/086725.mp3,True
86730,Experimental,1,data/fma_small/086/086730.mp3,True
86761,Rock,7,data/fma_small/086/086761.mp3,True
86762,Rock,7,data/fma_small/086/086762.mp3,True
86763,Rock,7,data/fma_small/086/086763.mp3,True
86788,Rock,7,data/fma_small/086/086788.mp3,True
86793,Electronic,0,data/fma_small/086/086793.mp3,True
86795,Rock,7,data/fma_small/086/086795.mp3,True
86799,Rock,7,data/fma_small/086/086799.mp3,True
86993,Rock,7,data/fma_small/086/086993.mp3,True
87068,Electronic,0,data/fma_small/087/087068.mp3,True
87069,Electronic,0,data/fma_small/087/087069.mp3,True
87070,Electronic,0,data/fma_small/087/087070.mp3,True
87096,Instrumental,4,data/fma_small/087/087096.mp3,True
87097,Instrumental,4,data/fma_small/087/087097.mp3,True
87098,Instrumental,4,data/fma_small/087/087098.mp3,True
87099,Instrumental,4,data/fma_small/087/087099.mp3,True
87100,Instrumental,4,data/fma_small/087/087100.mp3,True
87101,Instrumental,4,data/fma_small/087/087101.mp3,True
87102,Instrumental,4,data/fma_small/087/087102.mp3,True
87103,Instrumental,4,data/fma_small/087/087103.mp3,True
87104,Instrumental,4,data/fma_small/087/087104.mp3,True
87105,Instrumental,4,data/fma_small/087/087105.mp3,True
87106,Instrumental,4,data/fma_small/087/087106.mp3,True
87107,Instrumental,4,data/fma_small/087/087107.mp3,True
87108,Instrumental,4,data/fma_small/087/087108.mp3,True
87121,Rock,7,data/fma_small/087/087121.mp3,True
87151,Rock,7,data/fma_small/087/087151.mp3,True
87152,Rock,7,data/fma_small/087/087152.mp3,True
87153,Rock,7,data/fma_small/087/087153.mp3,True
87154,Rock,7,data/fma_small/087/087154.mp3,True
87155,Rock,7,data/fma_small/087/087155.mp3,True
87157,Electronic,0,data/fma_small/087/087157.mp3,True
87158,Electronic,0,data/fma_small/087/087158.mp3,True
87159,Electronic,0,data/fma_small/087/087159.mp3,True
87160,Electronic,0,data/fma_small/087/087160.mp3,True
87161,Electronic,0,data/fma_small/087/087161.mp3,True
87185,Pop,6,data/fma_small/087/087185.mp3,True
87186,Pop,6,data/fma_small/087/087186.mp3,True
87187,Pop,6,data/fma_small/087/087187.mp3,True
87188,Pop,6,data/fma_small/087/087188.mp3,True
87189,Pop,6,data/fma_small/087/087189.mp3,True
87190,Pop,6,data/fma_small/087/087190.mp3,True
87191,Pop,6,data/fma_small/087/087191.mp3,True
87192,Pop,6,data/fma_small/087/087192.mp3,True
87193,Pop,6,data/fma_small/087/087193.mp3,True
87194,Pop,6,data/fma_small/087/087194.mp3,True
87237,Electronic,0,data/fma_small/087/087237.mp3,True
87322,Pop,6,data/fma_small/087/087322.mp3,True
87323,Pop,6,data/fma_small/087/087323.mp3,True
87324,Pop,6,data/fma_small/087/087324.mp3,True
87325,Pop,6,data/fma_small/087/087325.mp3,True
87361,Rock,7,data/fma_small/087/087361.mp3,True
87362,Rock,7,data/fma_small/087/087362.mp3,True
87363,Rock,7,data/fma_small/087/087363.mp3,True
87377,Electronic,0,data/fma_small/087/087377.mp3,True
87430,Rock,7,data/fma_small/087/087430.mp3,True
87431,Rock,7,data/fma_small/087/087431.mp3,True
87490,Rock,7,data/fma_small/087/087490.mp3,True
87639,Electronic,0,data/fma_small/087/087639.mp3,True
87641,Electronic,0,data/fma_small/087/087641.mp3,True
87642,Electronic,0,data/fma_small/087/087642.mp3,True
87643,Electronic,0,data/fma_small/087/087643.mp3,True
87644,Electronic,0,data/fma_small/087/087644.mp3,True
87645,Electronic,0,data/fma_small/087/087645.mp3,True
87965,Folk,2,data/fma_small/087/087965.mp3,True
87966,Folk,2,data/fma_small/087/087966.mp3,True
87967,Folk,2,data/fma_small/087/087967.mp3,True
87968,Folk,2,data/fma_small/087/087968.mp3,True
87971,Folk,2,data/fma_small/087/087971.mp3,True
87972,Folk,2,data/fma_small/087/087972.mp3,True
88428,Pop,6,data/fma_small/088/088428.mp3,True
88429,Pop,6,data/fma_small/088/088429.mp3,True
88485,Experimental,1,data/fma_small/088/088485.mp3,True
88486,Experimental,1,data/fma_small/088/088486.mp3,True
88846,Folk,2,data/fma_small/088/088846.mp3,True
88848,Folk,2,data/fma_small/088/088848.mp3,True
88854,Folk,2,data/fma_small/088/088854.mp3,True
88856,Folk,2,data/fma_small/088/088856.mp3,True
88858,Folk,2,data/fma_small/088/088858.mp3,True
88860,Folk,2,data/fma_small/088/088860.mp3,True
88861,Folk,2,data/fma_small/088/088861.mp3,True
88863,Folk,2,data/fma_small/088/088863.mp3,True
88864,Folk,2,data/fma_small/088/088864.mp3,True
88867,Folk,2,data/fma_small/088/088867.mp3,True
88868,Folk,2,data/fma_small/088/088868.mp3,True
88869,Folk,2,data/fma_small/088/088869.mp3,True
88870,Folk,2,data/fma_small/088/088870.mp3,True
88871,Folk,2,data/fma_small/088/088871.mp3,True
88872,Folk,2,data/fma_small/088/088872.mp3,True
88873,Folk,2,data/fma_small/088/088873.mp3,True
88874,Folk,2,data/fma_small/088/088874.mp3,True
88875,Folk,2,data/fma_small/088/088875.mp3,True
88876,Folk,2,data/fma_small/088/088876.mp3,True
88877,Folk,2,data/fma_small/088/088877.mp3,True
88878,Folk,2,data/fma_small/088/088878.mp3,True
88879,Folk,2,data/fma_small/088/088879.mp3,True
88892,Folk,2,data/fma_small/088/088892.mp3,True
88899,Rock,7,data/fma_small/088/088899.mp3,True
88900,Rock,7,data/fma_small/088/088900.mp3,True
88959,Rock,7,data/fma_small/088/088959.mp3,True
88960,Rock,7,data/fma_small/088/088960.mp3,True
89178,Hip-Hop,3,data/fma_small/089/089178.mp3,True
89179,Hip-Hop,3,data/fma_small/089/089179.mp3,True
89192,Hip-Hop,3,data/fma_small/089/089192.mp3,True
89195,Hip-Hop,3,data/fma_small/089/089195.mp3,True
89196,Hip-Hop,3,data/fma_small/089/089196.mp3,True
89212,Experimental,1,data/fma_small/089/089212.mp3,True
89350,Folk,2,data/fma_small/089/089350.mp3,True
89376,Experimental,1,data/fma_small/089/089376.mp3,True
89441,Folk,2,data/fma_small/089/089441.mp3,True
89445,Hip-Hop,3,data/fma_small/089/089445.mp3,True
89447,Hip-Hop,3,data/fma_small/089/089447.mp3,True
89456,Hip-Hop,3,data/fma_small/089/089456.mp3,True
89473,Hip-Hop,3,data/fma_small/089/089473.mp3,True
89474,Electronic,0,data/fma_small/089/089474.mp3,True
89477,Folk,2,data/fma_small/089/089477.mp3,True
89482,Folk,2,data/fma_small/089/089482.mp3,True
89484,Folk,2,data/fma_small/089/089484.mp3,True
89485,Folk,2,data/fma_small/089/089485.mp3,True
89486,Folk,2,data/fma_small/089/089486.mp3,True
89639,Electronic,0,data/fma_small/089/089639.mp3,True
89704,Rock,7,data/fma_small/089/089704.mp3,True
89814,Electronic,0,data/fma_small/089/089814.mp3,True
89815,Electronic,0,data/fma_small/089/089815.mp3,True
89816,Electronic,0,data/fma_small/089/089816.mp3,True
89817,Electronic,0,data/fma_small/089/089817.mp3,True
89841,Hip-Hop,3,data/fma_small/089/089841.mp3,True
89843,Hip-Hop,3,data/fma_small/089/089843.mp3,True
89846,Hip-Hop,3,data/fma_small/089/089846.mp3,True
89847,Hip-Hop,3,data/fma_small/089/089847.mp3,True
89848,Hip-Hop,3,data/fma_small/089/089848.mp3,True
89857,Hip-Hop,3,data/fma_small/089/089857.mp3,True
89859,Hip-Hop,3,data/fma_small/089/089859.mp3,True
89860,Hip-Hop,3,data/fma_small/089/089860.mp3,True
89991,Experimental,1,data/fma_small/089/089991.mp3,True
89992,Experimental,1,data/fma_small/089/089992.mp3,True
90027,Experimental,1,data/fma_small/090/090027.mp3,True
90074,Electronic,0,data/fma_small/090/090074.mp3,True
90278,Experimental,1,data/fma_small/090/090278.mp3,True
90526,Instrumental,4,data/fma_small/090/090526.mp3,True
90527,Instrumental,4,data/fma_small/090/090527.mp3,True
90529,Instrumental,4,data/fma_small/090/090529.mp3,True
90530,Instrumental,4,data/fma_small/090/090530.mp3,True
90570,Pop,6,data/fma_small/090/090570.mp3,True
90579,Pop,6,data/fma_small/090/090579.mp3,True
90582,Pop,6,data/fma_small/090/090582.mp3,True
90583,Pop,6,data/fma_small/090/090583.mp3,True
90587,Pop,6,data/fma_small/090/090587.mp3,True
90589,Pop,6,data/fma_small/090/090589.mp3,True
90590,Pop,6,data/fma_small/090/090590.mp3,True
90591,Pop,6,data/fma_small/090/090591.mp3,True
90592,Pop,6,data/fma_small/090/090592.mp3,True
90616,Instrumental,4,data/fma_small/090/090616.mp3,True
90617,Instrumental,4,data/fma_small/090/090617.mp3,True
90618,Instrumental,4,data/fma_small/090/090618.mp3,True
90625,Folk,2,data/fma_small/090/090625.mp3,True
90639,Rock,7,data/fma_small/090/090639.mp3,True
90652,Rock,7,data/fma_small/090/090652.mp3,True
90695,Rock,7,data/fma_small/090/090695.mp3,True
90804,Experimental,1,data/fma_small/090/090804.mp3,True
90824,Pop,6,data/fma_small/090/090824.mp3,True
90826,Pop,6,data/fma_small/090/090826.mp3,True
90828,Pop,6,data/fma_small/090/090828.mp3,True
90982,Hip-Hop,3,data/fma_small/090/090982.mp3,True
90987,Hip-Hop,3,data/fma_small/090/090987.mp3,True
90993,Hip-Hop,3,data/fma_small/090/090993.mp3,True
91081,Electronic,0,data/fma_small/091/091081.mp3,True
91082,Electronic,0,data/fma_small/091/091082.mp3,True
91083,Electronic,0,data/fma_small/091/091083.mp3,True
91084,Electronic,0,data/fma_small/091/091084.mp3,True
91085,Electronic,0,data/fma_small/091/091085.mp3,True
91086,Electronic,0,data/fma_small/091/091086.mp3,True
91087,Electronic,0,data/fma_small/091/091087.mp3,True
91088,Electronic,0,data/fma_small/091/091088.mp3,True
91089,Electronic,0,data/fma_small/091/091089.mp3,True
91092,Rock,7,data/fma_small/091/091092.mp3,True
91093,Rock,7,data/fma_small/091/091093.mp3,True
91098,Folk,2,data/fma_small/091/091098.mp3,True
91102,Folk,2,data/fma_small/091/091102.mp3,True
91130,Experimental,1,data/fma_small/091/091130.mp3,True
91157,Pop,6,data/fma_small/091/091157.mp3,True
91158,Pop,6,data/fma_small/091/091158.mp3,True
91159,Pop,6,data/fma_small/091/091159.mp3,True
91160,Pop,6,data/fma_small/091/091160.mp3,True
91161,Pop,6,data/fma_small/091/091161.mp3,True
91162,Pop,6,data/fma_small/091/091162.mp3,True
91163,Pop,6,data/fma_small/091/091163.mp3,True
91164,Pop,6,data/fma_small/091/091164.mp3,True
91170,Folk,2,data/fma_small/091/091170.mp3,True
91177,International,5,data/fma_small/091/091177.mp3,True
91178,International,5,data/fma_small/091/091178.mp3,True
91179,International,5,data/fma_small/091/091179.mp3,True
91181,International,5,data/fma_small/091/091181.mp3,True
91182,International,5,data/fma_small/091/091182.mp3,True
91183,International,5,data/fma_small/091/091183.mp3,True
91184,International,5,data/fma_small/091/091184.mp3,True
91185,International,5,data/fma_small/091/091185.mp3,True
91186,International,5,data/fma_small/091/091186.mp3,True
91187,International,5,data/fma_small/091/091187.mp3,True
91205,Rock,7,data/fma_small/091/091205.mp3,True
91228,Folk,2,data/fma_small/091/091228.mp3,True
91238,Folk,2,data/fma_small/091/091238.mp3,True
91306,Hip-Hop,3,data/fma_small/091/091306.mp3,True
91309,Hip-Hop,3,data/fma_small/091/091309.mp3,True
91312,Hip-Hop,3,data/fma_small/091/091312.mp3,True
91315,Hip-Hop,3,data/fma_small/091/091315.mp3,True
91317,Hip-Hop,3,data/fma_small/091/091317.mp3,True
91318,Hip-Hop,3,data/fma_small/091/091318.mp3,True
91319,Hip-Hop,3,data/fma_small/091/091319.mp3,True
91329,Rock,7,data/fma_small/091/091329.mp3,True
91349,Pop,6,data/fma_small/091/091349.mp3,True
91443,Folk,2,data/fma_small/091/091443.mp3,True
91455,Rock,7,data/fma_small/091/091455.mp3,True
91458,Rock,7,data/fma_small/091/091458.mp3,True
91459,Rock,7,data/fma_small/091/091459.mp3,True
91468,Pop,6,data/fma_small/091/091468.mp3,True
91471,Pop,6,data/fma_small/091/091471.mp3,True
91619,Electronic,0,data/fma_small/091/091619.mp3,True
91620,Electronic,0,data/fma_small/091/091620.mp3,True
91621,Electronic,0,data/fma_small/091/091621.mp3,True
91622,Electronic,0,data/fma_small/091/091622.mp3,True
91623,Electronic,0,data/fma_small/091/091623.mp3,True
91624,Electronic,0,data/fma_small/091/091624.mp3,True
91625,Electronic,0,data/fma_small/091/091625.mp3,True
91755,Electronic,0,data/fma_small/091/091755.mp3,True
91788,Folk,2,data/fma_small/091/091788.mp3,True
91790,Folk,2,data/fma_small/091/091790.mp3,True
91791,Folk,2,data/fma_small/091/091791.mp3,True
91793,Folk,2,data/fma_small/091/091793.mp3,True
91796,Folk,2,data/fma_small/091/091796.mp3,True
91797,Folk,2,data/fma_small/091/091797.mp3,True
91851,Rock,7,data/fma_small/091/091851.mp3,True
91868,Rock,7,data/fma_small/091/091868.mp3,True
91869,Rock,7,data/fma_small/091/091869.mp3,True
91894,Experimental,1,data/fma_small/091/091894.mp3,True
91897,Experimental,1,data/fma_small/091/091897.mp3,True
91899,Experimental,1,data/fma_small/091/091899.mp3,True
91900,Experimental,1,data/fma_small/091/091900.mp3,True
91933,Folk,2,data/fma_small/091/091933.mp3,True
91934,Folk,2,data/fma_small/091/091934.mp3,True
91936,Folk,2,data/fma_small/091/091936.mp3,True
91937,Folk,2,data/fma_small/091/091937.mp3,True
91938,Folk,2,data/fma_small/091/091938.mp3,True
91958,Folk,2,data/fma_small/091/091958.mp3,True
91960,International,5,data/fma_small/091/091960.mp3,True
92124,Pop,6,data/fma_small/092/092124.mp3,True
92125,Pop,6,data/fma_small/092/092125.mp3,True
92129,Pop,6,data/fma_small/092/092129.mp3,True
92130,Pop,6,data/fma_small/092/092130.mp3,True
92131,Pop,6,data/fma_small/092/092131.mp3,True
92206,International,5,data/fma_small/092/092206.mp3,True
92275,Electronic,0,data/fma_small/092/092275.mp3,True
92282,Electronic,0,data/fma_small/092/092282.mp3,True
92283,Electronic,0,data/fma_small/092/092283.mp3,True
92284,Electronic,0,data/fma_small/092/092284.mp3,True
92292,Folk,2,data/fma_small/092/092292.mp3,True
92366,Electronic,0,data/fma_small/092/092366.mp3,True
92466,Electronic,0,data/fma_small/092/092466.mp3,True
92508,Rock,7,data/fma_small/092/092508.mp3,True
92535,Folk,2,data/fma_small/092/092535.mp3,True
92536,Folk,2,data/fma_small/092/092536.mp3,True
92538,Folk,2,data/fma_small/092/092538.mp3,True
92539,Folk,2,data/fma_small/092/092539.mp3,True
92540,Folk,2,data/fma_small/092/092540.mp3,True
92546,Electronic,0,data/fma_small/092/092546.mp3,True
92548,Electronic,0,data/fma_small/092/092548.mp3,True
92549,Electronic,0,data/fma_small/092/092549.mp3,True
92551,Electronic,0,data/fma_small/092/092551.mp3,True
92554,Electronic,0,data/fma_small/092/092554.mp3,True
92556,Electronic,0,data/fma_small/092/092556.mp3,True
92561,Electronic,0,data/fma_small/092/092561.mp3,True
92562,Electronic,0,data/fma_small/092/092562.mp3,True
92564,Electronic,0,data/fma_small/092/092564.mp3,True
92565,Experimental,1,data/fma_small/092/092565.mp3,True
92573,Experimental,1,data/fma_small/092/092573.mp3,True
92574,Experimental,1,data/fma_small/092/092574.mp3,True
92868,Rock,7,data/fma_small/092/092868.mp3,True
92872,Experimental,1,data/fma_small/092/092872.mp3,True
92873,Experimental,1,data/fma_small/092/092873.mp3,True
92874,Experimental,1,data/fma_small/092/092874.mp3,True
92878,Experimental,1,data/fma_small/092/092878.mp3,True
92881,Experimental,1,data/fma_small/092/092881.mp3,True
92885,Experimental,1,data/fma_small/092/092885.mp3,True
92886,Experimental,1,data/fma_small/092/092886.mp3,True
92887,Experimental,1,data/fma_small/092/092887.mp3,True
92888,Experimental,1,data/fma_small/092/092888.mp3,True
92889,Experimental,1,data/fma_small/092/092889.mp3,True
92947,Instrumental,4,data/fma_small/092/092947.mp3,True
92948,Instrumental,4,data/fma_small/092/092948.mp3,True
92949,Instrumental,4,data/fma_small/092/092949.mp3,True
92950,Instrumental,4,data/fma_small/092/092950.mp3,True
92951,Instrumental,4,data/fma_small/092/092951.mp3,True
92952,Instrumental,4,data/fma_small/092/092952.mp3,True
92953,Instrumental,4,data/fma_small/092/092953.mp3,True
92954,Instrumental,4,data/fma_small/092/092954.mp3,True
92955,Instrumental,4,data/fma_small/092/092955.mp3,True
93074,Folk,2,data/fma_small/093/093074.mp3,True
93075,Folk,2,data/fma_small/093/093075.mp3,True
93076,Folk,2,data/fma_small/093/093076.mp3,True
93363,Electronic,0,data/fma_small/093/093363.mp3,True
93364,Electronic,0,data/fma_small/093/093364.mp3,True
93518,Electronic,0,data/fma_small/093/093518.mp3,True
93519,Electronic,0,data/fma_small/093/093519.mp3,True
93520,Electronic,0,data/fma_small/093/093520.mp3,True
93521,Electronic,0,data/fma_small/093/093521.mp3,True
93522,Electronic,0,data/fma_small/093/093522.mp3,True
93523,Electronic,0,data/fma_small/093/093523.mp3,True
93704,Folk,2,data/fma_small/093/093704.mp3,True
93710,Folk,2,data/fma_small/093/093710.mp3,True
93712,Folk,2,data/fma_small/093/093712.mp3,True
93716,Folk,2,data/fma_small/093/093716.mp3,True
93727,Electronic,0,data/fma_small/093/093727.mp3,True
93867,Rock,7,data/fma_small/093/093867.mp3,True
93868,Rock,7,data/fma_small/093/093868.mp3,True
93915,Instrumental,4,data/fma_small/093/093915.mp3,True
93917,Instrumental,4,data/fma_small/093/093917.mp3,True
93918,Instrumental,4,data/fma_small/093/093918.mp3,True
93919,Instrumental,4,data/fma_small/093/093919.mp3,True
93920,Instrumental,4,data/fma_small/093/093920.mp3,True
93921,Instrumental,4,data/fma_small/093/093921.mp3,True
93940,Electronic,0,data/fma_small/093/093940.mp3,True
93941,Electronic,0,data/fma_small/093/093941.mp3,True
93942,Pop,6,data/fma_small/093/093942.mp3,True
93943,Pop,6,data/fma_small/093/093943.mp3,True
93944,Pop,6,data/fma_small/093/093944.mp3,True
93950,Rock,7,data/fma_small/093/093950.mp3,True
93956,Rock,7,data/fma_small/093/093956.mp3,True
93981,International,5,data/fma_small/093/093981.mp3,True
93983,Rock,7,data/fma_small/093/093983.mp3,True
93985,Rock,7,data/fma_small/093/093985.mp3,True
93986,Rock,7,data/fma_small/093/093986.mp3,True
94026,Rock,7,data/fma_small/094/094026.mp3,True
94033,Instrumental,4,data/fma_small/094/094033.mp3,True
94034,Instrumental,4,data/fma_small/094/094034.mp3,True
94035,Instrumental,4,data/fma_small/094/094035.mp3,True
94036,Instrumental,4,data/fma_small/094/094036.mp3,True
94037,Instrumental,4,data/fma_small/094/094037.mp3,True
94038,Instrumental,4,data/fma_small/094/094038.mp3,True
94039,Instrumental,4,data/fma_small/094/094039.mp3,True
94093,Rock,7,data/fma_small/094/094093.mp3,True
94099,Rock,7,data/fma_small/094/094099.mp3,True
94101,Rock,7,data/fma_small/094/094101.mp3,True
94102,Rock,7,data/fma_small/094/094102.mp3,True
94263,Electronic,0,data/fma_small/094/094263.mp3,True
94348,Rock,7,data/fma_small/094/094348.mp3,True
94411,Electronic,0,data/fma_small/094/094411.mp3,True
94414,Electronic,0,data/fma_small/094/094414.mp3,True
94415,Electronic,0,data/fma_small/094/094415.mp3,True
94419,Rock,7,data/fma_small/094/094419.mp3,True
94422,Folk,2,data/fma_small/094/094422.mp3,True
94423,Pop,6,data/fma_small/094/094423.mp3,True
94426,Hip-Hop,3,data/fma_small/094/094426.mp3,True
94449,Hip-Hop,3,data/fma_small/094/094449.mp3,True
94465,Hip-Hop,3,data/fma_small/094/094465.mp3,True
94467,Hip-Hop,3,data/fma_small/094/094467.mp3,True
94468,Hip-Hop,3,data/fma_small/094/094468.mp3,True
94628,Pop,6,data/fma_small/094/094628.mp3,True
94630,Pop,6,data/fma_small/094/094630.mp3,True
94631,Pop,6,data/fma_small/094/094631.mp3,True
94632,Pop,6,data/fma_small/094/094632.mp3,True
94634,Pop,6,data/fma_small/094/094634.mp3,True
94635,Pop,6,data/fma_small/094/094635.mp3,True
94638,Pop,6,data/fma_small/094/094638.mp3,True
94803,Electronic,0,data/fma_small/094/094803.mp3,True
95189,Experimental,1,data/fma_small/095/095189.mp3,True
95231,Rock,7,data/fma_small/095/095231.mp3,True
95248,Rock,7,data/fma_small/095/095248.mp3,True
95249,Rock,7,data/fma_small/095/095249.mp3,True
95250,Rock,7,data/fma_small/095/095250.mp3,True
95251,Rock,7,data/fma_small/095/095251.mp3,True
95308,Rock,7,data/fma_small/095/095308.mp3,True
95309,Rock,7,data/fma_small/095/095309.mp3,True
95310,Rock,7,data/fma_small/095/095310.mp3,True
95452,Instrumental,4,data/fma_small/095/095452.mp3,True
95486,Pop,6,data/fma_small/095/095486.mp3,True
95506,Rock,7,data/fma_small/095/095506.mp3,True
95535,Rock,7,data/fma_small/095/095535.mp3,True
95564,Experimental,1,data/fma_small/095/095564.mp3,True
95722,Instrumental,4,data/fma_small/095/095722.mp3,True
95724,Instrumental,4,data/fma_small/095/095724.mp3,True
95725,Instrumental,4,data/fma_small/095/095725.mp3,True
95726,Instrumental,4,data/fma_small/095/095726.mp3,True
95727,Instrumental,4,data/fma_small/095/095727.mp3,True
95908,Hip-Hop,3,data/fma_small/095/095908.mp3,True
95910,Hip-Hop,3,data/fma_small/095/095910.mp3,True
95911,Hip-Hop,3,data/fma_small/095/095911.mp3,True
95912,Hip-Hop,3,data/fma_small/095/095912.mp3,True
95914,Hip-Hop,3,data/fma_small/095/095914.mp3,True
95915,Hip-Hop,3,data/fma_small/095/095915.mp3,True
96166,International,5,data/fma_small/096/096166.mp3,True
96167,International,5,data/fma_small/096/096167.mp3,True
96168,International,5,data/fma_small/096/096168.mp3,True
96169,International,5,data/fma_small/096/096169.mp3,True
96399,Rock,7,data/fma_small/096/096399.mp3,True
96400,Rock,7,data/fma_small/096/096400.mp3,True
96401,Rock,7,data/fma_small/096/096401.mp3,True
96402,Rock,7,data/fma_small/096/096402.mp3,True
96403,Rock,7,data/fma_small/096/096403.mp3,True
96408,Rock,7,data/fma_small/096/096408.mp3,True
96560,Rock,7,data/fma_small/096/096560.mp3,True
96627,Experimental,1,data/fma_small/096/096627.mp3,True
96657,Hip-Hop,3,data/fma_small/096/096657.mp3,True
96675,Hip-Hop,3,data/fma_small/096/096675.mp3,True
96678,Hip-Hop,3,data/fma_small/096/096678.mp3,True
96692,Folk,2,data/fma_small/096/096692.mp3,True
96693,Folk,2,data/fma_small/096/096693.mp3,True
96694,Folk,2,data/fma_small/096/096694.mp3,True
96695,Folk,2,data/fma_small/096/096695.mp3,True
96696,Folk,2,data/fma_small/096/096696.mp3,True
96697,Folk,2,data/fma_small/096/096697.mp3,True
96698,Folk,2,data/fma_small/096/096698.mp3,True
96699,Folk,2,data/fma_small/096/096699.mp3,True
96718,Rock,7,data/fma_small/096/096718.mp3,True
96726,Folk,2,data/fma_small/096/096726.mp3,True
96728,Folk,2,data/fma_small/096/096728.mp3,True
96729,Folk,2,data/fma_small/096/096729.mp3,True
96730,Folk,2,data/fma_small/096/096730.mp3,True
96731,Folk,2,data/fma_small/096/096731.mp3,True
96738,International,5,data/fma_small/096/096738.mp3,True
96742,International,5,data/fma_small/096/096742.mp3,True
96743,International,5,data/fma_small/096/096743.mp3,True
96759,Rock,7,data/fma_small/096/096759.mp3,True
96898,Experimental,1,data/fma_small/096/096898.mp3,True
96900,Experimental,1,data/fma_small/096/096900.mp3,True
96901,Experimental,1,data/fma_small/096/096901.mp3,True
96902,Experimental,1,data/fma_small/096/096902.mp3,True
96935,Rock,7,data/fma_small/096/096935.mp3,True
96936,Rock,7,data/fma_small/096/096936.mp3,True
96944,Pop,6,data/fma_small/096/096944.mp3,True
96945,Pop,6,data/fma_small/096/096945.mp3,True
96946,Pop,6,data/fma_small/096/096946.mp3,True
97037,Hip-Hop,3,data/fma_small/097/097037.mp3,True
97041,Hip-Hop,3,data/fma_small/097/097041.mp3,True
97043,Hip-Hop,3,data/fma_small/097/097043.mp3,True
97211,Folk,2,data/fma_small/097/097211.mp3,True
97215,Folk,2,data/fma_small/097/097215.mp3,True
97216,Folk,2,data/fma_small/097/097216.mp3,True
97279,Instrumental,4,data/fma_small/097/097279.mp3,True
97283,Instrumental,4,data/fma_small/097/097283.mp3,True
97285,Instrumental,4,data/fma_small/097/097285.mp3,True
97286,Rock,7,data/fma_small/097/097286.mp3,True
97373,Experimental,1,data/fma_small/097/097373.mp3,True
97374,Experimental,1,data/fma_small/097/097374.mp3,True
97393,Electronic,0,data/fma_small/097/097393.mp3,True
97404,Electronic,0,data/fma_small/097/097404.mp3,True
97406,Experimental,1,data/fma_small/097/097406.mp3,True
97407,Experimental,1,data/fma_small/097/097407.mp3,True
97424,Electronic,0,data/fma_small/097/097424.mp3,True
97540,Electronic,0,data/fma_small/097/097540.mp3,True
97542,Electronic,0,data/fma_small/097/097542.mp3,True
97544,Electronic,0,data/fma_small/097/097544.mp3,True
97545,Electronic,0,data/fma_small/097/097545.mp3,True
97547,Electronic,0,data/fma_small/097/097547.mp3,True
97548,Electronic,0,data/fma_small/097/097548.mp3,True
97568,Hip-Hop,3,data/fma_small/097/097568.mp3,True
97569,Hip-Hop,3,data/fma_small/097/097569.mp3,True
97570,Hip-Hop,3,data/fma_small/097/097570.mp3,True
97585,Folk,2,data/fma_small/097/097585.mp3,True
97586,Folk,2,data/fma_small/097/097586.mp3,True
97587,Folk,2,data/fma_small/097/097587.mp3,True
97588,Folk,2,data/fma_small/097/097588.mp3,True
97589,Folk,2,data/fma_small/097/097589.mp3,True
97590,Folk,2,data/fma_small/097/097590.mp3,True
97690,Rock,7,data/fma_small/097/097690.mp3,True
97691,Hip-Hop,3,data/fma_small/097/097691.mp3,True
97692,Hip-Hop,3,data/fma_small/097/097692.mp3,True
97697,Hip-Hop,3,data/fma_small/097/097697.mp3,True
97793,Experimental,1,data/fma_small/097/097793.mp3,True
97794,Experimental,1,data/fma_small/097/097794.mp3,True
97813,Experimental,1,data/fma_small/097/097813.mp3,True
97814,Experimental,1,data/fma_small/097/097814.mp3,True
97841,Experimental,1,data/fma_small/097/097841.mp3,True
97844,Electronic,0,data/fma_small/097/097844.mp3,True
97845,Electronic,0,data/fma_small/097/097845.mp3,True
97846,Electronic,0,data/fma_small/097/097846.mp3,True
97847,Electronic,0,data/fma_small/097/097847.mp3,True
97848,Electronic,0,data/fma_small/097/097848.mp3,True
97886,Rock,7,data/fma_small/097/097886.mp3,True
97887,Rock,7,data/fma_small/097/097887.mp3,True
97894,Rock,7,data/fma_small/097/097894.mp3,True
97940,Electronic,0,data/fma_small/097/097940.mp3,True
97958,Electronic,0,data/fma_small/097/097958.mp3,True
97959,Electronic,0,data/fma_small/097/097959.mp3,True
97960,Electronic,0,data/fma_small/097/097960.mp3,True
97961,Electronic,0,data/fma_small/097/097961.mp3,True
97962,Electronic,0,data/fma_small/097/097962.mp3,True
97980,Hip-Hop,3,data/fma_small/097/097980.mp3,True
97986,Hip-Hop,3,data/fma_small/097/097986.mp3,True
97987,Hip-Hop,3,data/fma_small/097/097987.mp3,True
97988,Hip-Hop,3,data/fma_small/097/097988.mp3,True
97989,Hip-Hop,3,data/fma_small/097/097989.mp3,True
98025,Rock,7,data/fma_small/098/098025.mp3,True
98026,International,5,data/fma_small/098/098026.mp3,True
98028,International,5,data/fma_small/098/098028.mp3,True
98031,International,5,data/fma_small/098/098031.mp3,True
98077,Rock,7,data/fma_small/098/098077.mp3,True
98202,Electronic,0,data/fma_small/098/098202.mp3,True
98203,Electronic,0,data/fma_small/098/098203.mp3,True
98204,Electronic,0,data/fma_small/098/098204.mp3,True
98205,Electronic,0,data/fma_small/098/098205.mp3,True
98206,Electronic,0,data/fma_small/098/098206.mp3,True
98227,Electronic,0,data/fma_small/098/098227.mp3,True
98228,Electronic,0,data/fma_small/098/098228.mp3,True
98229,Experimental,1,data/fma_small/098/098229.mp3,True
98235,Instrumental,4,data/fma_small/098/098235.mp3,True
98236,Instrumental,4,data/fma_small/098/098236.mp3,True
98237,Instrumental,4,data/fma_small/098/098237.mp3,True
98238,Instrumental,4,data/fma_small/098/098238.mp3,True
98251,Rock,7,data/fma_small/098/098251.mp3,True
98297,Rock,7,data/fma_small/098/098297.mp3,True
98298,International,5,data/fma_small/098/098298.mp3,True
98299,International,5,data/fma_small/098/098299.mp3,True
98300,International,5,data/fma_small/098/098300.mp3,True
98301,International,5,data/fma_small/098/098301.mp3,True
98302,International,5,data/fma_small/098/098302.mp3,True
98339,International,5,data/fma_small/098/098339.mp3,True
98346,International,5,data/fma_small/098/098346.mp3,True
98348,International,5,data/fma_small/098/098348.mp3,True
98349,International,5,data/fma_small/098/098349.mp3,True
98547,Hip-Hop,3,data/fma_small/098/098547.mp3,True
98548,Hip-Hop,3,data/fma_small/098/098548.mp3,True
98549,Hip-Hop,3,data/fma_small/098/098549.mp3,True
98550,Hip-Hop,3,data/fma_small/098/098550.mp3,True
98551,Hip-Hop,3,data/fma_small/098/098551.mp3,True
98552,Hip-Hop,3,data/fma_small/098/098552.mp3,True
98553,Hip-Hop,3,data/fma_small/098/098553.mp3,True
98554,Hip-Hop,3,data/fma_small/098/098554.mp3,True
98555,Hip-Hop,3,data/fma_small/098/098555.mp3,True
98556,Hip-Hop,3,data/fma_small/098/098556.mp3,True
98557,Hip-Hop,3,data/fma_small/098/098557.mp3,True
98573,Hip-Hop,3,data/fma_small/098/098573.mp3,True
98574,Hip-Hop,3,data/fma_small/098/098574.mp3,True
98575,Hip-Hop,3,data/fma_small/098/098575.mp3,True
98576,Hip-Hop,3,data/fma_small/098/098576.mp3,True
98577,Hip-Hop,3,data/fma_small/098/098577.mp3,True
98578,Hip-Hop,3,data/fma_small/098/098578.mp3,True
98579,Hip-Hop,3,data/fma_small/098/098579.mp3,True
98580,Hip-Hop,3,data/fma_small/098/098580.mp3,True
98581,Hip-Hop,3,data/fma_small/098/098581.mp3,True
98582,Hip-Hop,3,data/fma_small/098/098582.mp3,True
98583,Hip-Hop,3,data/fma_small/098/098583.mp3,True
98584,Hip-Hop,3,data/fma_small/098/098584.mp3,True
98585,Hip-Hop,3,data/fma_small/098/098585.mp3,True
98613,Hip-Hop,3,data/fma_small/098/098613.mp3,True
98617,Hip-Hop,3,data/fma_small/098/098617.mp3,True
98618,Hip-Hop,3,data/fma_small/098/098618.mp3,True
98619,Hip-Hop,3,data/fma_small/098/098619.mp3,True
98620,Hip-Hop,3,data/fma_small/098/098620.mp3,True
98621,Hip-Hop,3,data/fma_small/098/098621.mp3,True
98622,Hip-Hop,3,data/fma_small/098/098622.mp3,True
98623,Hip-Hop,3,data/fma_small/098/098623.mp3,True
98624,Hip-Hop,3,data/fma_small/098/098624.mp3,True
98625,Hip-Hop,3,data/fma_small/098/098625.mp3,True
98626,Hip-Hop,3,data/fma_small/098/098626.mp3,True
98627,Hip-Hop,3,data/fma_small/098/098627.mp3,True
98628,Hip-Hop,3,data/fma_small/098/098628.mp3,True
98655,International,5,data/fma_small/098/098655.mp3,True
98656,International,5,data/fma_small/098/098656.mp3,True
98657,International,5,data/fma_small/098/098657.mp3,True
98666,International,5,data/fma_small/098/098666.mp3,True
98667,International,5,data/fma_small/098/098667.mp3,True
98668,International,5,data/fma_small/098/098668.mp3,True
98669,International,5,data/fma_small/098/098669.mp3,True
98670,International,5,data/fma_small/098/098670.mp3,True
98671,International,5,data/fma_small/098/098671.mp3,True
98680,International,5,data/fma_small/098/098680.mp3,True
98681,International,5,data/fma_small/098/098681.mp3,True
98701,Rock,7,data/fma_small/098/098701.mp3,True
98770,Electronic,0,data/fma_small/098/098770.mp3,True
98838,Electronic,0,data/fma_small/098/098838.mp3,True
99041,Electronic,0,data/fma_small/099/099041.mp3,True
99093,Hip-Hop,3,data/fma_small/099/099093.mp3,True
99095,Hip-Hop,3,data/fma_small/099/099095.mp3,True
99096,Hip-Hop,3,data/fma_small/099/099096.mp3,True
99135,Electronic,0,data/fma_small/099/099135.mp3,True
99214,Experimental,1,data/fma_small/099/099214.mp3,True
99260,Rock,7,data/fma_small/099/099260.mp3,True
99261,Electronic,0,data/fma_small/099/099261.mp3,True
99274,Experimental,1,data/fma_small/099/099274.mp3,True
99311,Electronic,0,data/fma_small/099/099311.mp3,True
99313,Electronic,0,data/fma_small/099/099313.mp3,True
99345,Rock,7,data/fma_small/099/099345.mp3,True
99361,International,5,data/fma_small/099/099361.mp3,True
99362,International,5,data/fma_small/099/099362.mp3,True
99363,International,5,data/fma_small/099/099363.mp3,True
99364,International,5,data/fma_small/099/099364.mp3,True
99368,International,5,data/fma_small/099/099368.mp3,True
99369,International,5,data/fma_small/099/099369.mp3,True
99370,International,5,data/fma_small/099/099370.mp3,True
99371,International,5,data/fma_small/099/099371.mp3,True
99372,International,5,data/fma_small/099/099372.mp3,True
99373,International,5,data/fma_small/099/099373.mp3,True
99374,International,5,data/fma_small/099/099374.mp3,True
99375,International,5,data/fma_small/099/099375.mp3,True
99389,International,5,data/fma_small/099/099389.mp3,True
99390,International,5,data/fma_small/099/099390.mp3,True
99391,International,5,data/fma_small/099/099391.mp3,True
99392,International,5,data/fma_small/099/099392.mp3,True
99393,International,5,data/fma_small/099/099393.mp3,True
99394,International,5,data/fma_small/099/099394.mp3,True
99395,International,5,data/fma_small/099/099395.mp3,True
99411,Rock,7,data/fma_small/099/099411.mp3,True
99419,Rock,7,data/fma_small/099/099419.mp3,True
99436,Rock,7,data/fma_small/099/099436.mp3,True
99437,Rock,7,data/fma_small/099/099437.mp3,True
99438,Rock,7,data/fma_small/099/099438.mp3,True
99439,Rock,7,data/fma_small/099/099439.mp3,True
99440,Rock,7,data/fma_small/099/099440.mp3,True
99441,Rock,7,data/fma_small/099/099441.mp3,True
99442,Rock,7,data/fma_small/099/099442.mp3,True
99501,Hip-Hop,3,data/fma_small/099/099501.mp3,True
99703,Electronic,0,data/fma_small/099/099703.mp3,True
99704,Electronic,0,data/fma_small/099/099704.mp3,True
99707,Electronic,0,data/fma_small/099/099707.mp3,True
100478,Hip-Hop,3,data/fma_small/100/100478.mp3,True
100479,Hip-Hop,3,data/fma_small/100/100479.mp3,True
100480,Hip-Hop,3,data/fma_small/100/100480.mp3,True
100497,Electronic,0,data/fma_small/100/100497.mp3,True
100522,Electronic,0,data/fma_small/100/100522.mp3,True
100535,Electronic,0,data/fma_small/100/100535.mp3,True
100536,Electronic,0,data/fma_small/100/100536.mp3,True
100544,Electronic,0,data/fma_small/100/100544.mp3,True
100549,Electronic,0,data/fma_small/100/100549.mp3,True
100550,Electronic,0,data/fma_small/100/100550.mp3,True
100552,Electronic,0,data/fma_small/100/100552.mp3,True
100745,Electronic,0,data/fma_small/100/100745.mp3,True
100799,Rock,7,data/fma_small/100/100799.mp3,True
100802,Rock,7,data/fma_small/100/100802.mp3,True
100835,Electronic,0,data/fma_small/100/100835.mp3,True
100949,Hip-Hop,3,data/fma_small/100/100949.mp3,True
100958,Hip-Hop,3,data/fma_small/100/100958.mp3,True
100959,Hip-Hop,3,data/fma_small/100/100959.mp3,True
100972,Electronic,0,data/fma_small/100/100972.mp3,True
100973,Electronic,0,data/fma_small/100/100973.mp3,True
100975,Electronic,0,data/fma_small/100/100975.mp3,True
100976,Electronic,0,data/fma_small/100/100976.mp3,True
101111,International,5,data/fma_small/101/101111.mp3,True
101112,International,5,data/fma_small/101/101112.mp3,True
101116,International,5,data/fma_small/101/101116.mp3,True
101118,International,5,data/fma_small/101/101118.mp3,True
101119,International,5,data/fma_small/101/101119.mp3,True
101864,Experimental,1,data/fma_small/101/101864.mp3,True
101868,Experimental,1,data/fma_small/101/101868.mp3,True
101873,Experimental,1,data/fma_small/101/101873.mp3,True
101893,Experimental,1,data/fma_small/101/101893.mp3,True
101951,Rock,7,data/fma_small/101/101951.mp3,True
102092,Experimental,1,data/fma_small/102/102092.mp3,True
102112,Experimental,1,data/fma_small/102/102112.mp3,True
102114,Experimental,1,data/fma_small/102/102114.mp3,True
102195,Rock,7,data/fma_small/102/102195.mp3,True
103518,Instrumental,4,data/fma_small/103/103518.mp3,True
103519,Instrumental,4,data/fma_small/103/103519.mp3,True
103520,Instrumental,4,data/fma_small/103/103520.mp3,True
103521,Instrumental,4,data/fma_small/103/103521.mp3,True
103522,Instrumental,4,data/fma_small/103/103522.mp3,True
103523,Instrumental,4,data/fma_small/103/103523.mp3,True
103600,Electronic,0,data/fma_small/103/103600.mp3,True
103800,Hip-Hop,3,data/fma_small/103/103800.mp3,True
103808,Hip-Hop,3,data/fma_small/103/103808.mp3,True
104008,Folk,2,data/fma_small/104/104008.mp3,True
104009,Folk,2,data/fma_small/104/104009.mp3,True
104010,Folk,2,data/fma_small/104/104010.mp3,True
104062,Rock,7,data/fma_small/104/104062.mp3,True
104063,Rock,7,data/fma_small/104/104063.mp3,True
104064,Pop,6,data/fma_small/104/104064.mp3,True
104065,Pop,6,data/fma_small/104/104065.mp3,True
104066,Pop,6,data/fma_small/104/104066.mp3,True
104067,Pop,6,data/fma_small/104/104067.mp3,True
104068,Pop,6,data/fma_small/104/104068.mp3,True
104086,Rock,7,data/fma_small/104/104086.mp3,True
104227,Rock,7,data/fma_small/104/104227.mp3,True
104276,Electronic,0,data/fma_small/104/104276.mp3,True
104277,Electronic,0,data/fma_small/104/104277.mp3,True
104278,Electronic,0,data/fma_small/104/104278.mp3,True
104279,Electronic,0,data/fma_small/104/104279.mp3,True
104282,Electronic,0,data/fma_small/104/104282.mp3,True
104283,Electronic,0,data/fma_small/104/104283.mp3,True
104284,Electronic,0,data/fma_small/104/104284.mp3,True
104356,Folk,2,data/fma_small/104/104356.mp3,True
104357,Folk,2,data/fma_small/104/104357.mp3,True
104434,Experimental,1,data/fma_small/104/104434.mp3,True
104625,Experimental,1,data/fma_small/104/104625.mp3,True
104668,Rock,7,data/fma_small/104/104668.mp3,True
104724,Experimental,1,data/fma_small/104/104724.mp3,True
104725,Experimental,1,data/fma_small/104/104725.mp3,True
104779,Pop,6,data/fma_small/104/104779.mp3,True
104780,Pop,6,data/fma_small/104/104780.mp3,True
105022,Experimental,1,data/fma_small/105/105022.mp3,True
105119,Rock,7,data/fma_small/105/105119.mp3,True
105141,Rock,7,data/fma_small/105/105141.mp3,True
105142,Rock,7,data/fma_small/105/105142.mp3,True
105144,Rock,7,data/fma_small/105/105144.mp3,True
105145,Rock,7,data/fma_small/105/105145.mp3,True
105196,Folk,2,data/fma_small/105/105196.mp3,True
105408,Electronic,0,data/fma_small/105/105408.mp3,True
105411,Electronic,0,data/fma_small/105/105411.mp3,True
105412,Electronic,0,data/fma_small/105/105412.mp3,True
105413,Electronic,0,data/fma_small/105/105413.mp3,True
105414,Electronic,0,data/fma_small/105/105414.mp3,True
105443,Hip-Hop,3,data/fma_small/105/105443.mp3,True
105450,Hip-Hop,3,data/fma_small/105/105450.mp3,True
105451,Hip-Hop,3,data/fma_small/105/105451.mp3,True
105662,Electronic,0,data/fma_small/105/105662.mp3,True
105664,Electronic,0,data/fma_small/105/105664.mp3,True
105670,Electronic,0,data/fma_small/105/105670.mp3,True
105671,Electronic,0,data/fma_small/105/105671.mp3,True
105672,Electronic,0,data/fma_small/105/105672.mp3,True
105673,Electronic,0,data/fma_small/105/105673.mp3,True
105674,Electronic,0,data/fma_small/105/105674.mp3,True
105682,Rock,7,data/fma_small/105/105682.mp3,True
105683,Hip-Hop,3,data/fma_small/105/105683.mp3,True
105685,Hip-Hop,3,data/fma_small/105/105685.mp3,True
105712,Folk,2,data/fma_small/105/105712.mp3,True
105713,Folk,2,data/fma_small/105/105713.mp3,True
105714,Folk,2,data/fma_small/105/105714.mp3,True
105715,Folk,2,data/fma_small/105/105715.mp3,True
105716,Folk,2,data/fma_small/105/105716.mp3,True
105717,Folk,2,data/fma_small/105/105717.mp3,True
105718,Folk,2,data/fma_small/105/105718.mp3,True
105719,Experimental,1,data/fma_small/105/105719.mp3,True
105720,Experimental,1,data/fma_small/105/105720.mp3,True
105722,Experimental,1,data/fma_small/105/105722.mp3,True
105824,Hip-Hop,3,data/fma_small/105/105824.mp3,True
105825,Hip-Hop,3,data/fma_small/105/105825.mp3,True
105826,Hip-Hop,3,data/fma_small/105/105826.mp3,True
105827,Hip-Hop,3,data/fma_small/105/105827.mp3,True
105887,Folk,2,data/fma_small/105/105887.mp3,True
105890,Folk,2,data/fma_small/105/105890.mp3,True
105912,Rock,7,data/fma_small/105/105912.mp3,True
105914,Folk,2,data/fma_small/105/105914.mp3,True
105915,Folk,2,data/fma_small/105/105915.mp3,True
105916,Folk,2,data/fma_small/105/105916.mp3,True
105917,Folk,2,data/fma_small/105/105917.mp3,True
105918,Folk,2,data/fma_small/105/105918.mp3,True
105919,Folk,2,data/fma_small/105/105919.mp3,True
105920,Folk,2,data/fma_small/105/105920.mp3,True
106274,Rock,7,data/fma_small/106/106274.mp3,True
106277,Rock,7,data/fma_small/106/106277.mp3,True
106339,Folk,2,data/fma_small/106/106339.mp3,True
106342,Folk,2,data/fma_small/106/106342.mp3,True
106343,Folk,2,data/fma_small/106/106343.mp3,True
106456,Folk,2,data/fma_small/106/106456.mp3,True
106457,Folk,2,data/fma_small/106/106457.mp3,True
106458,Folk,2,data/fma_small/106/106458.mp3,True
106463,Rock,7,data/fma_small/106/106463.mp3,True
106465,Rock,7,data/fma_small/106/106465.mp3,True
106502,Instrumental,4,data/fma_small/106/106502.mp3,True
106522,Experimental,1,data/fma_small/106/106522.mp3,True
106562,Rock,7,data/fma_small/106/106562.mp3,True
106563,Rock,7,data/fma_small/106/106563.mp3,True
106564,Rock,7,data/fma_small/106/106564.mp3,True
106566,Rock,7,data/fma_small/106/106566.mp3,True
106567,Rock,7,data/fma_small/106/106567.mp3,True
106568,Rock,7,data/fma_small/106/106568.mp3,True
106569,Rock,7,data/fma_small/106/106569.mp3,True
106570,Rock,7,data/fma_small/106/106570.mp3,True
106571,Rock,7,data/fma_small/106/106571.mp3,True
106629,Instrumental,4,data/fma_small/106/106629.mp3,True
106872,Rock,7,data/fma_small/106/106872.mp3,True
106876,Rock,7,data/fma_small/106/106876.mp3,True
106877,Rock,7,data/fma_small/106/106877.mp3,True
106937,Folk,2,data/fma_small/106/106937.mp3,True
106948,Rock,7,data/fma_small/106/106948.mp3,True
106951,Rock,7,data/fma_small/106/106951.mp3,True
106952,Rock,7,data/fma_small/106/106952.mp3,True
106953,Rock,7,data/fma_small/106/106953.mp3,True
106954,Rock,7,data/fma_small/106/106954.mp3,True
106955,Rock,7,data/fma_small/106/106955.mp3,True
106956,Rock,7,data/fma_small/106/106956.mp3,True
107020,Hip-Hop,3,data/fma_small/107/107020.mp3,True
107021,Hip-Hop,3,data/fma_small/107/107021.mp3,True
107025,Hip-Hop,3,data/fma_small/107/107025.mp3,True
107027,Hip-Hop,3,data/fma_small/107/107027.mp3,True
107028,Hip-Hop,3,data/fma_small/107/107028.mp3,True
107029,Hip-Hop,3,data/fma_small/107/107029.mp3,True
107030,Hip-Hop,3,data/fma_small/107/107030.mp3,True
107031,Hip-Hop,3,data/fma_small/107/107031.mp3,True
107046,Pop,6,data/fma_small/107/107046.mp3,True
107047,Pop,6,data/fma_small/107/107047.mp3,True
107048,Pop,6,data/fma_small/107/107048.mp3,True
107049,Pop,6,data/fma_small/107/107049.mp3,True
107050,Pop,6,data/fma_small/107/107050.mp3,True
107101,Rock,7,data/fma_small/107/107101.mp3,True
107125,Electronic,0,data/fma_small/107/107125.mp3,True
107126,Electronic,0,data/fma_small/107/107126.mp3,True
107127,Electronic,0,data/fma_small/107/107127.mp3,True
107128,Electronic,0,data/fma_small/107/107128.mp3,True
107129,Electronic,0,data/fma_small/107/107129.mp3,True
107178,International,5,data/fma_small/107/107178.mp3,True
107179,International,5,data/fma_small/107/107179.mp3,True
107180,International,5,data/fma_small/107/107180.mp3,True
107181,International,5,data/fma_small/107/107181.mp3,True
107182,International,5,data/fma_small/107/107182.mp3,True
107183,International,5,data/fma_small/107/107183.mp3,True
107184,International,5,data/fma_small/107/107184.mp3,True
107185,International,5,data/fma_small/107/107185.mp3,True
107186,International,5,data/fma_small/107/107186.mp3,True
107187,International,5,data/fma_small/107/107187.mp3,True
107188,International,5,data/fma_small/107/107188.mp3,True
107189,International,5,data/fma_small/107/107189.mp3,True
107248,International,5,data/fma_small/107/107248.mp3,True
107249,International,5,data/fma_small/107/107249.mp3,True
107250,International,5,data/fma_small/107/107250.mp3,True
107251,International,5,data/fma_small/107/107251.mp3,True
107256,International,5,data/fma_small/107/107256.mp3,True
107257,International,5,data/fma_small/107/107257.mp3,True
107388,Rock,7,data/fma_small/107/107388.mp3,True
107389,Rock,7,data/fma_small/107/107389.mp3,True
107390,Rock,7,data/fma_small/107/107390.mp3,True
107391,Rock,7,data/fma_small/107/107391.mp3,True
107425,Electronic,0,data/fma_small/107/107425.mp3,True
107426,Electronic,0,data/fma_small/107/107426.mp3,True
107427,Electronic,0,data/fma_small/107/107427.mp3,True
107429,Electronic,0,data/fma_small/107/107429.mp3,True
107432,Electronic,0,data/fma_small/107/107432.mp3,True
107433,Electronic,0,data/fma_small/107/107433.mp3,True
107434,Electronic,0,data/fma_small/107/107434.mp3,True
107435,Electronic,0,data/fma_small/107/107435.mp3,True
107476,Rock,7,data/fma_small/107/107476.mp3,True
107506,Rock,7,data/fma_small/107/107506.mp3,True
107531,Instrumental,4,data/fma_small/107/107531.mp3,True
107532,Instrumental,4,data/fma_small/107/107532.mp3,True
107533,Instrumental,4,data/fma_small/107/107533.mp3,True
107534,Instrumental,4,data/fma_small/107/107534.mp3,True
107535,Instrumental,4,data/fma_small/107/107535.mp3,True
107567,Folk,2,data/fma_small/107/107567.mp3,True
107569,Folk,2,data/fma_small/107/107569.mp3,True
107571,Folk,2,data/fma_small/107/107571.mp3,True
107574,Folk,2,data/fma_small/107/107574.mp3,True
107577,Folk,2,data/fma_small/107/107577.mp3,True
107578,Folk,2,data/fma_small/107/107578.mp3,True
107579,Folk,2,data/fma_small/107/107579.mp3,True
107583,Folk,2,data/fma_small/107/107583.mp3,True
107584,Folk,2,data/fma_small/107/107584.mp3,True
107588,Folk,2,data/fma_small/107/107588.mp3,True
107589,Folk,2,data/fma_small/107/107589.mp3,True
107590,Folk,2,data/fma_small/107/107590.mp3,True
107591,Folk,2,data/fma_small/107/107591.mp3,True
107592,Folk,2,data/fma_small/107/107592.mp3,True
107593,Folk,2,data/fma_small/107/107593.mp3,True
107594,Folk,2,data/fma_small/107/107594.mp3,True
107595,Folk,2,data/fma_small/107/107595.mp3,True
107596,Folk,2,data/fma_small/107/107596.mp3,True
107597,Folk,2,data/fma_small/107/107597.mp3,True
107598,Folk,2,data/fma_small/107/107598.mp3,True
107613,Electronic,0,data/fma_small/107/107613.mp3,True
107616,Electronic,0,data/fma_small/107/107616.mp3,True
107617,Electronic,0,data/fma_small/107/107617.mp3,True
107659,Rock,7,data/fma_small/107/107659.mp3,True
107799,Rock,7,data/fma_small/107/107799.mp3,True
107804,Electronic,0,data/fma_small/107/107804.mp3,True
107805,Rock,7,data/fma_small/107/107805.mp3,True
107809,Hip-Hop,3,data/fma_small/107/107809.mp3,True
107810,Pop,6,data/fma_small/107/107810.mp3,True
107850,Hip-Hop,3,data/fma_small/107/107850.mp3,True
107851,Folk,2,data/fma_small/107/107851.mp3,True
107852,Folk,2,data/fma_small/107/107852.mp3,True
107908,Electronic,0,data/fma_small/107/107908.mp3,True
107909,Electronic,0,data/fma_small/107/107909.mp3,True
107910,Electronic,0,data/fma_small/107/107910.mp3,True
107911,Electronic,0,data/fma_small/107/107911.mp3,True
107912,Electronic,0,data/fma_small/107/107912.mp3,True
107913,Electronic,0,data/fma_small/107/107913.mp3,True
107949,International,5,data/fma_small/107/107949.mp3,True
107950,International,5,data/fma_small/107/107950.mp3,True
107951,International,5,data/fma_small/107/107951.mp3,True
107952,International,5,data/fma_small/107/107952.mp3,True
107953,International,5,data/fma_small/107/107953.mp3,True
107954,International,5,data/fma_small/107/107954.mp3,True
107955,International,5,data/fma_small/107/107955.mp3,True
107956,International,5,data/fma_small/107/107956.mp3,True
107957,International,5,data/fma_small/107/107957.mp3,True
108012,Folk,2,data/fma_small/108/108012.mp3,True
108014,Folk,2,data/fma_small/108/108014.mp3,True
108015,Folk,2,data/fma_small/108/108015.mp3,True
108016,Folk,2,data/fma_small/108/108016.mp3,True
108017,Instrumental,4,data/fma_small/108/108017.mp3,True
108018,Instrumental,4,data/fma_small/108/108018.mp3,True
108019,Instrumental,4,data/fma_small/108/108019.mp3,True
108020,Instrumental,4,data/fma_small/108/108020.mp3,True
108021,Instrumental,4,data/fma_small/108/108021.mp3,True
108022,Instrumental,4,data/fma_small/108/108022.mp3,True
108023,Instrumental,4,data/fma_small/108/108023.mp3,True
108024,Instrumental,4,data/fma_small/108/108024.mp3,True
108025,Instrumental,4,data/fma_small/108/108025.mp3,True
108026,Instrumental,4,data/fma_small/108/108026.mp3,True
108027,Instrumental,4,data/fma_small/108/108027.mp3,True
108031,Rock,7,data/fma_small/108/108031.mp3,True
108036,Rock,7,data/fma_small/108/108036.mp3,True
108037,Rock,7,data/fma_small/108/108037.mp3,True
108038,Rock,7,data/fma_small/108/108038.mp3,True
108049,Experimental,1,data/fma_small/108/108049.mp3,True
108050,Experimental,1,data/fma_small/108/108050.mp3,True
108059,Experimental,1,data/fma_small/108/108059.mp3,True
108060,Experimental,1,data/fma_small/108/108060.mp3,True
108079,Rock,7,data/fma_small/108/108079.mp3,True
108155,Rock,7,data/fma_small/108/108155.mp3,True
108230,Electronic,0,data/fma_small/108/108230.mp3,True
108290,Rock,7,data/fma_small/108/108290.mp3,True
108297,Rock,7,data/fma_small/108/108297.mp3,True
108298,Rock,7,data/fma_small/108/108298.mp3,True
108299,Folk,2,data/fma_small/108/108299.mp3,True
108300,Folk,2,data/fma_small/108/108300.mp3,True
108301,Folk,2,data/fma_small/108/108301.mp3,True
108302,Folk,2,data/fma_small/108/108302.mp3,True
108303,Folk,2,data/fma_small/108/108303.mp3,True
108304,Folk,2,data/fma_small/108/108304.mp3,True
108305,Folk,2,data/fma_small/108/108305.mp3,True
108306,Folk,2,data/fma_small/108/108306.mp3,True
108307,Folk,2,data/fma_small/108/108307.mp3,True
108308,Folk,2,data/fma_small/108/108308.mp3,True
108313,Experimental,1,data/fma_small/108/108313.mp3,True
108314,Experimental,1,data/fma_small/108/108314.mp3,True
108318,Experimental,1,data/fma_small/108/108318.mp3,True
108319,Experimental,1,data/fma_small/108/108319.mp3,True
108339,Electronic,0,data/fma_small/108/108339.mp3,True
108341,Electronic,0,data/fma_small/108/108341.mp3,True
108342,Electronic,0,data/fma_small/108/108342.mp3,True
108343,Electronic,0,data/fma_small/108/108343.mp3,True
108415,Electronic,0,data/fma_small/108/108415.mp3,True
108416,Electronic,0,data/fma_small/108/108416.mp3,True
108418,Electronic,0,data/fma_small/108/108418.mp3,True
108420,Electronic,0,data/fma_small/108/108420.mp3,True
108421,Electronic,0,data/fma_small/108/108421.mp3,True
108422,Electronic,0,data/fma_small/108/108422.mp3,True
108423,Electronic,0,data/fma_small/108/108423.mp3,True
108425,Pop,6,data/fma_small/108/108425.mp3,True
108426,Pop,6,data/fma_small/108/108426.mp3,True
108427,Pop,6,data/fma_small/108/108427.mp3,True
108428,Pop,6,data/fma_small/108/108428.mp3,True
108429,Pop,6,data/fma_small/108/108429.mp3,True
108456,Pop,6,data/fma_small/108/108456.mp3,True
108457,Pop,6,data/fma_small/108/108457.mp3,True
108459,Pop,6,data/fma_small/108/108459.mp3,True
108460,Pop,6,data/fma_small/108/108460.mp3,True
108461,Pop,6,data/fma_small/108/108461.mp3,True
108464,Electronic,0,data/fma_small/108/108464.mp3,True
108471,Instrumental,4,data/fma_small/108/108471.mp3,True
108472,Instrumental,4,data/fma_small/108/108472.mp3,True
108473,Instrumental,4,data/fma_small/108/108473.mp3,True
108474,Instrumental,4,data/fma_small/108/108474.mp3,True
108475,Instrumental,4,data/fma_small/108/108475.mp3,True
108476,Instrumental,4,data/fma_small/108/108476.mp3,True
108477,Instrumental,4,data/fma_small/108/108477.mp3,True
108478,Instrumental,4,data/fma_small/108/108478.mp3,True
108487,Hip-Hop,3,data/fma_small/108/108487.mp3,True
108488,Hip-Hop,3,data/fma_small/108/108488.mp3,True
108489,Hip-Hop,3,data/fma_small/108/108489.mp3,True
108490,Hip-Hop,3,data/fma_small/108/108490.mp3,True
108491,Hip-Hop,3,data/fma_small/108/108491.mp3,True
108492,Hip-Hop,3,data/fma_small/108/108492.mp3,True
108493,Hip-Hop,3,data/fma_small/108/108493.mp3,True
108494,Hip-Hop,3,data/fma_small/108/108494.mp3,True
108495,Hip-Hop,3,data/fma_small/108/108495.mp3,True
108496,Hip-Hop,3,data/fma_small/108/108496.mp3,True
108497,Hip-Hop,3,data/fma_small/108/108497.mp3,True
108498,Hip-Hop,3,data/fma_small/108/108498.mp3,True
108499,Hip-Hop,3,data/fma_small/108/108499.mp3,True
108500,Hip-Hop,3,data/fma_small/108/108500.mp3,True
108501,Hip-Hop,3,data/fma_small/108/108501.mp3,True
108502,Rock,7,data/fma_small/108/108502.mp3,True
108503,Rock,7,data/fma_small/108/108503.mp3,True
108504,Rock,7,data/fma_small/108/108504.mp3,True
108505,Rock,7,data/fma_small/108/108505.mp3,True
108524,Electronic,0,data/fma_small/108/108524.mp3,True
108525,Electronic,0,data/fma_small/108/108525.mp3,True
108526,Electronic,0,data/fma_small/108/108526.mp3,True
108527,Electronic,0,data/fma_small/108/108527.mp3,True
108528,Electronic,0,data/fma_small/108/108528.mp3,True
108529,Electronic,0,data/fma_small/108/108529.mp3,True
108530,Electronic,0,data/fma_small/108/108530.mp3,True
108531,Electronic,0,data/fma_small/108/108531.mp3,True
108532,Electronic,0,data/fma_small/108/108532.mp3,True
108533,Electronic,0,data/fma_small/108/108533.mp3,True
108745,Hip-Hop,3,data/fma_small/108/108745.mp3,True
108774,Hip-Hop,3,data/fma_small/108/108774.mp3,True
108799,Hip-Hop,3,data/fma_small/108/108799.mp3,True
108808,Hip-Hop,3,data/fma_small/108/108808.mp3,True
108809,Hip-Hop,3,data/fma_small/108/108809.mp3,True
108812,Hip-Hop,3,data/fma_small/108/108812.mp3,True
108836,Hip-Hop,3,data/fma_small/108/108836.mp3,True
108837,Hip-Hop,3,data/fma_small/108/108837.mp3,True
108838,Hip-Hop,3,data/fma_small/108/108838.mp3,True
108839,Hip-Hop,3,data/fma_small/108/108839.mp3,True
108840,Hip-Hop,3,data/fma_small/108/108840.mp3,True
108841,Hip-Hop,3,data/fma_small/108/108841.mp3,True
108842,Hip-Hop,3,data/fma_small/108/108842.mp3,True
108843,Hip-Hop,3,data/fma_small/108/108843.mp3,True
108845,Hip-Hop,3,data/fma_small/108/108845.mp3,True
108846,Hip-Hop,3,data/fma_small/108/108846.mp3,True
108847,Hip-Hop,3,data/fma_small/108/108847.mp3,True
108863,International,5,data/fma_small/108/108863.mp3,True
108864,International,5,data/fma_small/108/108864.mp3,True
108865,International,5,data/fma_small/108/108865.mp3,True
108866,International,5,data/fma_small/108/108866.mp3,True
108867,International,5,data/fma_small/108/108867.mp3,True
108868,International,5,data/fma_small/108/108868.mp3,True
108878,Instrumental,4,data/fma_small/108/108878.mp3,True
108879,Instrumental,4,data/fma_small/108/108879.mp3,True
108880,Instrumental,4,data/fma_small/108/108880.mp3,True
108881,Instrumental,4,data/fma_small/108/108881.mp3,True
108882,Instrumental,4,data/fma_small/108/108882.mp3,True
108883,Instrumental,4,data/fma_small/108/108883.mp3,True
108884,Instrumental,4,data/fma_small/108/108884.mp3,True
108885,Instrumental,4,data/fma_small/108/108885.mp3,True
108906,Instrumental,4,data/fma_small/108/108906.mp3,True
108957,Rock,7,data/fma_small/108/108957.mp3,True
108961,Rock,7,data/fma_small/108/108961.mp3,True
108962,Rock,7,data/fma_small/108/108962.mp3,True
108967,Rock,7,data/fma_small/108/108967.mp3,True
108968,Rock,7,data/fma_small/108/108968.mp3,True
108969,Rock,7,data/fma_small/108/108969.mp3,True
108970,Rock,7,data/fma_small/108/108970.mp3,True
108992,Rock,7,data/fma_small/108/108992.mp3,True
109068,Experimental,1,data/fma_small/109/109068.mp3,True
109071,Experimental,1,data/fma_small/109/109071.mp3,True
109072,Experimental,1,data/fma_small/109/109072.mp3,True
109106,Experimental,1,data/fma_small/109/109106.mp3,True
109144,Experimental,1,data/fma_small/109/109144.mp3,True
109189,Instrumental,4,data/fma_small/109/109189.mp3,True
109191,Instrumental,4,data/fma_small/109/109191.mp3,True
109203,Rock,7,data/fma_small/109/109203.mp3,True
109235,Rock,7,data/fma_small/109/109235.mp3,True
109276,Experimental,1,data/fma_small/109/109276.mp3,True
109349,Rock,7,data/fma_small/109/109349.mp3,True
109350,Rock,7,data/fma_small/109/109350.mp3,True
109355,Rock,7,data/fma_small/109/109355.mp3,True
109356,Rock,7,data/fma_small/109/109356.mp3,True
109357,Rock,7,data/fma_small/109/109357.mp3,True
109445,Folk,2,data/fma_small/109/109445.mp3,True
109446,Folk,2,data/fma_small/109/109446.mp3,True
109447,Folk,2,data/fma_small/109/109447.mp3,True
109448,Folk,2,data/fma_small/109/109448.mp3,True
109449,Folk,2,data/fma_small/109/109449.mp3,True
109450,Folk,2,data/fma_small/109/109450.mp3,True
109468,Rock,7,data/fma_small/109/109468.mp3,True
109480,Folk,2,data/fma_small/109/109480.mp3,True
109481,Rock,7,data/fma_small/109/109481.mp3,True
109497,Rock,7,data/fma_small/109/109497.mp3,True
109535,Electronic,0,data/fma_small/109/109535.mp3,True
109537,Electronic,0,data/fma_small/109/109537.mp3,True
109538,Electronic,0,data/fma_small/109/109538.mp3,True
109542,Electronic,0,data/fma_small/109/109542.mp3,True
109543,Electronic,0,data/fma_small/109/109543.mp3,True
109548,Experimental,1,data/fma_small/109/109548.mp3,True
109670,Hip-Hop,3,data/fma_small/109/109670.mp3,True
109681,Hip-Hop,3,data/fma_small/109/109681.mp3,True
109684,Hip-Hop,3,data/fma_small/109/109684.mp3,True
109685,Hip-Hop,3,data/fma_small/109/109685.mp3,True
109686,Hip-Hop,3,data/fma_small/109/109686.mp3,True
109687,Hip-Hop,3,data/fma_small/109/109687.mp3,True
109711,Experimental,1,data/fma_small/109/109711.mp3,True
109712,Experimental,1,data/fma_small/109/109712.mp3,True
109896,Folk,2,data/fma_small/109/109896.mp3,True
109900,Folk,2,data/fma_small/109/109900.mp3,True
109901,Folk,2,data/fma_small/109/109901.mp3,True
109902,Folk,2,data/fma_small/109/109902.mp3,True
109903,Folk,2,data/fma_small/109/109903.mp3,True
109904,Folk,2,data/fma_small/109/109904.mp3,True
109905,Folk,2,data/fma_small/109/109905.mp3,True
109906,Folk,2,data/fma_small/109/109906.mp3,True
109925,Electronic,0,data/fma_small/109/109925.mp3,True
109957,Pop,6,data/fma_small/109/109957.mp3,True
109958,Pop,6,data/fma_small/109/109958.mp3,True
109960,Pop,6,data/fma_small/109/109960.mp3,True
109962,Pop,6,data/fma_small/109/109962.mp3,True
109963,Pop,6,data/fma_small/109/109963.mp3,True
109971,Pop,6,data/fma_small/109/109971.mp3,True
109972,Pop,6,data/fma_small/109/109972.mp3,True
109973,Pop,6,data/fma_small/109/109973.mp3,True
109974,Pop,6,data/fma_small/109/109974.mp3,True
109975,Pop,6,data/fma_small/109/109975.mp3,True
109976,Pop,6,data/fma_small/109/109976.mp3,True
109977,Pop,6,data/fma_small/109/109977.mp3,True
109978,Pop,6,data/fma_small/109/109978.mp3,True
110070,Hip-Hop,3,data/fma_small/110/110070.mp3,True
110082,Hip-Hop,3,data/fma_small/110/110082.mp3,True
110084,Hip-Hop,3,data/fma_small/110/110084.mp3,True
110085,Hip-Hop,3,data/fma_small/110/110085.mp3,True
110086,Hip-Hop,3,data/fma_small/110/110086.mp3,True
110102,Electronic,0,data/fma_small/110/110102.mp3,True
110103,Electronic,0,data/fma_small/110/110103.mp3,True
110104,Electronic,0,data/fma_small/110/110104.mp3,True
110105,Electronic,0,data/fma_small/110/110105.mp3,True
110106,Electronic,0,data/fma_small/110/110106.mp3,True
110107,Electronic,0,data/fma_small/110/110107.mp3,True
110108,Electronic,0,data/fma_small/110/110108.mp3,True
110109,Electronic,0,data/fma_small/110/110109.mp3,True
110110,Electronic,0,data/fma_small/110/110110.mp3,True
110111,Electronic,0,data/fma_small/110/110111.mp3,True
110166,Rock,7,data/fma_small/110/110166.mp3,True
110167,Rock,7,data/fma_small/110/110167.mp3,True
110171,Folk,2,data/fma_small/110/110171.mp3,True
110172,Folk,2,data/fma_small/110/110172.mp3,True
110204,Experimental,1,data/fma_small/110/110204.mp3,True
110205,Experimental,1,data/fma_small/110/110205.mp3,True
110206,Experimental,1,data/fma_small/110/110206.mp3,True
110207,Experimental,1,data/fma_small/110/110207.mp3,True
110208,Experimental,1,data/fma_small/110/110208.mp3,True
110209,Experimental,1,data/fma_small/110/110209.mp3,True
110230,Experimental,1,data/fma_small/110/110230.mp3,True
110259,Hip-Hop,3,data/fma_small/110/110259.mp3,True
110260,Hip-Hop,3,data/fma_small/110/110260.mp3,True
110261,Hip-Hop,3,data/fma_small/110/110261.mp3,True
110262,Hip-Hop,3,data/fma_small/110/110262.mp3,True
110263,Hip-Hop,3,data/fma_small/110/110263.mp3,True
110264,Hip-Hop,3,data/fma_small/110/110264.mp3,True
110265,Hip-Hop,3,data/fma_small/110/110265.mp3,True
110266,Hip-Hop,3,data/fma_small/110/110266.mp3,True
110267,Hip-Hop,3,data/fma_small/110/110267.mp3,True
110274,Experimental,1,data/fma_small/110/110274.mp3,True
110384,Folk,2,data/fma_small/110/110384.mp3,True
110410,Rock,7,data/fma_small/110/110410.mp3,True
110417,Rock,7,data/fma_small/110/110417.mp3,True
110436,Folk,2,data/fma_small/110/110436.mp3,True
110437,Folk,2,data/fma_small/110/110437.mp3,True
110438,Folk,2,data/fma_small/110/110438.mp3,True
110439,Folk,2,data/fma_small/110/110439.mp3,True
110440,Folk,2,data/fma_small/110/110440.mp3,True
110441,Folk,2,data/fma_small/110/110441.mp3,True
110447,International,5,data/fma_small/110/110447.mp3,True
110448,International,5,data/fma_small/110/110448.mp3,True
110449,International,5,data/fma_small/110/110449.mp3,True
110450,International,5,data/fma_small/110/110450.mp3,True
110451,International,5,data/fma_small/110/110451.mp3,True
110452,International,5,data/fma_small/110/110452.mp3,True
110546,Rock,7,data/fma_small/110/110546.mp3,True
110610,Experimental,1,data/fma_small/110/110610.mp3,True
110611,Experimental,1,data/fma_small/110/110611.mp3,True
110623,Experimental,1,data/fma_small/110/110623.mp3,True
110629,Experimental,1,data/fma_small/110/110629.mp3,True
110630,Experimental,1,data/fma_small/110/110630.mp3,True
110634,Rock,7,data/fma_small/110/110634.mp3,True
110636,Rock,7,data/fma_small/110/110636.mp3,True
110637,Rock,7,data/fma_small/110/110637.mp3,True
110647,Instrumental,4,data/fma_small/110/110647.mp3,True
110648,Instrumental,4,data/fma_small/110/110648.mp3,True
110649,Instrumental,4,data/fma_small/110/110649.mp3,True
110650,Instrumental,4,data/fma_small/110/110650.mp3,True
110651,Instrumental,4,data/fma_small/110/110651.mp3,True
110652,Instrumental,4,data/fma_small/110/110652.mp3,True
110653,Instrumental,4,data/fma_small/110/110653.mp3,True
110654,Instrumental,4,data/fma_small/110/110654.mp3,True
110681,Experimental,1,data/fma_small/110/110681.mp3,True
110684,Experimental,1,data/fma_small/110/110684.mp3,True
110687,Electronic,0,data/fma_small/110/110687.mp3,True
110688,Electronic,0,data/fma_small/110/110688.mp3,True
110689,Electronic,0,data/fma_small/110/110689.mp3,True
110690,Electronic,0,data/fma_small/110/110690.mp3,True
110691,Electronic,0,data/fma_small/110/110691.mp3,True
110711,Experimental,1,data/fma_small/110/110711.mp3,True
110735,Hip-Hop,3,data/fma_small/110/110735.mp3,True
110736,Hip-Hop,3,data/fma_small/110/110736.mp3,True
110743,Hip-Hop,3,data/fma_small/110/110743.mp3,True
110744,Hip-Hop,3,data/fma_small/110/110744.mp3,True
110756,Hip-Hop,3,data/fma_small/110/110756.mp3,True
110764,Hip-Hop,3,data/fma_small/110/110764.mp3,True
110765,Hip-Hop,3,data/fma_small/110/110765.mp3,True
110768,Hip-Hop,3,data/fma_small/110/110768.mp3,True
110771,Hip-Hop,3,data/fma_small/110/110771.mp3,True
110772,Hip-Hop,3,data/fma_small/110/110772.mp3,True
110774,Hip-Hop,3,data/fma_small/110/110774.mp3,True
110775,Hip-Hop,3,data/fma_small/110/110775.mp3,True
110776,Hip-Hop,3,data/fma_small/110/110776.mp3,True
110777,Hip-Hop,3,data/fma_small/110/110777.mp3,True
110778,Hip-Hop,3,data/fma_small/110/110778.mp3,True
110779,Hip-Hop,3,data/fma_small/110/110779.mp3,True
110923,Folk,2,data/fma_small/110/110923.mp3,True
110927,Folk,2,data/fma_small/110/110927.mp3,True
110928,Folk,2,data/fma_small/110/110928.mp3,True
110980,Rock,7,data/fma_small/110/110980.mp3,True
110982,Rock,7,data/fma_small/110/110982.mp3,True
110983,Rock,7,data/fma_small/110/110983.mp3,True
110985,Rock,7,data/fma_small/110/110985.mp3,True
111015,Instrumental,4,data/fma_small/111/111015.mp3,True
111146,Instrumental,4,data/fma_small/111/111146.mp3,True
111147,Instrumental,4,data/fma_small/111/111147.mp3,True
111148,Instrumental,4,data/fma_small/111/111148.mp3,True
111149,Instrumental,4,data/fma_small/111/111149.mp3,True
111150,Instrumental,4,data/fma_small/111/111150.mp3,True
111151,Instrumental,4,data/fma_small/111/111151.mp3,True
111153,Instrumental,4,data/fma_small/111/111153.mp3,True
111154,Instrumental,4,data/fma_small/111/111154.mp3,True
111182,Folk,2,data/fma_small/111/111182.mp3,True
111186,Folk,2,data/fma_small/111/111186.mp3,True
111187,Folk,2,data/fma_small/111/111187.mp3,True
111188,Folk,2,data/fma_small/111/111188.mp3,True
111216,Experimental,1,data/fma_small/111/111216.mp3,True
111220,Instrumental,4,data/fma_small/111/111220.mp3,True
111221,Instrumental,4,data/fma_small/111/111221.mp3,True
111222,Instrumental,4,data/fma_small/111/111222.mp3,True
111223,Instrumental,4,data/fma_small/111/111223.mp3,True
111224,Instrumental,4,data/fma_small/111/111224.mp3,True
111225,Instrumental,4,data/fma_small/111/111225.mp3,True
111226,Instrumental,4,data/fma_small/111/111226.mp3,True
111227,Instrumental,4,data/fma_small/111/111227.mp3,True
111228,Instrumental,4,data/fma_small/111/111228.mp3,True
111229,Instrumental,4,data/fma_small/111/111229.mp3,True
111230,Instrumental,4,data/fma_small/111/111230.mp3,True
111306,Rock,7,data/fma_small/111/111306.mp3,True
111311,Rock,7,data/fma_small/111/111311.mp3,True
111335,Rock,7,data/fma_small/111/111335.mp3,True
111367,Pop,6,data/fma_small/111/111367.mp3,True
111368,Pop,6,data/fma_small/111/111368.mp3,True
111371,Pop,6,data/fma_small/111/111371.mp3,True
111372,Pop,6,data/fma_small/111/111372.mp3,True
111375,Pop,6,data/fma_small/111/111375.mp3,True
111376,Pop,6,data/fma_small/111/111376.mp3,True
111377,Pop,6,data/fma_small/111/111377.mp3,True
111378,Pop,6,data/fma_small/111/111378.mp3,True
111379,Pop,6,data/fma_small/111/111379.mp3,True
111382,Pop,6,data/fma_small/111/111382.mp3,True
111385,Pop,6,data/fma_small/111/111385.mp3,True
111386,Pop,6,data/fma_small/111/111386.mp3,True
111387,Pop,6,data/fma_small/111/111387.mp3,True
111388,Pop,6,data/fma_small/111/111388.mp3,True
111389,Pop,6,data/fma_small/111/111389.mp3,True
111390,Pop,6,data/fma_small/111/111390.mp3,True
111391,Pop,6,data/fma_small/111/111391.mp3,True
111392,Pop,6,data/fma_small/111/111392.mp3,True
111393,Pop,6,data/fma_small/111/111393.mp3,True
111394,Pop,6,data/fma_small/111/111394.mp3,True
111395,Pop,6,data/fma_small/111/111395.mp3,True
111396,Pop,6,data/fma_small/111/111396.mp3,True
111397,Pop,6,data/fma_small/111/111397.mp3,True
111398,Pop,6,data/fma_small/111/111398.mp3,True
111399,Pop,6,data/fma_small/111/111399.mp3,True
111400,Pop,6,data/fma_small/111/111400.mp3,True
111401,Pop,6,data/fma_small/111/111401.mp3,True
111402,Pop,6,data/fma_small/111/111402.mp3,True
111413,Electronic,0,data/fma_small/111/111413.mp3,True
111416,Electronic,0,data/fma_small/111/111416.mp3,True
111460,Experimental,1,data/fma_small/111/111460.mp3,True
111579,Experimental,1,data/fma_small/111/111579.mp3,True
111658,Rock,7,data/fma_small/111/111658.mp3,True
111747,Rock,7,data/fma_small/111/111747.mp3,True
111793,Instrumental,4,data/fma_small/111/111793.mp3,True
111819,Electronic,0,data/fma_small/111/111819.mp3,True
111871,Instrumental,4,data/fma_small/111/111871.mp3,True
111872,Instrumental,4,data/fma_small/111/111872.mp3,True
111873,Instrumental,4,data/fma_small/111/111873.mp3,True
111911,Rock,7,data/fma_small/111/111911.mp3,True
111933,Electronic,0,data/fma_small/111/111933.mp3,True
111934,Hip-Hop,3,data/fma_small/111/111934.mp3,True
111935,Hip-Hop,3,data/fma_small/111/111935.mp3,True
111936,Hip-Hop,3,data/fma_small/111/111936.mp3,True
111937,Hip-Hop,3,data/fma_small/111/111937.mp3,True
111938,Hip-Hop,3,data/fma_small/111/111938.mp3,True
111974,Rock,7,data/fma_small/111/111974.mp3,True
111982,Rock,7,data/fma_small/111/111982.mp3,True
111994,Instrumental,4,data/fma_small/111/111994.mp3,True
112000,Instrumental,4,data/fma_small/112/112000.mp3,True
112001,Instrumental,4,data/fma_small/112/112001.mp3,True
112020,Rock,7,data/fma_small/112/112020.mp3,True
112065,Rock,7,data/fma_small/112/112065.mp3,True
112066,Rock,7,data/fma_small/112/112066.mp3,True
112088,Experimental,1,data/fma_small/112/112088.mp3,True
112133,Experimental,1,data/fma_small/112/112133.mp3,True
112196,Experimental,1,data/fma_small/112/112196.mp3,True
112197,Experimental,1,data/fma_small/112/112197.mp3,True
112198,Experimental,1,data/fma_small/112/112198.mp3,True
112199,Experimental,1,data/fma_small/112/112199.mp3,True
112209,Instrumental,4,data/fma_small/112/112209.mp3,True
112210,Instrumental,4,data/fma_small/112/112210.mp3,True
112211,Instrumental,4,data/fma_small/112/112211.mp3,True
112215,Experimental,1,data/fma_small/112/112215.mp3,True
112252,Folk,2,data/fma_small/112/112252.mp3,True
112314,Rock,7,data/fma_small/112/112314.mp3,True
112315,Rock,7,data/fma_small/112/112315.mp3,True
112316,Rock,7,data/fma_small/112/112316.mp3,True
112317,Rock,7,data/fma_small/112/112317.mp3,True
112318,Rock,7,data/fma_small/112/112318.mp3,True
112468,Hip-Hop,3,data/fma_small/112/112468.mp3,True
112481,Hip-Hop,3,data/fma_small/112/112481.mp3,True
112483,Hip-Hop,3,data/fma_small/112/112483.mp3,True
112484,Hip-Hop,3,data/fma_small/112/112484.mp3,True
112485,Hip-Hop,3,data/fma_small/112/112485.mp3,True
112486,Hip-Hop,3,data/fma_small/112/112486.mp3,True
112487,Hip-Hop,3,data/fma_small/112/112487.mp3,True
112488,Hip-Hop,3,data/fma_small/112/112488.mp3,True
112490,Electronic,0,data/fma_small/112/112490.mp3,True
112526,Rock,7,data/fma_small/112/112526.mp3,True
112527,Rock,7,data/fma_small/112/112527.mp3,True
112528,Rock,7,data/fma_small/112/112528.mp3,True
112529,Rock,7,data/fma_small/112/112529.mp3,True
112583,Experimental,1,data/fma_small/112/112583.mp3,True
112584,Experimental,1,data/fma_small/112/112584.mp3,True
112585,Experimental,1,data/fma_small/112/112585.mp3,True
112586,Experimental,1,data/fma_small/112/112586.mp3,True
112587,Experimental,1,data/fma_small/112/112587.mp3,True
112588,Experimental,1,data/fma_small/112/112588.mp3,True
112668,Experimental,1,data/fma_small/112/112668.mp3,True
112733,Rock,7,data/fma_small/112/112733.mp3,True
112734,Rock,7,data/fma_small/112/112734.mp3,True
112735,Rock,7,data/fma_small/112/112735.mp3,True
112767,Electronic,0,data/fma_small/112/112767.mp3,True
112768,Electronic,0,data/fma_small/112/112768.mp3,True
112769,Electronic,0,data/fma_small/112/112769.mp3,True
112770,Electronic,0,data/fma_small/112/112770.mp3,True
112780,Experimental,1,data/fma_small/112/112780.mp3,True
112781,Experimental,1,data/fma_small/112/112781.mp3,True
112785,Experimental,1,data/fma_small/112/112785.mp3,True
112788,Experimental,1,data/fma_small/112/112788.mp3,True
112789,Experimental,1,data/fma_small/112/112789.mp3,True
112790,Experimental,1,data/fma_small/112/112790.mp3,True
112821,Experimental,1,data/fma_small/112/112821.mp3,True
112975,Instrumental,4,data/fma_small/112/112975.mp3,True
112976,Instrumental,4,data/fma_small/112/112976.mp3,True
112977,Instrumental,4,data/fma_small/112/112977.mp3,True
112978,Instrumental,4,data/fma_small/112/112978.mp3,True
113016,Pop,6,data/fma_small/113/113016.mp3,True
113017,Pop,6,data/fma_small/113/113017.mp3,True
113018,Pop,6,data/fma_small/113/113018.mp3,True
113019,Pop,6,data/fma_small/113/113019.mp3,True
113020,Pop,6,data/fma_small/113/113020.mp3,True
113021,Pop,6,data/fma_small/113/113021.mp3,True
113022,Pop,6,data/fma_small/113/113022.mp3,True
113023,Pop,6,data/fma_small/113/113023.mp3,True
113024,Pop,6,data/fma_small/113/113024.mp3,True
113025,Pop,6,data/fma_small/113/113025.mp3,True
113026,Pop,6,data/fma_small/113/113026.mp3,True
113027,Pop,6,data/fma_small/113/113027.mp3,True
113028,Pop,6,data/fma_small/113/113028.mp3,True
113030,Hip-Hop,3,data/fma_small/113/113030.mp3,True
113031,Hip-Hop,3,data/fma_small/113/113031.mp3,True
113032,Hip-Hop,3,data/fma_small/113/113032.mp3,True
113033,Hip-Hop,3,data/fma_small/113/113033.mp3,True
113034,Hip-Hop,3,data/fma_small/113/113034.mp3,True
113035,Hip-Hop,3,data/fma_small/113/113035.mp3,True
113036,Hip-Hop,3,data/fma_small/113/113036.mp3,True
113037,Hip-Hop,3,data/fma_small/113/113037.mp3,True
113063,Rock,7,data/fma_small/113/113063.mp3,True
113110,Instrumental,4,data/fma_small/113/113110.mp3,True
113164,Rock,7,data/fma_small/113/113164.mp3,True
113165,Rock,7,data/fma_small/113/113165.mp3,True
113166,Rock,7,data/fma_small/113/113166.mp3,True
113167,Folk,2,data/fma_small/113/113167.mp3,True
113203,Experimental,1,data/fma_small/113/113203.mp3,True
113259,International,5,data/fma_small/113/113259.mp3,True
113260,International,5,data/fma_small/113/113260.mp3,True
113261,International,5,data/fma_small/113/113261.mp3,True
113262,International,5,data/fma_small/113/113262.mp3,True
113263,International,5,data/fma_small/113/113263.mp3,True
113264,International,5,data/fma_small/113/113264.mp3,True
113265,International,5,data/fma_small/113/113265.mp3,True
113266,International,5,data/fma_small/113/113266.mp3,True
113267,International,5,data/fma_small/113/113267.mp3,True
113268,International,5,data/fma_small/113/113268.mp3,True
113269,International,5,data/fma_small/113/113269.mp3,True
113270,International,5,data/fma_small/113/113270.mp3,True
113271,International,5,data/fma_small/113/113271.mp3,True
113272,International,5,data/fma_small/113/113272.mp3,True
113273,International,5,data/fma_small/113/113273.mp3,True
113274,International,5,data/fma_small/113/113274.mp3,True
113275,International,5,data/fma_small/113/113275.mp3,True
113276,International,5,data/fma_small/113/113276.mp3,True
113277,International,5,data/fma_small/113/113277.mp3,True
113278,International,5,data/fma_small/113/113278.mp3,True
113279,International,5,data/fma_small/113/113279.mp3,True
113280,International,5,data/fma_small/113/113280.mp3,True
113281,International,5,data/fma_small/113/113281.mp3,True
113282,International,5,data/fma_small/113/113282.mp3,True
113284,International,5,data/fma_small/113/113284.mp3,True
113294,Rock,7,data/fma_small/113/113294.mp3,True
113303,Rock,7,data/fma_small/113/113303.mp3,True
113304,Rock,7,data/fma_small/113/113304.mp3,True
113305,Rock,7,data/fma_small/113/113305.mp3,True
113311,Rock,7,data/fma_small/113/113311.mp3,True
113334,Electronic,0,data/fma_small/113/113334.mp3,True
113335,Electronic,0,data/fma_small/113/113335.mp3,True
113336,Electronic,0,data/fma_small/113/113336.mp3,True
113342,Folk,2,data/fma_small/113/113342.mp3,True
113343,Folk,2,data/fma_small/113/113343.mp3,True
113344,Folk,2,data/fma_small/113/113344.mp3,True
113357,Folk,2,data/fma_small/113/113357.mp3,True
113359,Folk,2,data/fma_small/113/113359.mp3,True
113360,Folk,2,data/fma_small/113/113360.mp3,True
113453,Electronic,0,data/fma_small/113/113453.mp3,True
113511,Rock,7,data/fma_small/113/113511.mp3,True
113512,Rock,7,data/fma_small/113/113512.mp3,True
113513,Rock,7,data/fma_small/113/113513.mp3,True
113530,Rock,7,data/fma_small/113/113530.mp3,True
113558,Experimental,1,data/fma_small/113/113558.mp3,True
113564,Experimental,1,data/fma_small/113/113564.mp3,True
113574,Rock,7,data/fma_small/113/113574.mp3,True
113696,International,5,data/fma_small/113/113696.mp3,True
113697,International,5,data/fma_small/113/113697.mp3,True
113698,International,5,data/fma_small/113/113698.mp3,True
113699,International,5,data/fma_small/113/113699.mp3,True
113700,International,5,data/fma_small/113/113700.mp3,True
113701,International,5,data/fma_small/113/113701.mp3,True
113702,Experimental,1,data/fma_small/113/113702.mp3,True
113787,Instrumental,4,data/fma_small/113/113787.mp3,True
113788,Instrumental,4,data/fma_small/113/113788.mp3,True
113789,Instrumental,4,data/fma_small/113/113789.mp3,True
113790,Instrumental,4,data/fma_small/113/113790.mp3,True
113808,Pop,6,data/fma_small/113/113808.mp3,True
113809,Pop,6,data/fma_small/113/113809.mp3,True
113810,Pop,6,data/fma_small/113/113810.mp3,True
113822,Rock,7,data/fma_small/113/113822.mp3,True
113932,Pop,6,data/fma_small/113/113932.mp3,True
113933,Pop,6,data/fma_small/113/113933.mp3,True
113934,Pop,6,data/fma_small/113/113934.mp3,True
113935,Pop,6,data/fma_small/113/113935.mp3,True
113946,Folk,2,data/fma_small/113/113946.mp3,True
113949,Folk,2,data/fma_small/113/113949.mp3,True
113950,Folk,2,data/fma_small/113/113950.mp3,True
113969,Instrumental,4,data/fma_small/113/113969.mp3,True
113970,Electronic,0,data/fma_small/113/113970.mp3,True
113971,Electronic,0,data/fma_small/113/113971.mp3,True
113972,Electronic,0,data/fma_small/113/113972.mp3,True
113973,Electronic,0,data/fma_small/113/113973.mp3,True
114006,Instrumental,4,data/fma_small/114/114006.mp3,True
114007,Instrumental,4,data/fma_small/114/114007.mp3,True
114036,Hip-Hop,3,data/fma_small/114/114036.mp3,True
114037,Hip-Hop,3,data/fma_small/114/114037.mp3,True
114040,Hip-Hop,3,data/fma_small/114/114040.mp3,True
114041,Hip-Hop,3,data/fma_small/114/114041.mp3,True
114042,Hip-Hop,3,data/fma_small/114/114042.mp3,True
114044,Hip-Hop,3,data/fma_small/114/114044.mp3,True
114045,Hip-Hop,3,data/fma_small/114/114045.mp3,True
114047,Hip-Hop,3,data/fma_small/114/114047.mp3,True
114048,Hip-Hop,3,data/fma_small/114/114048.mp3,True
114049,Hip-Hop,3,data/fma_small/114/114049.mp3,True
114050,Hip-Hop,3,data/fma_small/114/114050.mp3,True
114051,Hip-Hop,3,data/fma_small/114/114051.mp3,True
114061,Electronic,0,data/fma_small/114/114061.mp3,True
114062,Electronic,0,data/fma_small/114/114062.mp3,True
114063,Electronic,0,data/fma_small/114/114063.mp3,True
114064,Electronic,0,data/fma_small/114/114064.mp3,True
114065,Electronic,0,data/fma_small/114/114065.mp3,True
114066,Electronic,0,data/fma_small/114/114066.mp3,True
114067,Electronic,0,data/fma_small/114/114067.mp3,True
114069,Instrumental,4,data/fma_small/114/114069.mp3,True
114070,Instrumental,4,data/fma_small/114/114070.mp3,True
114072,Instrumental,4,data/fma_small/114/114072.mp3,True
114073,Instrumental,4,data/fma_small/114/114073.mp3,True
114074,Instrumental,4,data/fma_small/114/114074.mp3,True
114076,Instrumental,4,data/fma_small/114/114076.mp3,True
114077,Instrumental,4,data/fma_small/114/114077.mp3,True
114198,Rock,7,data/fma_small/114/114198.mp3,True
114199,Rock,7,data/fma_small/114/114199.mp3,True
114200,Rock,7,data/fma_small/114/114200.mp3,True
114201,Rock,7,data/fma_small/114/114201.mp3,True
114212,Instrumental,4,data/fma_small/114/114212.mp3,True
114222,Instrumental,4,data/fma_small/114/114222.mp3,True
114223,Instrumental,4,data/fma_small/114/114223.mp3,True
114231,Instrumental,4,data/fma_small/114/114231.mp3,True
114232,Instrumental,4,data/fma_small/114/114232.mp3,True
114233,Instrumental,4,data/fma_small/114/114233.mp3,True
114234,Instrumental,4,data/fma_small/114/114234.mp3,True
114235,Instrumental,4,data/fma_small/114/114235.mp3,True
114236,Instrumental,4,data/fma_small/114/114236.mp3,True
114237,Instrumental,4,data/fma_small/114/114237.mp3,True
114238,Instrumental,4,data/fma_small/114/114238.mp3,True
114239,Instrumental,4,data/fma_small/114/114239.mp3,True
114242,Electronic,0,data/fma_small/114/114242.mp3,True
114245,Electronic,0,data/fma_small/114/114245.mp3,True
114265,Hip-Hop,3,data/fma_small/114/114265.mp3,True
114266,Hip-Hop,3,data/fma_small/114/114266.mp3,True
114268,Hip-Hop,3,data/fma_small/114/114268.mp3,True
114272,Hip-Hop,3,data/fma_small/114/114272.mp3,True
114274,Hip-Hop,3,data/fma_small/114/114274.mp3,True
114275,Hip-Hop,3,data/fma_small/114/114275.mp3,True
114279,Electronic,0,data/fma_small/114/114279.mp3,True
114282,Electronic,0,data/fma_small/114/114282.mp3,True
114283,Electronic,0,data/fma_small/114/114283.mp3,True
114289,Electronic,0,data/fma_small/114/114289.mp3,True
114290,Electronic,0,data/fma_small/114/114290.mp3,True
114291,Electronic,0,data/fma_small/114/114291.mp3,True
114292,Electronic,0,data/fma_small/114/114292.mp3,True
114293,Electronic,0,data/fma_small/114/114293.mp3,True
114294,Electronic,0,data/fma_small/114/114294.mp3,True
114295,Electronic,0,data/fma_small/114/114295.mp3,True
114296,Electronic,0,data/fma_small/114/114296.mp3,True
114297,Electronic,0,data/fma_small/114/114297.mp3,True
114298,Electronic,0,data/fma_small/114/114298.mp3,True
114371,Instrumental,4,data/fma_small/114/114371.mp3,True
114372,Instrumental,4,data/fma_small/114/114372.mp3,True
114373,Instrumental,4,data/fma_small/114/114373.mp3,True
114374,Instrumental,4,data/fma_small/114/114374.mp3,True
114375,Instrumental,4,data/fma_small/114/114375.mp3,True
114384,Electronic,0,data/fma_small/114/114384.mp3,True
114385,Electronic,0,data/fma_small/114/114385.mp3,True
114386,Electronic,0,data/fma_small/114/114386.mp3,True
114387,Electronic,0,data/fma_small/114/114387.mp3,True
114388,Electronic,0,data/fma_small/114/114388.mp3,True
114389,Electronic,0,data/fma_small/114/114389.mp3,True
114390,Electronic,0,data/fma_small/114/114390.mp3,True
114391,Electronic,0,data/fma_small/114/114391.mp3,True
114392,Electronic,0,data/fma_small/114/114392.mp3,True
114393,Electronic,0,data/fma_small/114/114393.mp3,True
114395,Rock,7,data/fma_small/114/114395.mp3,True
114396,Rock,7,data/fma_small/114/114396.mp3,True
114397,Rock,7,data/fma_small/114/114397.mp3,True
114398,Rock,7,data/fma_small/114/114398.mp3,True
114399,Rock,7,data/fma_small/114/114399.mp3,True
114400,Rock,7,data/fma_small/114/114400.mp3,True
114401,Rock,7,data/fma_small/114/114401.mp3,True
114402,Rock,7,data/fma_small/114/114402.mp3,True
114403,Rock,7,data/fma_small/114/114403.mp3,True
114404,Rock,7,data/fma_small/114/114404.mp3,True
114405,Rock,7,data/fma_small/114/114405.mp3,True
114406,Rock,7,data/fma_small/114/114406.mp3,True
114408,Rock,7,data/fma_small/114/114408.mp3,True
114409,Rock,7,data/fma_small/114/114409.mp3,True
114410,Rock,7,data/fma_small/114/114410.mp3,True
114411,Rock,7,data/fma_small/114/114411.mp3,True
114412,Rock,7,data/fma_small/114/114412.mp3,True
114413,Rock,7,data/fma_small/114/114413.mp3,True
114414,Rock,7,data/fma_small/114/114414.mp3,True
114415,Rock,7,data/fma_small/114/114415.mp3,True
114416,Rock,7,data/fma_small/114/114416.mp3,True
114430,Rock,7,data/fma_small/114/114430.mp3,True
114532,Instrumental,4,data/fma_small/114/114532.mp3,True
114533,Instrumental,4,data/fma_small/114/114533.mp3,True
114534,Instrumental,4,data/fma_small/114/114534.mp3,True
114535,Instrumental,4,data/fma_small/114/114535.mp3,True
114536,Instrumental,4,data/fma_small/114/114536.mp3,True
114538,Instrumental,4,data/fma_small/114/114538.mp3,True
114539,Instrumental,4,data/fma_small/114/114539.mp3,True
114541,Instrumental,4,data/fma_small/114/114541.mp3,True
114544,Electronic,0,data/fma_small/114/114544.mp3,True
114545,Electronic,0,data/fma_small/114/114545.mp3,True
114556,Electronic,0,data/fma_small/114/114556.mp3,True
114558,Electronic,0,data/fma_small/114/114558.mp3,True
114559,Electronic,0,data/fma_small/114/114559.mp3,True
114879,International,5,data/fma_small/114/114879.mp3,True
114880,International,5,data/fma_small/114/114880.mp3,True
114884,International,5,data/fma_small/114/114884.mp3,True
114936,International,5,data/fma_small/114/114936.mp3,True
114937,International,5,data/fma_small/114/114937.mp3,True
114938,International,5,data/fma_small/114/114938.mp3,True
114939,International,5,data/fma_small/114/114939.mp3,True
114940,International,5,data/fma_small/114/114940.mp3,True
114941,International,5,data/fma_small/114/114941.mp3,True
114942,International,5,data/fma_small/114/114942.mp3,True
114943,International,5,data/fma_small/114/114943.mp3,True
114974,Experimental,1,data/fma_small/114/114974.mp3,True
114976,Experimental,1,data/fma_small/114/114976.mp3,True
115002,Instrumental,4,data/fma_small/115/115002.mp3,True
115011,Instrumental,4,data/fma_small/115/115011.mp3,True
115125,Experimental,1,data/fma_small/115/115125.mp3,True
115176,Instrumental,4,data/fma_small/115/115176.mp3,True
115262,International,5,data/fma_small/115/115262.mp3,True
115263,International,5,data/fma_small/115/115263.mp3,True
115267,International,5,data/fma_small/115/115267.mp3,True
115268,International,5,data/fma_small/115/115268.mp3,True
115269,International,5,data/fma_small/115/115269.mp3,True
115271,International,5,data/fma_small/115/115271.mp3,True
115272,International,5,data/fma_small/115/115272.mp3,True
115273,International,5,data/fma_small/115/115273.mp3,True
115288,Instrumental,4,data/fma_small/115/115288.mp3,True
115289,Instrumental,4,data/fma_small/115/115289.mp3,True
115290,Instrumental,4,data/fma_small/115/115290.mp3,True
115292,Instrumental,4,data/fma_small/115/115292.mp3,True
115293,Instrumental,4,data/fma_small/115/115293.mp3,True
115294,Instrumental,4,data/fma_small/115/115294.mp3,True
115321,Electronic,0,data/fma_small/115/115321.mp3,True
115339,Electronic,0,data/fma_small/115/115339.mp3,True
115391,Electronic,0,data/fma_small/115/115391.mp3,True
115392,Electronic,0,data/fma_small/115/115392.mp3,True
115470,Instrumental,4,data/fma_small/115/115470.mp3,True
115471,Instrumental,4,data/fma_small/115/115471.mp3,True
115472,Instrumental,4,data/fma_small/115/115472.mp3,True
115473,Instrumental,4,data/fma_small/115/115473.mp3,True
115474,Instrumental,4,data/fma_small/115/115474.mp3,True
115475,Instrumental,4,data/fma_small/115/115475.mp3,True
115591,Experimental,1,data/fma_small/115/115591.mp3,True
115592,Experimental,1,data/fma_small/115/115592.mp3,True
115597,Experimental,1,data/fma_small/115/115597.mp3,True
115697,Electronic,0,data/fma_small/115/115697.mp3,True
115698,Electronic,0,data/fma_small/115/115698.mp3,True
115699,Electronic,0,data/fma_small/115/115699.mp3,True
115700,Electronic,0,data/fma_small/115/115700.mp3,True
115721,Electronic,0,data/fma_small/115/115721.mp3,True
115722,Electronic,0,data/fma_small/115/115722.mp3,True
115723,Electronic,0,data/fma_small/115/115723.mp3,True
115724,Electronic,0,data/fma_small/115/115724.mp3,True
115735,Rock,7,data/fma_small/115/115735.mp3,True
115761,Rock,7,data/fma_small/115/115761.mp3,True
115762,Rock,7,data/fma_small/115/115762.mp3,True
115764,Rock,7,data/fma_small/115/115764.mp3,True
115765,Rock,7,data/fma_small/115/115765.mp3,True
115766,Rock,7,data/fma_small/115/115766.mp3,True
115767,Instrumental,4,data/fma_small/115/115767.mp3,True
115768,Instrumental,4,data/fma_small/115/115768.mp3,True
115769,Instrumental,4,data/fma_small/115/115769.mp3,True
115771,Instrumental,4,data/fma_small/115/115771.mp3,True
115772,Instrumental,4,data/fma_small/115/115772.mp3,True
115773,Instrumental,4,data/fma_small/115/115773.mp3,True
115774,Instrumental,4,data/fma_small/115/115774.mp3,True
115775,Instrumental,4,data/fma_small/115/115775.mp3,True
115811,Electronic,0,data/fma_small/115/115811.mp3,True
115812,Electronic,0,data/fma_small/115/115812.mp3,True
115813,Electronic,0,data/fma_small/115/115813.mp3,True
115814,Electronic,0,data/fma_small/115/115814.mp3,True
115815,Electronic,0,data/fma_small/115/115815.mp3,True
115816,Electronic,0,data/fma_small/115/115816.mp3,True
115817,Experimental,1,data/fma_small/115/115817.mp3,True
115849,Experimental,1,data/fma_small/115/115849.mp3,True
115850,Experimental,1,data/fma_small/115/115850.mp3,True
115852,Experimental,1,data/fma_small/115/115852.mp3,True
115888,Instrumental,4,data/fma_small/115/115888.mp3,True
115891,Instrumental,4,data/fma_small/115/115891.mp3,True
115892,Instrumental,4,data/fma_small/115/115892.mp3,True
115922,Folk,2,data/fma_small/115/115922.mp3,True
115923,Folk,2,data/fma_small/115/115923.mp3,True
115925,Folk,2,data/fma_small/115/115925.mp3,True
115926,Folk,2,data/fma_small/115/115926.mp3,True
115927,Folk,2,data/fma_small/115/115927.mp3,True
115930,Folk,2,data/fma_small/115/115930.mp3,True
115932,Folk,2,data/fma_small/115/115932.mp3,True
115935,Folk,2,data/fma_small/115/115935.mp3,True
115944,Folk,2,data/fma_small/115/115944.mp3,True
115948,Folk,2,data/fma_small/115/115948.mp3,True
116029,Electronic,0,data/fma_small/116/116029.mp3,True
116068,Electronic,0,data/fma_small/116/116068.mp3,True
116098,Instrumental,4,data/fma_small/116/116098.mp3,True
116099,Instrumental,4,data/fma_small/116/116099.mp3,True
116101,Instrumental,4,data/fma_small/116/116101.mp3,True
116116,Experimental,1,data/fma_small/116/116116.mp3,True
116119,Experimental,1,data/fma_small/116/116119.mp3,True
116175,Instrumental,4,data/fma_small/116/116175.mp3,True
116176,Instrumental,4,data/fma_small/116/116176.mp3,True
116177,Instrumental,4,data/fma_small/116/116177.mp3,True
116235,Electronic,0,data/fma_small/116/116235.mp3,True
116236,Electronic,0,data/fma_small/116/116236.mp3,True
116237,Electronic,0,data/fma_small/116/116237.mp3,True
116238,Electronic,0,data/fma_small/116/116238.mp3,True
116239,Electronic,0,data/fma_small/116/116239.mp3,True
116240,Electronic,0,data/fma_small/116/116240.mp3,True
116241,Electronic,0,data/fma_small/116/116241.mp3,True
116242,Electronic,0,data/fma_small/116/116242.mp3,True
116243,Electronic,0,data/fma_small/116/116243.mp3,True
116261,Experimental,1,data/fma_small/116/116261.mp3,True
116344,Electronic,0,data/fma_small/116/116344.mp3,True
116345,Electronic,0,data/fma_small/116/116345.mp3,True
116372,Experimental,1,data/fma_small/116/116372.mp3,True
116383,Experimental,1,data/fma_small/116/116383.mp3,True
116388,Hip-Hop,3,data/fma_small/116/116388.mp3,True
116389,Hip-Hop,3,data/fma_small/116/116389.mp3,True
116390,Hip-Hop,3,data/fma_small/116/116390.mp3,True
116407,Hip-Hop,3,data/fma_small/116/116407.mp3,True
116446,Folk,2,data/fma_small/116/116446.mp3,True
116447,Folk,2,data/fma_small/116/116447.mp3,True
116448,Folk,2,data/fma_small/116/116448.mp3,True
116449,Folk,2,data/fma_small/116/116449.mp3,True
116451,Folk,2,data/fma_small/116/116451.mp3,True
116452,Folk,2,data/fma_small/116/116452.mp3,True
116453,Folk,2,data/fma_small/116/116453.mp3,True
116454,Folk,2,data/fma_small/116/116454.mp3,True
116455,Folk,2,data/fma_small/116/116455.mp3,True
116456,Folk,2,data/fma_small/116/116456.mp3,True
116457,Folk,2,data/fma_small/116/116457.mp3,True
116458,Folk,2,data/fma_small/116/116458.mp3,True
116464,Experimental,1,data/fma_small/116/116464.mp3,True
116465,Experimental,1,data/fma_small/116/116465.mp3,True
116466,Instrumental,4,data/fma_small/116/116466.mp3,True
116467,Instrumental,4,data/fma_small/116/116467.mp3,True
116468,Instrumental,4,data/fma_small/116/116468.mp3,True
116487,Instrumental,4,data/fma_small/116/116487.mp3,True
116488,Instrumental,4,data/fma_small/116/116488.mp3,True
116489,Instrumental,4,data/fma_small/116/116489.mp3,True
116490,Instrumental,4,data/fma_small/116/116490.mp3,True
116491,Instrumental,4,data/fma_small/116/116491.mp3,True
116514,Experimental,1,data/fma_small/116/116514.mp3,True
116517,Experimental,1,data/fma_small/116/116517.mp3,True
116525,Experimental,1,data/fma_small/116/116525.mp3,True
116526,Instrumental,4,data/fma_small/116/116526.mp3,True
116527,Instrumental,4,data/fma_small/116/116527.mp3,True
116528,Instrumental,4,data/fma_small/116/116528.mp3,True
116547,Rock,7,data/fma_small/116/116547.mp3,True
116549,Instrumental,4,data/fma_small/116/116549.mp3,True
116586,Experimental,1,data/fma_small/116/116586.mp3,True
116587,Experimental,1,data/fma_small/116/116587.mp3,True
116704,Folk,2,data/fma_small/116/116704.mp3,True
116706,Folk,2,data/fma_small/116/116706.mp3,True
116707,Folk,2,data/fma_small/116/116707.mp3,True
116709,Experimental,1,data/fma_small/116/116709.mp3,True
116733,Instrumental,4,data/fma_small/116/116733.mp3,True
116735,Instrumental,4,data/fma_small/116/116735.mp3,True
116736,Instrumental,4,data/fma_small/116/116736.mp3,True
116753,Instrumental,4,data/fma_small/116/116753.mp3,True
116755,Instrumental,4,data/fma_small/116/116755.mp3,True
116756,Instrumental,4,data/fma_small/116/116756.mp3,True
116757,Instrumental,4,data/fma_small/116/116757.mp3,True
116758,Instrumental,4,data/fma_small/116/116758.mp3,True
116759,Instrumental,4,data/fma_small/116/116759.mp3,True
116760,Instrumental,4,data/fma_small/116/116760.mp3,True
116833,Rock,7,data/fma_small/116/116833.mp3,True
116868,Instrumental,4,data/fma_small/116/116868.mp3,True
116869,Instrumental,4,data/fma_small/116/116869.mp3,True
116870,Instrumental,4,data/fma_small/116/116870.mp3,True
116871,Instrumental,4,data/fma_small/116/116871.mp3,True
116872,Folk,2,data/fma_small/116/116872.mp3,True
116873,Folk,2,data/fma_small/116/116873.mp3,True
116874,Folk,2,data/fma_small/116/116874.mp3,True
116876,Folk,2,data/fma_small/116/116876.mp3,True
116877,Electronic,0,data/fma_small/116/116877.mp3,True
116878,Electronic,0,data/fma_small/116/116878.mp3,True
116879,Electronic,0,data/fma_small/116/116879.mp3,True
116880,Electronic,0,data/fma_small/116/116880.mp3,True
116881,Electronic,0,data/fma_small/116/116881.mp3,True
116882,Electronic,0,data/fma_small/116/116882.mp3,True
116883,Folk,2,data/fma_small/116/116883.mp3,True
117057,Experimental,1,data/fma_small/117/117057.mp3,True
117159,Instrumental,4,data/fma_small/117/117159.mp3,True
117160,Instrumental,4,data/fma_small/117/117160.mp3,True
117161,Instrumental,4,data/fma_small/117/117161.mp3,True
117169,Instrumental,4,data/fma_small/117/117169.mp3,True
117170,Instrumental,4,data/fma_small/117/117170.mp3,True
117171,Instrumental,4,data/fma_small/117/117171.mp3,True
117172,Instrumental,4,data/fma_small/117/117172.mp3,True
117173,Instrumental,4,data/fma_small/117/117173.mp3,True
117251,Instrumental,4,data/fma_small/117/117251.mp3,True
117252,Instrumental,4,data/fma_small/117/117252.mp3,True
117253,Instrumental,4,data/fma_small/117/117253.mp3,True
117287,Electronic,0,data/fma_small/117/117287.mp3,True
117288,Electronic,0,data/fma_small/117/117288.mp3,True
117450,Rock,7,data/fma_small/117/117450.mp3,True
117472,Pop,6,data/fma_small/117/117472.mp3,True
117473,Pop,6,data/fma_small/117/117473.mp3,True
117609,Instrumental,4,data/fma_small/117/117609.mp3,True
117610,Instrumental,4,data/fma_small/117/117610.mp3,True
117611,Instrumental,4,data/fma_small/117/117611.mp3,True
117612,Instrumental,4,data/fma_small/117/117612.mp3,True
117613,Instrumental,4,data/fma_small/117/117613.mp3,True
117614,Instrumental,4,data/fma_small/117/117614.mp3,True
117626,Instrumental,4,data/fma_small/117/117626.mp3,True
117627,Folk,2,data/fma_small/117/117627.mp3,True
117628,Folk,2,data/fma_small/117/117628.mp3,True
117629,Folk,2,data/fma_small/117/117629.mp3,True
117630,Folk,2,data/fma_small/117/117630.mp3,True
117631,Folk,2,data/fma_small/117/117631.mp3,True
117632,Folk,2,data/fma_small/117/117632.mp3,True
117666,International,5,data/fma_small/117/117666.mp3,True
117667,International,5,data/fma_small/117/117667.mp3,True
117668,International,5,data/fma_small/117/117668.mp3,True
117669,International,5,data/fma_small/117/117669.mp3,True
117670,International,5,data/fma_small/117/117670.mp3,True
117846,Experimental,1,data/fma_small/117/117846.mp3,True
117883,Rock,7,data/fma_small/117/117883.mp3,True
117884,Rock,7,data/fma_small/117/117884.mp3,True
117885,Rock,7,data/fma_small/117/117885.mp3,True
117886,Rock,7,data/fma_small/117/117886.mp3,True
117887,Rock,7,data/fma_small/117/117887.mp3,True
117942,International,5,data/fma_small/117/117942.mp3,True
117943,International,5,data/fma_small/117/117943.mp3,True
117944,International,5,data/fma_small/117/117944.mp3,True
117945,International,5,data/fma_small/117/117945.mp3,True
117946,International,5,data/fma_small/117/117946.mp3,True
117961,Experimental,1,data/fma_small/117/117961.mp3,True
117966,Experimental,1,data/fma_small/117/117966.mp3,True
117967,Experimental,1,data/fma_small/117/117967.mp3,True
117970,Experimental,1,data/fma_small/117/117970.mp3,True
117991,Experimental,1,data/fma_small/117/117991.mp3,True
118000,Experimental,1,data/fma_small/118/118000.mp3,True
118012,Experimental,1,data/fma_small/118/118012.mp3,True
118058,Instrumental,4,data/fma_small/118/118058.mp3,True
118059,Instrumental,4,data/fma_small/118/118059.mp3,True
118060,Instrumental,4,data/fma_small/118/118060.mp3,True
118061,Instrumental,4,data/fma_small/118/118061.mp3,True
118062,Instrumental,4,data/fma_small/118/118062.mp3,True
118063,Instrumental,4,data/fma_small/118/118063.mp3,True
118068,Instrumental,4,data/fma_small/118/118068.mp3,True
118070,Electronic,0,data/fma_small/118/118070.mp3,True
118084,Experimental,1,data/fma_small/118/118084.mp3,True
118085,Experimental,1,data/fma_small/118/118085.mp3,True
118087,Experimental,1,data/fma_small/118/118087.mp3,True
118195,Experimental,1,data/fma_small/118/118195.mp3,True
118196,Experimental,1,data/fma_small/118/118196.mp3,True
118222,Experimental,1,data/fma_small/118/118222.mp3,True
118223,Experimental,1,data/fma_small/118/118223.mp3,True
118257,Experimental,1,data/fma_small/118/118257.mp3,True
118276,Experimental,1,data/fma_small/118/118276.mp3,True
118277,Experimental,1,data/fma_small/118/118277.mp3,True
118279,Rock,7,data/fma_small/118/118279.mp3,True
118327,Rock,7,data/fma_small/118/118327.mp3,True
118384,Rock,7,data/fma_small/118/118384.mp3,True
118478,Experimental,1,data/fma_small/118/118478.mp3,True
118484,Experimental,1,data/fma_small/118/118484.mp3,True
118489,Experimental,1,data/fma_small/118/118489.mp3,True
118496,Experimental,1,data/fma_small/118/118496.mp3,True
118498,Experimental,1,data/fma_small/118/118498.mp3,True
118499,Experimental,1,data/fma_small/118/118499.mp3,True
118500,Experimental,1,data/fma_small/118/118500.mp3,True
118502,Experimental,1,data/fma_small/118/118502.mp3,True
118503,Experimental,1,data/fma_small/118/118503.mp3,True
118504,Experimental,1,data/fma_small/118/118504.mp3,True
118505,Experimental,1,data/fma_small/118/118505.mp3,True
118507,Experimental,1,data/fma_small/118/118507.mp3,True
118569,Hip-Hop,3,data/fma_small/118/118569.mp3,True
118618,Instrumental,4,data/fma_small/118/118618.mp3,True
118629,Electronic,0,data/fma_small/118/118629.mp3,True
118670,Folk,2,data/fma_small/118/118670.mp3,True
118671,Folk,2,data/fma_small/118/118671.mp3,True
118672,Folk,2,data/fma_small/118/118672.mp3,True
118674,Folk,2,data/fma_small/118/118674.mp3,True
118734,Electronic,0,data/fma_small/118/118734.mp3,True
118735,Folk,2,data/fma_small/118/118735.mp3,True
118738,Folk,2,data/fma_small/118/118738.mp3,True
118739,Folk,2,data/fma_small/118/118739.mp3,True
118886,Folk,2,data/fma_small/118/118886.mp3,True
118891,Folk,2,data/fma_small/118/118891.mp3,True
118920,Electronic,0,data/fma_small/118/118920.mp3,True
118921,Electronic,0,data/fma_small/118/118921.mp3,True
118922,Electronic,0,data/fma_small/118/118922.mp3,True
118923,Electronic,0,data/fma_small/118/118923.mp3,True
118950,Instrumental,4,data/fma_small/118/118950.mp3,True
118951,Instrumental,4,data/fma_small/118/118951.mp3,True
118952,Instrumental,4,data/fma_small/118/118952.mp3,True
118953,Instrumental,4,data/fma_small/118/118953.mp3,True
118954,Instrumental,4,data/fma_small/118/118954.mp3,True
118955,Instrumental,4,data/fma_small/118/118955.mp3,True
118957,Experimental,1,data/fma_small/118/118957.mp3,True
118958,Experimental,1,data/fma_small/118/118958.mp3,True
118972,Experimental,1,data/fma_small/118/118972.mp3,True
118986,Experimental,1,data/fma_small/118/118986.mp3,True
118987,Experimental,1,data/fma_small/118/118987.mp3,True
118988,Experimental,1,data/fma_small/118/118988.mp3,True
119025,Experimental,1,data/fma_small/119/119025.mp3,True
119026,Experimental,1,data/fma_small/119/119026.mp3,True
119027,Experimental,1,data/fma_small/119/119027.mp3,True
119063,Experimental,1,data/fma_small/119/119063.mp3,True
119086,Experimental,1,data/fma_small/119/119086.mp3,True
119095,Experimental,1,data/fma_small/119/119095.mp3,True
119097,Experimental,1,data/fma_small/119/119097.mp3,True
119118,Experimental,1,data/fma_small/119/119118.mp3,True
119134,Experimental,1,data/fma_small/119/119134.mp3,True
119187,Pop,6,data/fma_small/119/119187.mp3,True
119193,Pop,6,data/fma_small/119/119193.mp3,True
119257,Rock,7,data/fma_small/119/119257.mp3,True
119369,Experimental,1,data/fma_small/119/119369.mp3,True
119379,Experimental,1,data/fma_small/119/119379.mp3,True
119413,Experimental,1,data/fma_small/119/119413.mp3,True
119545,Experimental,1,data/fma_small/119/119545.mp3,True
119569,Rock,7,data/fma_small/119/119569.mp3,True
119571,Rock,7,data/fma_small/119/119571.mp3,True
119574,Rock,7,data/fma_small/119/119574.mp3,True
119575,Experimental,1,data/fma_small/119/119575.mp3,True
119578,Experimental,1,data/fma_small/119/119578.mp3,True
119579,Experimental,1,data/fma_small/119/119579.mp3,True
119580,Experimental,1,data/fma_small/119/119580.mp3,True
119582,Experimental,1,data/fma_small/119/119582.mp3,True
119583,Experimental,1,data/fma_small/119/119583.mp3,True
119584,Pop,6,data/fma_small/119/119584.mp3,True
119592,Pop,6,data/fma_small/119/119592.mp3,True
119715,Rock,7,data/fma_small/119/119715.mp3,True
119719,Folk,2,data/fma_small/119/119719.mp3,True
119725,Folk,2,data/fma_small/119/119725.mp3,True
119726,Folk,2,data/fma_small/119/119726.mp3,True
119727,Experimental,1,data/fma_small/119/119727.mp3,True
119745,Experimental,1,data/fma_small/119/119745.mp3,True
119828,Instrumental,4,data/fma_small/119/119828.mp3,True
119830,Instrumental,4,data/fma_small/119/119830.mp3,True
119831,Instrumental,4,data/fma_small/119/119831.mp3,True
119893,Instrumental,4,data/fma_small/119/119893.mp3,True
119894,Instrumental,4,data/fma_small/119/119894.mp3,True
119895,Instrumental,4,data/fma_small/119/119895.mp3,True
119896,Instrumental,4,data/fma_small/119/119896.mp3,True
119897,Instrumental,4,data/fma_small/119/119897.mp3,True
119898,Instrumental,4,data/fma_small/119/119898.mp3,True
119899,Instrumental,4,data/fma_small/119/119899.mp3,True
119900,Instrumental,4,data/fma_small/119/119900.mp3,True
119901,Instrumental,4,data/fma_small/119/119901.mp3,True
119922,Rock,7,data/fma_small/119/119922.mp3,True
119938,Hip-Hop,3,data/fma_small/119/119938.mp3,True
119939,Hip-Hop,3,data/fma_small/119/119939.mp3,True
119940,Hip-Hop,3,data/fma_small/119/119940.mp3,True
119941,Hip-Hop,3,data/fma_small/119/119941.mp3,True
119942,Hip-Hop,3,data/fma_small/119/119942.mp3,True
119979,Hip-Hop,3,data/fma_small/119/119979.mp3,True
119985,Hip-Hop,3,data/fma_small/119/119985.mp3,True
119988,Hip-Hop,3,data/fma_small/119/119988.mp3,True
119991,Hip-Hop,3,data/fma_small/119/119991.mp3,True
119992,Hip-Hop,3,data/fma_small/119/119992.mp3,True
119993,Hip-Hop,3,data/fma_small/119/119993.mp3,True
119994,Hip-Hop,3,data/fma_small/119/119994.mp3,True
120099,Pop,6,data/fma_small/120/120099.mp3,True
120105,Pop,6,data/fma_small/120/120105.mp3,True
120109,Pop,6,data/fma_small/120/120109.mp3,True
120111,Pop,6,data/fma_small/120/120111.mp3,True
120112,Pop,6,data/fma_small/120/120112.mp3,True
120150,Experimental,1,data/fma_small/120/120150.mp3,True
120160,Experimental,1,data/fma_small/120/120160.mp3,True
120161,Experimental,1,data/fma_small/120/120161.mp3,True
120171,Experimental,1,data/fma_small/120/120171.mp3,True
120172,Folk,2,data/fma_small/120/120172.mp3,True
120177,Folk,2,data/fma_small/120/120177.mp3,True
120178,Folk,2,data/fma_small/120/120178.mp3,True
120179,Pop,6,data/fma_small/120/120179.mp3,True
120183,Pop,6,data/fma_small/120/120183.mp3,True
120184,Pop,6,data/fma_small/120/120184.mp3,True
120188,Pop,6,data/fma_small/120/120188.mp3,True
120189,Pop,6,data/fma_small/120/120189.mp3,True
120194,Pop,6,data/fma_small/120/120194.mp3,True
120196,Pop,6,data/fma_small/120/120196.mp3,True
120199,Pop,6,data/fma_small/120/120199.mp3,True
120200,Pop,6,data/fma_small/120/120200.mp3,True
120201,Pop,6,data/fma_small/120/120201.mp3,True
120203,Pop,6,data/fma_small/120/120203.mp3,True
120206,Pop,6,data/fma_small/120/120206.mp3,True
120207,Pop,6,data/fma_small/120/120207.mp3,True
120208,Pop,6,data/fma_small/120/120208.mp3,True
120296,Instrumental,4,data/fma_small/120/120296.mp3,True
120297,Instrumental,4,data/fma_small/120/120297.mp3,True
120298,Instrumental,4,data/fma_small/120/120298.mp3,True
120299,Instrumental,4,data/fma_small/120/120299.mp3,True
120300,Instrumental,4,data/fma_small/120/120300.mp3,True
120302,Instrumental,4,data/fma_small/120/120302.mp3,True
120303,Instrumental,4,data/fma_small/120/120303.mp3,True
120304,Instrumental,4,data/fma_small/120/120304.mp3,True
120305,Instrumental,4,data/fma_small/120/120305.mp3,True
120306,Instrumental,4,data/fma_small/120/120306.mp3,True
120307,Instrumental,4,data/fma_small/120/120307.mp3,True
120308,Instrumental,4,data/fma_small/120/120308.mp3,True
120309,Instrumental,4,data/fma_small/120/120309.mp3,True
120310,Instrumental,4,data/fma_small/120/120310.mp3,True
120312,Instrumental,4,data/fma_small/120/120312.mp3,True
120313,Instrumental,4,data/fma_small/120/120313.mp3,True
120314,Instrumental,4,data/fma_small/120/120314.mp3,True
120315,Instrumental,4,data/fma_small/120/120315.mp3,True
120316,Instrumental,4,data/fma_small/120/120316.mp3,True
120317,Instrumental,4,data/fma_small/120/120317.mp3,True
120318,Instrumental,4,data/fma_small/120/120318.mp3,True
120319,Instrumental,4,data/fma_small/120/120319.mp3,True
120320,Instrumental,4,data/fma_small/120/120320.mp3,True
120321,Instrumental,4,data/fma_small/120/120321.mp3,True
120322,Instrumental,4,data/fma_small/120/120322.mp3,True
120323,Instrumental,4,data/fma_small/120/120323.mp3,True
120324,Instrumental,4,data/fma_small/120/120324.mp3,True
120325,Instrumental,4,data/fma_small/120/120325.mp3,True
120326,Instrumental,4,data/fma_small/120/120326.mp3,True
120327,Instrumental,4,data/fma_small/120/120327.mp3,True
120328,Instrumental,4,data/fma_small/120/120328.mp3,True
120329,Instrumental,4,data/fma_small/120/120329.mp3,True
120330,Instrumental,4,data/fma_small/120/120330.mp3,True
120331,Instrumental,4,data/fma_small/120/120331.mp3,True
120332,Instrumental,4,data/fma_small/120/120332.mp3,True
120333,Instrumental,4,data/fma_small/120/120333.mp3,True
120462,Electronic,0,data/fma_small/120/120462.mp3,True
120466,Electronic,0,data/fma_small/120/120466.mp3,True
120467,Electronic,0,data/fma_small/120/120467.mp3,True
120468,Electronic,0,data/fma_small/120/120468.mp3,True
120469,Electronic,0,data/fma_small/120/120469.mp3,True
120470,Electronic,0,data/fma_small/120/120470.mp3,True
120471,Electronic,0,data/fma_small/120/120471.mp3,True
120504,Instrumental,4,data/fma_small/120/120504.mp3,True
120513,Instrumental,4,data/fma_small/120/120513.mp3,True
120514,Instrumental,4,data/fma_small/120/120514.mp3,True
120515,Instrumental,4,data/fma_small/120/120515.mp3,True
120518,Rock,7,data/fma_small/120/120518.mp3,True
120769,Instrumental,4,data/fma_small/120/120769.mp3,True
120770,Instrumental,4,data/fma_small/120/120770.mp3,True
120771,Instrumental,4,data/fma_small/120/120771.mp3,True
120772,Instrumental,4,data/fma_small/120/120772.mp3,True
120773,Instrumental,4,data/fma_small/120/120773.mp3,True
120774,Instrumental,4,data/fma_small/120/120774.mp3,True
120775,Instrumental,4,data/fma_small/120/120775.mp3,True
120776,Instrumental,4,data/fma_small/120/120776.mp3,True
120777,Instrumental,4,data/fma_small/120/120777.mp3,True
120778,Instrumental,4,data/fma_small/120/120778.mp3,True
120779,Experimental,1,data/fma_small/120/120779.mp3,True
120782,Experimental,1,data/fma_small/120/120782.mp3,True
121251,Rock,7,data/fma_small/121/121251.mp3,True
121256,Rock,7,data/fma_small/121/121256.mp3,True
121257,Rock,7,data/fma_small/121/121257.mp3,True
121273,Experimental,1,data/fma_small/121/121273.mp3,True
121288,Experimental,1,data/fma_small/121/121288.mp3,True
121312,Hip-Hop,3,data/fma_small/121/121312.mp3,True
121313,Hip-Hop,3,data/fma_small/121/121313.mp3,True
121314,Hip-Hop,3,data/fma_small/121/121314.mp3,True
121315,Hip-Hop,3,data/fma_small/121/121315.mp3,True
121316,Hip-Hop,3,data/fma_small/121/121316.mp3,True
121317,Hip-Hop,3,data/fma_small/121/121317.mp3,True
121318,Hip-Hop,3,data/fma_small/121/121318.mp3,True
121319,Hip-Hop,3,data/fma_small/121/121319.mp3,True
121320,Hip-Hop,3,data/fma_small/121/121320.mp3,True
121321,Hip-Hop,3,data/fma_small/121/121321.mp3,True
121322,Hip-Hop,3,data/fma_small/121/121322.mp3,True
121323,Hip-Hop,3,data/fma_small/121/121323.mp3,True
121346,Experimental,1,data/fma_small/121/121346.mp3,True
121366,Experimental,1,data/fma_small/121/121366.mp3,True
121415,Rock,7,data/fma_small/121/121415.mp3,True
121449,Electronic,0,data/fma_small/121/121449.mp3,True
121450,Electronic,0,data/fma_small/121/121450.mp3,True
121451,Electronic,0,data/fma_small/121/121451.mp3,True
121452,Electronic,0,data/fma_small/121/121452.mp3,True
121453,Electronic,0,data/fma_small/121/121453.mp3,True
121454,Electronic,0,data/fma_small/121/121454.mp3,True
121472,Instrumental,4,data/fma_small/121/121472.mp3,True
121473,Instrumental,4,data/fma_small/121/121473.mp3,True
121474,Instrumental,4,data/fma_small/121/121474.mp3,True
121475,Instrumental,4,data/fma_small/121/121475.mp3,True
121570,Rock,7,data/fma_small/121/121570.mp3,True
121589,Pop,6,data/fma_small/121/121589.mp3,True
121590,Pop,6,data/fma_small/121/121590.mp3,True
121591,Pop,6,data/fma_small/121/121591.mp3,True
121592,Pop,6,data/fma_small/121/121592.mp3,True
121593,Pop,6,data/fma_small/121/121593.mp3,True
121594,Pop,6,data/fma_small/121/121594.mp3,True
121595,Electronic,0,data/fma_small/121/121595.mp3,True
121651,Instrumental,4,data/fma_small/121/121651.mp3,True
121652,Instrumental,4,data/fma_small/121/121652.mp3,True
121653,Instrumental,4,data/fma_small/121/121653.mp3,True
121654,Instrumental,4,data/fma_small/121/121654.mp3,True
121655,Instrumental,4,data/fma_small/121/121655.mp3,True
121656,Instrumental,4,data/fma_small/121/121656.mp3,True
121657,Instrumental,4,data/fma_small/121/121657.mp3,True
121658,Instrumental,4,data/fma_small/121/121658.mp3,True
121659,Instrumental,4,data/fma_small/121/121659.mp3,True
121660,Instrumental,4,data/fma_small/121/121660.mp3,True
121661,Instrumental,4,data/fma_small/121/121661.mp3,True
121662,Instrumental,4,data/fma_small/121/121662.mp3,True
121663,Instrumental,4,data/fma_small/121/121663.mp3,True
121664,Instrumental,4,data/fma_small/121/121664.mp3,True
121665,Instrumental,4,data/fma_small/121/121665.mp3,True
121666,Instrumental,4,data/fma_small/121/121666.mp3,True
121734,Pop,6,data/fma_small/121/121734.mp3,True
121735,Pop,6,data/fma_small/121/121735.mp3,True
121736,Pop,6,data/fma_small/121/121736.mp3,True
121737,Pop,6,data/fma_small/121/121737.mp3,True
121738,Pop,6,data/fma_small/121/121738.mp3,True
121739,Pop,6,data/fma_small/121/121739.mp3,True
121740,Pop,6,data/fma_small/121/121740.mp3,True
121813,Rock,7,data/fma_small/121/121813.mp3,True
121866,Rock,7,data/fma_small/121/121866.mp3,True
121867,Rock,7,data/fma_small/121/121867.mp3,True
121869,Rock,7,data/fma_small/121/121869.mp3,True
121913,International,5,data/fma_small/121/121913.mp3,True
121915,International,5,data/fma_small/121/121915.mp3,True
121922,International,5,data/fma_small/121/121922.mp3,True
121926,International,5,data/fma_small/121/121926.mp3,True
121929,International,5,data/fma_small/121/121929.mp3,True
121930,International,5,data/fma_small/121/121930.mp3,True
121976,Experimental,1,data/fma_small/121/121976.mp3,True
121985,Experimental,1,data/fma_small/121/121985.mp3,True
121987,Experimental,1,data/fma_small/121/121987.mp3,True
121998,Experimental,1,data/fma_small/121/121998.mp3,True
122001,Experimental,1,data/fma_small/122/122001.mp3,True
122003,Experimental,1,data/fma_small/122/122003.mp3,True
122004,Experimental,1,data/fma_small/122/122004.mp3,True
122066,Rock,7,data/fma_small/122/122066.mp3,True
122077,Rock,7,data/fma_small/122/122077.mp3,True
122079,Rock,7,data/fma_small/122/122079.mp3,True
122080,Rock,7,data/fma_small/122/122080.mp3,True
122081,Rock,7,data/fma_small/122/122081.mp3,True
122082,Rock,7,data/fma_small/122/122082.mp3,True
122083,Rock,7,data/fma_small/122/122083.mp3,True
122084,Rock,7,data/fma_small/122/122084.mp3,True
122085,Rock,7,data/fma_small/122/122085.mp3,True
122086,Rock,7,data/fma_small/122/122086.mp3,True
122087,Rock,7,data/fma_small/122/122087.mp3,True
122088,Rock,7,data/fma_small/122/122088.mp3,True
122106,Experimental,1,data/fma_small/122/122106.mp3,True
122107,Experimental,1,data/fma_small/122/122107.mp3,True
122132,Experimental,1,data/fma_small/122/122132.mp3,True
122143,Experimental,1,data/fma_small/122/122143.mp3,True
122153,Experimental,1,data/fma_small/122/122153.mp3,True
122155,Experimental,1,data/fma_small/122/122155.mp3,True
122166,Experimental,1,data/fma_small/122/122166.mp3,True
122168,Experimental,1,data/fma_small/122/122168.mp3,True
122190,Rock,7,data/fma_small/122/122190.mp3,True
122199,Experimental,1,data/fma_small/122/122199.mp3,True
122201,Experimental,1,data/fma_small/122/122201.mp3,True
122204,Experimental,1,data/fma_small/122/122204.mp3,True
122247,Experimental,1,data/fma_small/122/122247.mp3,True
122261,Experimental,1,data/fma_small/122/122261.mp3,True
122352,Folk,2,data/fma_small/122/122352.mp3,True
122353,Folk,2,data/fma_small/122/122353.mp3,True
122354,Folk,2,data/fma_small/122/122354.mp3,True
122355,Folk,2,data/fma_small/122/122355.mp3,True
122356,Folk,2,data/fma_small/122/122356.mp3,True
122357,Folk,2,data/fma_small/122/122357.mp3,True
122358,Folk,2,data/fma_small/122/122358.mp3,True
122359,Folk,2,data/fma_small/122/122359.mp3,True
122360,Folk,2,data/fma_small/122/122360.mp3,True
122362,Folk,2,data/fma_small/122/122362.mp3,True
122363,Folk,2,data/fma_small/122/122363.mp3,True
122364,Folk,2,data/fma_small/122/122364.mp3,True
122365,Folk,2,data/fma_small/122/122365.mp3,True
122395,Rock,7,data/fma_small/122/122395.mp3,True
122397,Rock,7,data/fma_small/122/122397.mp3,True
122398,Rock,7,data/fma_small/122/122398.mp3,True
122399,Rock,7,data/fma_small/122/122399.mp3,True
122400,Rock,7,data/fma_small/122/122400.mp3,True
122456,Electronic,0,data/fma_small/122/122456.mp3,True
122457,Electronic,0,data/fma_small/122/122457.mp3,True
122472,Rock,7,data/fma_small/122/122472.mp3,True
122473,Pop,6,data/fma_small/122/122473.mp3,True
122474,Pop,6,data/fma_small/122/122474.mp3,True
122475,Pop,6,data/fma_small/122/122475.mp3,True
122498,Pop,6,data/fma_small/122/122498.mp3,True
122499,Pop,6,data/fma_small/122/122499.mp3,True
122500,Pop,6,data/fma_small/122/122500.mp3,True
122503,Pop,6,data/fma_small/122/122503.mp3,True
122504,Pop,6,data/fma_small/122/122504.mp3,True
122510,Instrumental,4,data/fma_small/122/122510.mp3,True
122511,Instrumental,4,data/fma_small/122/122511.mp3,True
122533,Pop,6,data/fma_small/122/122533.mp3,True
122534,Pop,6,data/fma_small/122/122534.mp3,True
122578,Pop,6,data/fma_small/122/122578.mp3,True
122579,Pop,6,data/fma_small/122/122579.mp3,True
122620,Rock,7,data/fma_small/122/122620.mp3,True
122621,Instrumental,4,data/fma_small/122/122621.mp3,True
122622,Instrumental,4,data/fma_small/122/122622.mp3,True
122623,Instrumental,4,data/fma_small/122/122623.mp3,True
122624,Instrumental,4,data/fma_small/122/122624.mp3,True
122625,Instrumental,4,data/fma_small/122/122625.mp3,True
122626,Instrumental,4,data/fma_small/122/122626.mp3,True
122627,Instrumental,4,data/fma_small/122/122627.mp3,True
122628,Instrumental,4,data/fma_small/122/122628.mp3,True
122630,Instrumental,4,data/fma_small/122/122630.mp3,True
122631,Instrumental,4,data/fma_small/122/122631.mp3,True
122632,Instrumental,4,data/fma_small/122/122632.mp3,True
122633,Instrumental,4,data/fma_small/122/122633.mp3,True
122634,Instrumental,4,data/fma_small/122/122634.mp3,True
122635,Instrumental,4,data/fma_small/122/122635.mp3,True
122644,Instrumental,4,data/fma_small/122/122644.mp3,True
122645,Instrumental,4,data/fma_small/122/122645.mp3,True
122646,Instrumental,4,data/fma_small/122/122646.mp3,True
122647,Instrumental,4,data/fma_small/122/122647.mp3,True
122648,Instrumental,4,data/fma_small/122/122648.mp3,True
122649,Instrumental,4,data/fma_small/122/122649.mp3,True
122650,Instrumental,4,data/fma_small/122/122650.mp3,True
122651,Instrumental,4,data/fma_small/122/122651.mp3,True
122654,Instrumental,4,data/fma_small/122/122654.mp3,True
122671,Instrumental,4,data/fma_small/122/122671.mp3,True
122673,Instrumental,4,data/fma_small/122/122673.mp3,True
122675,Instrumental,4,data/fma_small/122/122675.mp3,True
122683,Rock,7,data/fma_small/122/122683.mp3,True
122685,Rock,7,data/fma_small/122/122685.mp3,True
122686,Rock,7,data/fma_small/122/122686.mp3,True
122798,Pop,6,data/fma_small/122/122798.mp3,True
122799,Pop,6,data/fma_small/122/122799.mp3,True
122800,Pop,6,data/fma_small/122/122800.mp3,True
122803,Pop,6,data/fma_small/122/122803.mp3,True
122804,Pop,6,data/fma_small/122/122804.mp3,True
122805,Pop,6,data/fma_small/122/122805.mp3,True
122806,Pop,6,data/fma_small/122/122806.mp3,True
122807,Pop,6,data/fma_small/122/122807.mp3,True
122808,Pop,6,data/fma_small/122/122808.mp3,True
122809,Pop,6,data/fma_small/122/122809.mp3,True
122810,Pop,6,data/fma_small/122/122810.mp3,True
122832,Electronic,0,data/fma_small/122/122832.mp3,True
122901,International,5,data/fma_small/122/122901.mp3,True
122910,Experimental,1,data/fma_small/122/122910.mp3,True
122911,Rock,7,data/fma_small/122/122911.mp3,True
122932,Folk,2,data/fma_small/122/122932.mp3,True
122934,Folk,2,data/fma_small/122/122934.mp3,True
122935,Folk,2,data/fma_small/122/122935.mp3,True
122936,Folk,2,data/fma_small/122/122936.mp3,True
122959,Experimental,1,data/fma_small/122/122959.mp3,True
122999,Electronic,0,data/fma_small/122/122999.mp3,True
123000,Electronic,0,data/fma_small/123/123000.mp3,True
123001,Electronic,0,data/fma_small/123/123001.mp3,True
123002,Electronic,0,data/fma_small/123/123002.mp3,True
123003,Electronic,0,data/fma_small/123/123003.mp3,True
123004,Electronic,0,data/fma_small/123/123004.mp3,True
123094,Folk,2,data/fma_small/123/123094.mp3,True
123096,Folk,2,data/fma_small/123/123096.mp3,True
123097,Folk,2,data/fma_small/123/123097.mp3,True
123099,Folk,2,data/fma_small/123/123099.mp3,True
123147,Hip-Hop,3,data/fma_small/123/123147.mp3,True
123273,Rock,7,data/fma_small/123/123273.mp3,True
123278,Rock,7,data/fma_small/123/123278.mp3,True
123333,Experimental,1,data/fma_small/123/123333.mp3,True
123342,Experimental,1,data/fma_small/123/123342.mp3,True
123427,Rock,7,data/fma_small/123/123427.mp3,True
123438,Hip-Hop,3,data/fma_small/123/123438.mp3,True
123439,Hip-Hop,3,data/fma_small/123/123439.mp3,True
123440,Hip-Hop,3,data/fma_small/123/123440.mp3,True
123441,Hip-Hop,3,data/fma_small/123/123441.mp3,True
123442,Hip-Hop,3,data/fma_small/123/123442.mp3,True
123458,Instrumental,4,data/fma_small/123/123458.mp3,True
123461,Instrumental,4,data/fma_small/123/123461.mp3,True
123467,Instrumental,4,data/fma_small/123/123467.mp3,True
123468,Instrumental,4,data/fma_small/123/123468.mp3,True
123474,Rock,7,data/fma_small/123/123474.mp3,True
123484,Instrumental,4,data/fma_small/123/123484.mp3,True
123485,Instrumental,4,data/fma_small/123/123485.mp3,True
123486,Instrumental,4,data/fma_small/123/123486.mp3,True
123487,Instrumental,4,data/fma_small/123/123487.mp3,True
123488,Instrumental,4,data/fma_small/123/123488.mp3,True
123490,Folk,2,data/fma_small/123/123490.mp3,True
123494,Folk,2,data/fma_small/123/123494.mp3,True
123501,Electronic,0,data/fma_small/123/123501.mp3,True
123502,Electronic,0,data/fma_small/123/123502.mp3,True
123503,Electronic,0,data/fma_small/123/123503.mp3,True
123504,Electronic,0,data/fma_small/123/123504.mp3,True
123505,Electronic,0,data/fma_small/123/123505.mp3,True
123506,Electronic,0,data/fma_small/123/123506.mp3,True
123509,Pop,6,data/fma_small/123/123509.mp3,True
123523,Instrumental,4,data/fma_small/123/123523.mp3,True
123614,Hip-Hop,3,data/fma_small/123/123614.mp3,True
123641,Hip-Hop,3,data/fma_small/123/123641.mp3,True
123645,Hip-Hop,3,data/fma_small/123/123645.mp3,True
123647,Hip-Hop,3,data/fma_small/123/123647.mp3,True
123760,Instrumental,4,data/fma_small/123/123760.mp3,True
123761,Instrumental,4,data/fma_small/123/123761.mp3,True
123762,Instrumental,4,data/fma_small/123/123762.mp3,True
123763,Instrumental,4,data/fma_small/123/123763.mp3,True
123764,Instrumental,4,data/fma_small/123/123764.mp3,True
123821,Rock,7,data/fma_small/123/123821.mp3,True
123825,Rock,7,data/fma_small/123/123825.mp3,True
123832,Rock,7,data/fma_small/123/123832.mp3,True
123834,Rock,7,data/fma_small/123/123834.mp3,True
123835,Rock,7,data/fma_small/123/123835.mp3,True
123866,Rock,7,data/fma_small/123/123866.mp3,True
123867,Rock,7,data/fma_small/123/123867.mp3,True
123868,Rock,7,data/fma_small/123/123868.mp3,True
123899,Folk,2,data/fma_small/123/123899.mp3,True
123932,Electronic,0,data/fma_small/123/123932.mp3,True
123933,Electronic,0,data/fma_small/123/123933.mp3,True
123934,Electronic,0,data/fma_small/123/123934.mp3,True
123935,Electronic,0,data/fma_small/123/123935.mp3,True
123936,Electronic,0,data/fma_small/123/123936.mp3,True
123937,Electronic,0,data/fma_small/123/123937.mp3,True
123938,Electronic,0,data/fma_small/123/123938.mp3,True
123964,Hip-Hop,3,data/fma_small/123/123964.mp3,True
123965,Hip-Hop,3,data/fma_small/123/123965.mp3,True
123966,Hip-Hop,3,data/fma_small/123/123966.mp3,True
123968,Hip-Hop,3,data/fma_small/123/123968.mp3,True
123969,Hip-Hop,3,data/fma_small/123/123969.mp3,True
123970,Hip-Hop,3,data/fma_small/123/123970.mp3,True
123971,Hip-Hop,3,data/fma_small/123/123971.mp3,True
123972,Hip-Hop,3,data/fma_small/123/123972.mp3,True
123973,Hip-Hop,3,data/fma_small/123/123973.mp3,True
123974,Hip-Hop,3,data/fma_small/123/123974.mp3,True
123975,Hip-Hop,3,data/fma_small/123/123975.mp3,True
123976,Hip-Hop,3,data/fma_small/123/123976.mp3,True
123977,Hip-Hop,3,data/fma_small/123/123977.mp3,True
123978,Hip-Hop,3,data/fma_small/123/123978.mp3,True
123979,Hip-Hop,3,data/fma_small/123/123979.mp3,True
123980,Hip-Hop,3,data/fma_small/123/123980.mp3,True
123981,Hip-Hop,3,data/fma_small/123/123981.mp3,True
123986,Hip-Hop,3,data/fma_small/123/123986.mp3,True
124154,Experimental,1,data/fma_small/124/124154.mp3,True
124175,Instrumental,4,data/fma_small/124/124175.mp3,True
124176,Instrumental,4,data/fma_small/124/124176.mp3,True
124177,Instrumental,4,data/fma_small/124/124177.mp3,True
124178,Instrumental,4,data/fma_small/124/124178.mp3,True
124179,Instrumental,4,data/fma_small/124/124179.mp3,True
124180,Instrumental,4,data/fma_small/124/124180.mp3,True
124181,Instrumental,4,data/fma_small/124/124181.mp3,True
124183,Instrumental,4,data/fma_small/124/124183.mp3,True
124184,Rock,7,data/fma_small/124/124184.mp3,True
124185,Rock,7,data/fma_small/124/124185.mp3,True
124186,Rock,7,data/fma_small/124/124186.mp3,True
124201,Rock,7,data/fma_small/124/124201.mp3,True
124231,Experimental,1,data/fma_small/124/124231.mp3,True
124391,Rock,7,data/fma_small/124/124391.mp3,True
124392,Rock,7,data/fma_small/124/124392.mp3,True
124393,Rock,7,data/fma_small/124/124393.mp3,True
124394,Rock,7,data/fma_small/124/124394.mp3,True
124409,Experimental,1,data/fma_small/124/124409.mp3,True
124411,Experimental,1,data/fma_small/124/124411.mp3,True
124424,Folk,2,data/fma_small/124/124424.mp3,True
124425,Folk,2,data/fma_small/124/124425.mp3,True
124426,Folk,2,data/fma_small/124/124426.mp3,True
124460,Rock,7,data/fma_small/124/124460.mp3,True
124461,Rock,7,data/fma_small/124/124461.mp3,True
124470,Rock,7,data/fma_small/124/124470.mp3,True
124474,Pop,6,data/fma_small/124/124474.mp3,True
124477,Pop,6,data/fma_small/124/124477.mp3,True
124479,Pop,6,data/fma_small/124/124479.mp3,True
124480,Pop,6,data/fma_small/124/124480.mp3,True
124481,Pop,6,data/fma_small/124/124481.mp3,True
124482,Pop,6,data/fma_small/124/124482.mp3,True
124483,Pop,6,data/fma_small/124/124483.mp3,True
124484,Pop,6,data/fma_small/124/124484.mp3,True
124485,Pop,6,data/fma_small/124/124485.mp3,True
124509,Experimental,1,data/fma_small/124/124509.mp3,True
124517,Experimental,1,data/fma_small/124/124517.mp3,True
124518,Experimental,1,data/fma_small/124/124518.mp3,True
124519,Experimental,1,data/fma_small/124/124519.mp3,True
124554,Electronic,0,data/fma_small/124/124554.mp3,True
124555,Electronic,0,data/fma_small/124/124555.mp3,True
124702,Hip-Hop,3,data/fma_small/124/124702.mp3,True
124752,Electronic,0,data/fma_small/124/124752.mp3,True
124753,Electronic,0,data/fma_small/124/124753.mp3,True
124754,Electronic,0,data/fma_small/124/124754.mp3,True
124755,Electronic,0,data/fma_small/124/124755.mp3,True
124756,Electronic,0,data/fma_small/124/124756.mp3,True
124870,Experimental,1,data/fma_small/124/124870.mp3,True
124872,Instrumental,4,data/fma_small/124/124872.mp3,True
124873,Instrumental,4,data/fma_small/124/124873.mp3,True
124874,Instrumental,4,data/fma_small/124/124874.mp3,True
124875,Instrumental,4,data/fma_small/124/124875.mp3,True
124876,Instrumental,4,data/fma_small/124/124876.mp3,True
124877,Instrumental,4,data/fma_small/124/124877.mp3,True
124891,Experimental,1,data/fma_small/124/124891.mp3,True
124892,Experimental,1,data/fma_small/124/124892.mp3,True
124912,Electronic,0,data/fma_small/124/124912.mp3,True
124913,Electronic,0,data/fma_small/124/124913.mp3,True
124915,Electronic,0,data/fma_small/124/124915.mp3,True
124916,Electronic,0,data/fma_small/124/124916.mp3,True
124917,Electronic,0,data/fma_small/124/124917.mp3,True
124918,Electronic,0,data/fma_small/124/124918.mp3,True
124971,Experimental,1,data/fma_small/124/124971.mp3,True
124992,Rock,7,data/fma_small/124/124992.mp3,True
124996,Rock,7,data/fma_small/124/124996.mp3,True
125001,Rock,7,data/fma_small/125/125001.mp3,True
125002,Rock,7,data/fma_small/125/125002.mp3,True
125003,Rock,7,data/fma_small/125/125003.mp3,True
125004,Rock,7,data/fma_small/125/125004.mp3,True
125154,Electronic,0,data/fma_small/125/125154.mp3,True
125156,Electronic,0,data/fma_small/125/125156.mp3,True
125157,Electronic,0,data/fma_small/125/125157.mp3,True
125158,Electronic,0,data/fma_small/125/125158.mp3,True
125159,Electronic,0,data/fma_small/125/125159.mp3,True
125160,Electronic,0,data/fma_small/125/125160.mp3,True
125161,Electronic,0,data/fma_small/125/125161.mp3,True
125182,Folk,2,data/fma_small/125/125182.mp3,True
125183,Folk,2,data/fma_small/125/125183.mp3,True
125185,Folk,2,data/fma_small/125/125185.mp3,True
125186,Folk,2,data/fma_small/125/125186.mp3,True
125187,Folk,2,data/fma_small/125/125187.mp3,True
125188,Folk,2,data/fma_small/125/125188.mp3,True
125189,Folk,2,data/fma_small/125/125189.mp3,True
125190,Folk,2,data/fma_small/125/125190.mp3,True
125191,Folk,2,data/fma_small/125/125191.mp3,True
125192,Folk,2,data/fma_small/125/125192.mp3,True
125193,Folk,2,data/fma_small/125/125193.mp3,True
125194,Folk,2,data/fma_small/125/125194.mp3,True
125195,Folk,2,data/fma_small/125/125195.mp3,True
125196,Folk,2,data/fma_small/125/125196.mp3,True
125237,Experimental,1,data/fma_small/125/125237.mp3,True
125238,Experimental,1,data/fma_small/125/125238.mp3,True
125239,Experimental,1,data/fma_small/125/125239.mp3,True
125240,Experimental,1,data/fma_small/125/125240.mp3,True
125286,Electronic,0,data/fma_small/125/125286.mp3,True
125287,Electronic,0,data/fma_small/125/125287.mp3,True
125288,Electronic,0,data/fma_small/125/125288.mp3,True
125289,Electronic,0,data/fma_small/125/125289.mp3,True
125291,Electronic,0,data/fma_small/125/125291.mp3,True
125293,Electronic,0,data/fma_small/125/125293.mp3,True
125298,Electronic,0,data/fma_small/125/125298.mp3,True
125299,Electronic,0,data/fma_small/125/125299.mp3,True
125312,International,5,data/fma_small/125/125312.mp3,True
125313,International,5,data/fma_small/125/125313.mp3,True
125314,International,5,data/fma_small/125/125314.mp3,True
125315,Electronic,0,data/fma_small/125/125315.mp3,True
125333,Experimental,1,data/fma_small/125/125333.mp3,True
125337,Experimental,1,data/fma_small/125/125337.mp3,True
125375,Pop,6,data/fma_small/125/125375.mp3,True
125377,Pop,6,data/fma_small/125/125377.mp3,True
125432,Rock,7,data/fma_small/125/125432.mp3,True
125551,Rock,7,data/fma_small/125/125551.mp3,True
125612,Instrumental,4,data/fma_small/125/125612.mp3,True
125614,Instrumental,4,data/fma_small/125/125614.mp3,True
125616,Instrumental,4,data/fma_small/125/125616.mp3,True
125617,Instrumental,4,data/fma_small/125/125617.mp3,True
125618,Instrumental,4,data/fma_small/125/125618.mp3,True
125620,Instrumental,4,data/fma_small/125/125620.mp3,True
125621,Instrumental,4,data/fma_small/125/125621.mp3,True
125622,Instrumental,4,data/fma_small/125/125622.mp3,True
125657,Instrumental,4,data/fma_small/125/125657.mp3,True
125659,Instrumental,4,data/fma_small/125/125659.mp3,True
125680,Instrumental,4,data/fma_small/125/125680.mp3,True
125681,Instrumental,4,data/fma_small/125/125681.mp3,True
125721,Pop,6,data/fma_small/125/125721.mp3,True
125722,Pop,6,data/fma_small/125/125722.mp3,True
125723,Pop,6,data/fma_small/125/125723.mp3,True
125774,Rock,7,data/fma_small/125/125774.mp3,True
125776,Rock,7,data/fma_small/125/125776.mp3,True
125777,Rock,7,data/fma_small/125/125777.mp3,True
125778,Rock,7,data/fma_small/125/125778.mp3,True
125779,Rock,7,data/fma_small/125/125779.mp3,True
125809,Instrumental,4,data/fma_small/125/125809.mp3,True
125812,Instrumental,4,data/fma_small/125/125812.mp3,True
125813,Instrumental,4,data/fma_small/125/125813.mp3,True
125814,Instrumental,4,data/fma_small/125/125814.mp3,True
125815,Instrumental,4,data/fma_small/125/125815.mp3,True
125816,Instrumental,4,data/fma_small/125/125816.mp3,True
125817,Instrumental,4,data/fma_small/125/125817.mp3,True
125818,Instrumental,4,data/fma_small/125/125818.mp3,True
125819,Instrumental,4,data/fma_small/125/125819.mp3,True
125820,Instrumental,4,data/fma_small/125/125820.mp3,True
125821,Instrumental,4,data/fma_small/125/125821.mp3,True
125822,Instrumental,4,data/fma_small/125/125822.mp3,True
125823,Instrumental,4,data/fma_small/125/125823.mp3,True
125824,Instrumental,4,data/fma_small/125/125824.mp3,True
125825,Instrumental,4,data/fma_small/125/125825.mp3,True
125826,Instrumental,4,data/fma_small/125/125826.mp3,True
125827,Instrumental,4,data/fma_small/125/125827.mp3,True
125999,Electronic,0,data/fma_small/125/125999.mp3,True
126014,Instrumental,4,data/fma_small/126/126014.mp3,True
126015,Instrumental,4,data/fma_small/126/126015.mp3,True
126016,Instrumental,4,data/fma_small/126/126016.mp3,True
126017,Instrumental,4,data/fma_small/126/126017.mp3,True
126018,Instrumental,4,data/fma_small/126/126018.mp3,True
126047,Rock,7,data/fma_small/126/126047.mp3,True
126055,Experimental,1,data/fma_small/126/126055.mp3,True
126102,Pop,6,data/fma_small/126/126102.mp3,True
126103,Pop,6,data/fma_small/126/126103.mp3,True
126104,Pop,6,data/fma_small/126/126104.mp3,True
126105,Pop,6,data/fma_small/126/126105.mp3,True
126180,Instrumental,4,data/fma_small/126/126180.mp3,True
126181,Instrumental,4,data/fma_small/126/126181.mp3,True
126182,Instrumental,4,data/fma_small/126/126182.mp3,True
126183,Instrumental,4,data/fma_small/126/126183.mp3,True
126185,Instrumental,4,data/fma_small/126/126185.mp3,True
126186,Instrumental,4,data/fma_small/126/126186.mp3,True
126187,Instrumental,4,data/fma_small/126/126187.mp3,True
126188,Instrumental,4,data/fma_small/126/126188.mp3,True
126189,Instrumental,4,data/fma_small/126/126189.mp3,True
126214,Instrumental,4,data/fma_small/126/126214.mp3,True
126215,Instrumental,4,data/fma_small/126/126215.mp3,True
126216,Instrumental,4,data/fma_small/126/126216.mp3,True
126217,Instrumental,4,data/fma_small/126/126217.mp3,True
126218,Instrumental,4,data/fma_small/126/126218.mp3,True
126219,Instrumental,4,data/fma_small/126/126219.mp3,True
126220,Instrumental,4,data/fma_small/126/126220.mp3,True
126221,Experimental,1,data/fma_small/126/126221.mp3,True
126223,Experimental,1,data/fma_small/126/126223.mp3,True
126224,Experimental,1,data/fma_small/126/126224.mp3,True
126225,Experimental,1,data/fma_small/126/126225.mp3,True
126226,Experimental,1,data/fma_small/126/126226.mp3,True
126227,Experimental,1,data/fma_small/126/126227.mp3,True
126229,Instrumental,4,data/fma_small/126/126229.mp3,True
126230,Instrumental,4,data/fma_small/126/126230.mp3,True
126231,Instrumental,4,data/fma_small/126/126231.mp3,True
126232,Instrumental,4,data/fma_small/126/126232.mp3,True
126233,Instrumental,4,data/fma_small/126/126233.mp3,True
126234,Instrumental,4,data/fma_small/126/126234.mp3,True
126240,Instrumental,4,data/fma_small/126/126240.mp3,True
126241,Instrumental,4,data/fma_small/126/126241.mp3,True
126242,Instrumental,4,data/fma_small/126/126242.mp3,True
126243,Instrumental,4,data/fma_small/126/126243.mp3,True
126276,Instrumental,4,data/fma_small/126/126276.mp3,True
126283,Instrumental,4,data/fma_small/126/126283.mp3,True
126289,Instrumental,4,data/fma_small/126/126289.mp3,True
126290,Instrumental,4,data/fma_small/126/126290.mp3,True
126291,Instrumental,4,data/fma_small/126/126291.mp3,True
126292,Electronic,0,data/fma_small/126/126292.mp3,True
126294,Rock,7,data/fma_small/126/126294.mp3,True
126295,Rock,7,data/fma_small/126/126295.mp3,True
126297,Rock,7,data/fma_small/126/126297.mp3,True
126300,Rock,7,data/fma_small/126/126300.mp3,True
126316,Instrumental,4,data/fma_small/126/126316.mp3,True
126317,Instrumental,4,data/fma_small/126/126317.mp3,True
126318,Instrumental,4,data/fma_small/126/126318.mp3,True
126319,Instrumental,4,data/fma_small/126/126319.mp3,True
126320,Instrumental,4,data/fma_small/126/126320.mp3,True
126321,Instrumental,4,data/fma_small/126/126321.mp3,True
126354,Pop,6,data/fma_small/126/126354.mp3,True
126357,Pop,6,data/fma_small/126/126357.mp3,True
126362,Pop,6,data/fma_small/126/126362.mp3,True
126398,Pop,6,data/fma_small/126/126398.mp3,True
126400,Pop,6,data/fma_small/126/126400.mp3,True
126401,Pop,6,data/fma_small/126/126401.mp3,True
126402,Pop,6,data/fma_small/126/126402.mp3,True
126403,Pop,6,data/fma_small/126/126403.mp3,True
126404,Pop,6,data/fma_small/126/126404.mp3,True
126405,Pop,6,data/fma_small/126/126405.mp3,True
126406,Pop,6,data/fma_small/126/126406.mp3,True
126407,Pop,6,data/fma_small/126/126407.mp3,True
126408,Instrumental,4,data/fma_small/126/126408.mp3,True
126409,Instrumental,4,data/fma_small/126/126409.mp3,True
126410,Instrumental,4,data/fma_small/126/126410.mp3,True
126411,Instrumental,4,data/fma_small/126/126411.mp3,True
126412,Instrumental,4,data/fma_small/126/126412.mp3,True
126413,Instrumental,4,data/fma_small/126/126413.mp3,True
126414,Instrumental,4,data/fma_small/126/126414.mp3,True
126415,Instrumental,4,data/fma_small/126/126415.mp3,True
126416,Instrumental,4,data/fma_small/126/126416.mp3,True
126417,Instrumental,4,data/fma_small/126/126417.mp3,True
126425,Pop,6,data/fma_small/126/126425.mp3,True
126426,Pop,6,data/fma_small/126/126426.mp3,True
126427,Pop,6,data/fma_small/126/126427.mp3,True
126428,Pop,6,data/fma_small/126/126428.mp3,True
126429,Pop,6,data/fma_small/126/126429.mp3,True
126430,Pop,6,data/fma_small/126/126430.mp3,True
126431,Pop,6,data/fma_small/126/126431.mp3,True
126455,Folk,2,data/fma_small/126/126455.mp3,True
126489,Folk,2,data/fma_small/126/126489.mp3,True
126490,Folk,2,data/fma_small/126/126490.mp3,True
126491,Folk,2,data/fma_small/126/126491.mp3,True
126505,Experimental,1,data/fma_small/126/126505.mp3,True
126506,Experimental,1,data/fma_small/126/126506.mp3,True
126507,Experimental,1,data/fma_small/126/126507.mp3,True
126508,Experimental,1,data/fma_small/126/126508.mp3,True
126510,Experimental,1,data/fma_small/126/126510.mp3,True
126512,Experimental,1,data/fma_small/126/126512.mp3,True
126516,Experimental,1,data/fma_small/126/126516.mp3,True
126519,Experimental,1,data/fma_small/126/126519.mp3,True
126520,Experimental,1,data/fma_small/126/126520.mp3,True
126521,Experimental,1,data/fma_small/126/126521.mp3,True
126522,Experimental,1,data/fma_small/126/126522.mp3,True
126550,Experimental,1,data/fma_small/126/126550.mp3,True
126557,Experimental,1,data/fma_small/126/126557.mp3,True
126559,Experimental,1,data/fma_small/126/126559.mp3,True
126584,Instrumental,4,data/fma_small/126/126584.mp3,True
126585,Instrumental,4,data/fma_small/126/126585.mp3,True
126586,Instrumental,4,data/fma_small/126/126586.mp3,True
126587,Instrumental,4,data/fma_small/126/126587.mp3,True
126588,Instrumental,4,data/fma_small/126/126588.mp3,True
126589,Instrumental,4,data/fma_small/126/126589.mp3,True
126598,Rock,7,data/fma_small/126/126598.mp3,True
126600,Experimental,1,data/fma_small/126/126600.mp3,True
126601,Experimental,1,data/fma_small/126/126601.mp3,True
126602,Experimental,1,data/fma_small/126/126602.mp3,True
126603,Experimental,1,data/fma_small/126/126603.mp3,True
126605,Experimental,1,data/fma_small/126/126605.mp3,True
126606,Experimental,1,data/fma_small/126/126606.mp3,True
126607,Experimental,1,data/fma_small/126/126607.mp3,True
126608,Experimental,1,data/fma_small/126/126608.mp3,True
126646,Instrumental,4,data/fma_small/126/126646.mp3,True
126666,Rock,7,data/fma_small/126/126666.mp3,True
126667,Rock,7,data/fma_small/126/126667.mp3,True
126668,Rock,7,data/fma_small/126/126668.mp3,True
126669,Rock,7,data/fma_small/126/126669.mp3,True
126670,Rock,7,data/fma_small/126/126670.mp3,True
126671,Rock,7,data/fma_small/126/126671.mp3,True
126672,Rock,7,data/fma_small/126/126672.mp3,True
126673,Rock,7,data/fma_small/126/126673.mp3,True
126674,Rock,7,data/fma_small/126/126674.mp3,True
126675,Rock,7,data/fma_small/126/126675.mp3,True
126676,Rock,7,data/fma_small/126/126676.mp3,True
126716,Instrumental,4,data/fma_small/126/126716.mp3,True
126717,Instrumental,4,data/fma_small/126/126717.mp3,True
126718,Instrumental,4,data/fma_small/126/126718.mp3,True
126719,Instrumental,4,data/fma_small/126/126719.mp3,True
126720,Instrumental,4,data/fma_small/126/126720.mp3,True
126743,Folk,2,data/fma_small/126/126743.mp3,True
126746,Folk,2,data/fma_small/126/126746.mp3,True
126747,Folk,2,data/fma_small/126/126747.mp3,True
126748,Folk,2,data/fma_small/126/126748.mp3,True
126749,Folk,2,data/fma_small/126/126749.mp3,True
126773,Electronic,0,data/fma_small/126/126773.mp3,True
126778,Folk,2,data/fma_small/126/126778.mp3,True
126781,Folk,2,data/fma_small/126/126781.mp3,True
126782,Folk,2,data/fma_small/126/126782.mp3,True
126786,Folk,2,data/fma_small/126/126786.mp3,True
126789,Folk,2,data/fma_small/126/126789.mp3,True
126790,Folk,2,data/fma_small/126/126790.mp3,True
126882,Instrumental,4,data/fma_small/126/126882.mp3,True
126883,Instrumental,4,data/fma_small/126/126883.mp3,True
126884,Instrumental,4,data/fma_small/126/126884.mp3,True
126885,Instrumental,4,data/fma_small/126/126885.mp3,True
126886,Instrumental,4,data/fma_small/126/126886.mp3,True
126887,Instrumental,4,data/fma_small/126/126887.mp3,True
126899,Electronic,0,data/fma_small/126/126899.mp3,True
126900,Electronic,0,data/fma_small/126/126900.mp3,True
126944,Rock,7,data/fma_small/126/126944.mp3,True
126979,Folk,2,data/fma_small/126/126979.mp3,True
127036,Instrumental,4,data/fma_small/127/127036.mp3,True
127037,Instrumental,4,data/fma_small/127/127037.mp3,True
127062,Folk,2,data/fma_small/127/127062.mp3,True
127066,Folk,2,data/fma_small/127/127066.mp3,True
127155,Experimental,1,data/fma_small/127/127155.mp3,True
127159,Electronic,0,data/fma_small/127/127159.mp3,True
127180,Pop,6,data/fma_small/127/127180.mp3,True
127181,Pop,6,data/fma_small/127/127181.mp3,True
127182,Pop,6,data/fma_small/127/127182.mp3,True
127183,Pop,6,data/fma_small/127/127183.mp3,True
127184,Pop,6,data/fma_small/127/127184.mp3,True
127185,Pop,6,data/fma_small/127/127185.mp3,True
127186,Pop,6,data/fma_small/127/127186.mp3,True
127187,Pop,6,data/fma_small/127/127187.mp3,True
127188,Pop,6,data/fma_small/127/127188.mp3,True
127189,Pop,6,data/fma_small/127/127189.mp3,True
127190,Folk,2,data/fma_small/127/127190.mp3,True
127191,Folk,2,data/fma_small/127/127191.mp3,True
127192,Folk,2,data/fma_small/127/127192.mp3,True
127193,Folk,2,data/fma_small/127/127193.mp3,True
127194,Folk,2,data/fma_small/127/127194.mp3,True
127203,Pop,6,data/fma_small/127/127203.mp3,True
127204,Pop,6,data/fma_small/127/127204.mp3,True
127205,Pop,6,data/fma_small/127/127205.mp3,True
127206,Pop,6,data/fma_small/127/127206.mp3,True
127207,Instrumental,4,data/fma_small/127/127207.mp3,True
127208,Instrumental,4,data/fma_small/127/127208.mp3,True
127209,Instrumental,4,data/fma_small/127/127209.mp3,True
127210,Instrumental,4,data/fma_small/127/127210.mp3,True
127211,Instrumental,4,data/fma_small/127/127211.mp3,True
127212,Instrumental,4,data/fma_small/127/127212.mp3,True
127263,Electronic,0,data/fma_small/127/127263.mp3,True
127265,Folk,2,data/fma_small/127/127265.mp3,True
127266,Folk,2,data/fma_small/127/127266.mp3,True
127267,Folk,2,data/fma_small/127/127267.mp3,True
127268,Pop,6,data/fma_small/127/127268.mp3,True
127269,Pop,6,data/fma_small/127/127269.mp3,True
127271,Pop,6,data/fma_small/127/127271.mp3,True
127273,Pop,6,data/fma_small/127/127273.mp3,True
127274,Pop,6,data/fma_small/127/127274.mp3,True
127275,Pop,6,data/fma_small/127/127275.mp3,True
127276,Pop,6,data/fma_small/127/127276.mp3,True
127277,Pop,6,data/fma_small/127/127277.mp3,True
127278,Pop,6,data/fma_small/127/127278.mp3,True
127279,Pop,6,data/fma_small/127/127279.mp3,True
127280,Pop,6,data/fma_small/127/127280.mp3,True
127281,Pop,6,data/fma_small/127/127281.mp3,True
127285,Pop,6,data/fma_small/127/127285.mp3,True
127286,Pop,6,data/fma_small/127/127286.mp3,True
127287,Pop,6,data/fma_small/127/127287.mp3,True
127288,Pop,6,data/fma_small/127/127288.mp3,True
127289,Pop,6,data/fma_small/127/127289.mp3,True
127290,Pop,6,data/fma_small/127/127290.mp3,True
127294,Pop,6,data/fma_small/127/127294.mp3,True
127295,Pop,6,data/fma_small/127/127295.mp3,True
127296,Pop,6,data/fma_small/127/127296.mp3,True
127297,Pop,6,data/fma_small/127/127297.mp3,True
127298,Pop,6,data/fma_small/127/127298.mp3,True
127299,Pop,6,data/fma_small/127/127299.mp3,True
127300,Pop,6,data/fma_small/127/127300.mp3,True
127301,Pop,6,data/fma_small/127/127301.mp3,True
127302,Pop,6,data/fma_small/127/127302.mp3,True
127303,Pop,6,data/fma_small/127/127303.mp3,True
127330,Rock,7,data/fma_small/127/127330.mp3,True
127331,Instrumental,4,data/fma_small/127/127331.mp3,True
127339,Rock,7,data/fma_small/127/127339.mp3,True
127343,Electronic,0,data/fma_small/127/127343.mp3,True
127349,Electronic,0,data/fma_small/127/127349.mp3,True
127350,Electronic,0,data/fma_small/127/127350.mp3,True
127356,International,5,data/fma_small/127/127356.mp3,True
127357,International,5,data/fma_small/127/127357.mp3,True
127358,International,5,data/fma_small/127/127358.mp3,True
127359,International,5,data/fma_small/127/127359.mp3,True
127360,International,5,data/fma_small/127/127360.mp3,True
127402,Experimental,1,data/fma_small/127/127402.mp3,True
127422,Experimental,1,data/fma_small/127/127422.mp3,True
127469,Experimental,1,data/fma_small/127/127469.mp3,True
127484,Experimental,1,data/fma_small/127/127484.mp3,True
127494,Instrumental,4,data/fma_small/127/127494.mp3,True
127495,Instrumental,4,data/fma_small/127/127495.mp3,True
127496,Instrumental,4,data/fma_small/127/127496.mp3,True
127497,Instrumental,4,data/fma_small/127/127497.mp3,True
127498,Instrumental,4,data/fma_small/127/127498.mp3,True
127499,Instrumental,4,data/fma_small/127/127499.mp3,True
127519,Instrumental,4,data/fma_small/127/127519.mp3,True
127520,Instrumental,4,data/fma_small/127/127520.mp3,True
127532,Experimental,1,data/fma_small/127/127532.mp3,True
127541,Experimental,1,data/fma_small/127/127541.mp3,True
127542,Experimental,1,data/fma_small/127/127542.mp3,True
127559,Rock,7,data/fma_small/127/127559.mp3,True
127620,Pop,6,data/fma_small/127/127620.mp3,True
127623,Pop,6,data/fma_small/127/127623.mp3,True
127648,Instrumental,4,data/fma_small/127/127648.mp3,True
127660,Instrumental,4,data/fma_small/127/127660.mp3,True
127661,Instrumental,4,data/fma_small/127/127661.mp3,True
127662,Instrumental,4,data/fma_small/127/127662.mp3,True
127663,Instrumental,4,data/fma_small/127/127663.mp3,True
127720,Rock,7,data/fma_small/127/127720.mp3,True
127722,Folk,2,data/fma_small/127/127722.mp3,True
127726,Folk,2,data/fma_small/127/127726.mp3,True
127798,Experimental,1,data/fma_small/127/127798.mp3,True
127804,Electronic,0,data/fma_small/127/127804.mp3,True
127806,Electronic,0,data/fma_small/127/127806.mp3,True
127865,International,5,data/fma_small/127/127865.mp3,True
127866,International,5,data/fma_small/127/127866.mp3,True
127867,International,5,data/fma_small/127/127867.mp3,True
127868,International,5,data/fma_small/127/127868.mp3,True
127869,International,5,data/fma_small/127/127869.mp3,True
127870,International,5,data/fma_small/127/127870.mp3,True
127871,International,5,data/fma_small/127/127871.mp3,True
127878,Experimental,1,data/fma_small/127/127878.mp3,True
127908,Pop,6,data/fma_small/127/127908.mp3,True
127909,Pop,6,data/fma_small/127/127909.mp3,True
127910,Pop,6,data/fma_small/127/127910.mp3,True
127911,Pop,6,data/fma_small/127/127911.mp3,True
127912,Pop,6,data/fma_small/127/127912.mp3,True
127913,Pop,6,data/fma_small/127/127913.mp3,True
127914,Pop,6,data/fma_small/127/127914.mp3,True
127915,Pop,6,data/fma_small/127/127915.mp3,True
127916,Folk,2,data/fma_small/127/127916.mp3,True
127936,Electronic,0,data/fma_small/127/127936.mp3,True
127996,Instrumental,4,data/fma_small/127/127996.mp3,True
128441,Hip-Hop,3,data/fma_small/128/128441.mp3,True
128443,Hip-Hop,3,data/fma_small/128/128443.mp3,True
128448,Rock,7,data/fma_small/128/128448.mp3,True
128469,Instrumental,4,data/fma_small/128/128469.mp3,True
128470,Instrumental,4,data/fma_small/128/128470.mp3,True
128471,Instrumental,4,data/fma_small/128/128471.mp3,True
128472,Instrumental,4,data/fma_small/128/128472.mp3,True
128473,Instrumental,4,data/fma_small/128/128473.mp3,True
128476,Pop,6,data/fma_small/128/128476.mp3,True
128477,Pop,6,data/fma_small/128/128477.mp3,True
128482,Pop,6,data/fma_small/128/128482.mp3,True
128484,Pop,6,data/fma_small/128/128484.mp3,True
128494,Hip-Hop,3,data/fma_small/128/128494.mp3,True
128500,Folk,2,data/fma_small/128/128500.mp3,True
128504,Rock,7,data/fma_small/128/128504.mp3,True
128619,Instrumental,4,data/fma_small/128/128619.mp3,True
128666,Hip-Hop,3,data/fma_small/128/128666.mp3,True
128668,Hip-Hop,3,data/fma_small/128/128668.mp3,True
128699,Rock,7,data/fma_small/128/128699.mp3,True
128709,Rock,7,data/fma_small/128/128709.mp3,True
128710,Rock,7,data/fma_small/128/128710.mp3,True
128711,Rock,7,data/fma_small/128/128711.mp3,True
128758,Electronic,0,data/fma_small/128/128758.mp3,True
128759,Electronic,0,data/fma_small/128/128759.mp3,True
128760,Electronic,0,data/fma_small/128/128760.mp3,True
128799,Experimental,1,data/fma_small/128/128799.mp3,True
128811,Instrumental,4,data/fma_small/128/128811.mp3,True
128812,Instrumental,4,data/fma_small/128/128812.mp3,True
128813,Instrumental,4,data/fma_small/128/128813.mp3,True
128814,Instrumental,4,data/fma_small/128/128814.mp3,True
128815,Instrumental,4,data/fma_small/128/128815.mp3,True
128816,Instrumental,4,data/fma_small/128/128816.mp3,True
128825,Experimental,1,data/fma_small/128/128825.mp3,True
128827,Experimental,1,data/fma_small/128/128827.mp3,True
128828,Experimental,1,data/fma_small/128/128828.mp3,True
128835,Experimental,1,data/fma_small/128/128835.mp3,True
128845,Experimental,1,data/fma_small/128/128845.mp3,True
128878,Experimental,1,data/fma_small/128/128878.mp3,True
128879,Experimental,1,data/fma_small/128/128879.mp3,True
128880,Experimental,1,data/fma_small/128/128880.mp3,True
128881,Experimental,1,data/fma_small/128/128881.mp3,True
128882,Experimental,1,data/fma_small/128/128882.mp3,True
128885,Instrumental,4,data/fma_small/128/128885.mp3,True
128886,Instrumental,4,data/fma_small/128/128886.mp3,True
128887,Instrumental,4,data/fma_small/128/128887.mp3,True
128888,Instrumental,4,data/fma_small/128/128888.mp3,True
128927,Hip-Hop,3,data/fma_small/128/128927.mp3,True
128992,Experimental,1,data/fma_small/128/128992.mp3,True
129039,Instrumental,4,data/fma_small/129/129039.mp3,True
129040,Instrumental,4,data/fma_small/129/129040.mp3,True
129042,Instrumental,4,data/fma_small/129/129042.mp3,True
129043,Instrumental,4,data/fma_small/129/129043.mp3,True
129044,Instrumental,4,data/fma_small/129/129044.mp3,True
129046,Rock,7,data/fma_small/129/129046.mp3,True
129048,Pop,6,data/fma_small/129/129048.mp3,True
129049,Pop,6,data/fma_small/129/129049.mp3,True
129051,Pop,6,data/fma_small/129/129051.mp3,True
129052,Pop,6,data/fma_small/129/129052.mp3,True
129053,Pop,6,data/fma_small/129/129053.mp3,True
129054,Pop,6,data/fma_small/129/129054.mp3,True
129055,Pop,6,data/fma_small/129/129055.mp3,True
129056,Pop,6,data/fma_small/129/129056.mp3,True
129088,Rock,7,data/fma_small/129/129088.mp3,True
129089,Rock,7,data/fma_small/129/129089.mp3,True
129090,Rock,7,data/fma_small/129/129090.mp3,True
129091,Rock,7,data/fma_small/129/129091.mp3,True
129092,Rock,7,data/fma_small/129/129092.mp3,True
129093,Rock,7,data/fma_small/129/129093.mp3,True
129094,Rock,7,data/fma_small/129/129094.mp3,True
129095,Rock,7,data/fma_small/129/129095.mp3,True
129096,Rock,7,data/fma_small/129/129096.mp3,True
129097,Rock,7,data/fma_small/129/129097.mp3,True
129098,Rock,7,data/fma_small/129/129098.mp3,True
129184,Instrumental,4,data/fma_small/129/129184.mp3,True
129185,Instrumental,4,data/fma_small/129/129185.mp3,True
129186,Instrumental,4,data/fma_small/129/129186.mp3,True
129187,Instrumental,4,data/fma_small/129/129187.mp3,True
129188,Instrumental,4,data/fma_small/129/129188.mp3,True
129189,Instrumental,4,data/fma_small/129/129189.mp3,True
129190,Instrumental,4,data/fma_small/129/129190.mp3,True
129268,Rock,7,data/fma_small/129/129268.mp3,True
129362,Pop,6,data/fma_small/129/129362.mp3,True
129372,Pop,6,data/fma_small/129/129372.mp3,True
129374,Pop,6,data/fma_small/129/129374.mp3,True
129375,Pop,6,data/fma_small/129/129375.mp3,True
129391,Pop,6,data/fma_small/129/129391.mp3,True
129392,Pop,6,data/fma_small/129/129392.mp3,True
129393,Pop,6,data/fma_small/129/129393.mp3,True
129395,International,5,data/fma_small/129/129395.mp3,True
129396,International,5,data/fma_small/129/129396.mp3,True
129397,International,5,data/fma_small/129/129397.mp3,True
129398,International,5,data/fma_small/129/129398.mp3,True
129399,Rock,7,data/fma_small/129/129399.mp3,True
129400,International,5,data/fma_small/129/129400.mp3,True
129401,International,5,data/fma_small/129/129401.mp3,True
129402,International,5,data/fma_small/129/129402.mp3,True
129403,International,5,data/fma_small/129/129403.mp3,True
129404,International,5,data/fma_small/129/129404.mp3,True
129405,International,5,data/fma_small/129/129405.mp3,True
129406,International,5,data/fma_small/129/129406.mp3,True
129407,International,5,data/fma_small/129/129407.mp3,True
129439,Folk,2,data/fma_small/129/129439.mp3,True
129442,Folk,2,data/fma_small/129/129442.mp3,True
129444,Folk,2,data/fma_small/129/129444.mp3,True
129620,Experimental,1,data/fma_small/129/129620.mp3,True
129622,Experimental,1,data/fma_small/129/129622.mp3,True
129624,Experimental,1,data/fma_small/129/129624.mp3,True
129674,Hip-Hop,3,data/fma_small/129/129674.mp3,True
129675,Hip-Hop,3,data/fma_small/129/129675.mp3,True
129683,Folk,2,data/fma_small/129/129683.mp3,True
129694,Folk,2,data/fma_small/129/129694.mp3,True
129695,Folk,2,data/fma_small/129/129695.mp3,True
129696,Folk,2,data/fma_small/129/129696.mp3,True
129742,Electronic,0,data/fma_small/129/129742.mp3,True
129806,Hip-Hop,3,data/fma_small/129/129806.mp3,True
129807,Hip-Hop,3,data/fma_small/129/129807.mp3,True
129808,Hip-Hop,3,data/fma_small/129/129808.mp3,True
129816,International,5,data/fma_small/129/129816.mp3,True
129874,International,5,data/fma_small/129/129874.mp3,True
129875,International,5,data/fma_small/129/129875.mp3,True
129876,International,5,data/fma_small/129/129876.mp3,True
129879,International,5,data/fma_small/129/129879.mp3,True
129880,International,5,data/fma_small/129/129880.mp3,True
129882,International,5,data/fma_small/129/129882.mp3,True
129883,International,5,data/fma_small/129/129883.mp3,True
129884,International,5,data/fma_small/129/129884.mp3,True
129885,International,5,data/fma_small/129/129885.mp3,True
129886,International,5,data/fma_small/129/129886.mp3,True
129887,International,5,data/fma_small/129/129887.mp3,True
129889,International,5,data/fma_small/129/129889.mp3,True
129904,Hip-Hop,3,data/fma_small/129/129904.mp3,True
129910,Hip-Hop,3,data/fma_small/129/129910.mp3,True
129914,Hip-Hop,3,data/fma_small/129/129914.mp3,True
129915,Hip-Hop,3,data/fma_small/129/129915.mp3,True
129918,Hip-Hop,3,data/fma_small/129/129918.mp3,True
129919,Hip-Hop,3,data/fma_small/129/129919.mp3,True
129920,Hip-Hop,3,data/fma_small/129/129920.mp3,True
129922,International,5,data/fma_small/129/129922.mp3,True
129923,International,5,data/fma_small/129/129923.mp3,True
129924,International,5,data/fma_small/129/129924.mp3,True
129925,International,5,data/fma_small/129/129925.mp3,True
129926,International,5,data/fma_small/129/129926.mp3,True
129927,International,5,data/fma_small/129/129927.mp3,True
129962,Rock,7,data/fma_small/129/129962.mp3,True
129968,Rock,7,data/fma_small/129/129968.mp3,True
129969,Rock,7,data/fma_small/129/129969.mp3,True
129970,Rock,7,data/fma_small/129/129970.mp3,True
129972,Rock,7,data/fma_small/129/129972.mp3,True
129973,Rock,7,data/fma_small/129/129973.mp3,True
129997,Rock,7,data/fma_small/129/129997.mp3,True
130016,Rock,7,data/fma_small/130/130016.mp3,True
130084,Rock,7,data/fma_small/130/130084.mp3,True
130129,Electronic,0,data/fma_small/130/130129.mp3,True
130130,Electronic,0,data/fma_small/130/130130.mp3,True
130131,Electronic,0,data/fma_small/130/130131.mp3,True
130132,Electronic,0,data/fma_small/130/130132.mp3,True
130133,Electronic,0,data/fma_small/130/130133.mp3,True
130134,Electronic,0,data/fma_small/130/130134.mp3,True
130135,Electronic,0,data/fma_small/130/130135.mp3,True
130136,Electronic,0,data/fma_small/130/130136.mp3,True
130137,Electronic,0,data/fma_small/130/130137.mp3,True
130168,Hip-Hop,3,data/fma_small/130/130168.mp3,True
130170,Hip-Hop,3,data/fma_small/130/130170.mp3,True
130218,Hip-Hop,3,data/fma_small/130/130218.mp3,True
130265,Pop,6,data/fma_small/130/130265.mp3,True
130347,Folk,2,data/fma_small/130/130347.mp3,True
130349,Folk,2,data/fma_small/130/130349.mp3,True
130367,Pop,6,data/fma_small/130/130367.mp3,True
130368,Pop,6,data/fma_small/130/130368.mp3,True
130369,Pop,6,data/fma_small/130/130369.mp3,True
130370,Pop,6,data/fma_small/130/130370.mp3,True
130371,Pop,6,data/fma_small/130/130371.mp3,True
130372,Pop,6,data/fma_small/130/130372.mp3,True
130440,Hip-Hop,3,data/fma_small/130/130440.mp3,True
130454,Hip-Hop,3,data/fma_small/130/130454.mp3,True
130456,Hip-Hop,3,data/fma_small/130/130456.mp3,True
130650,Hip-Hop,3,data/fma_small/130/130650.mp3,True
130667,Folk,2,data/fma_small/130/130667.mp3,True
130682,Rock,7,data/fma_small/130/130682.mp3,True
130683,Rock,7,data/fma_small/130/130683.mp3,True
130689,Rock,7,data/fma_small/130/130689.mp3,True
130691,Rock,7,data/fma_small/130/130691.mp3,True
130692,Rock,7,data/fma_small/130/130692.mp3,True
130693,Rock,7,data/fma_small/130/130693.mp3,True
130702,Hip-Hop,3,data/fma_small/130/130702.mp3,True
130709,Hip-Hop,3,data/fma_small/130/130709.mp3,True
130710,Hip-Hop,3,data/fma_small/130/130710.mp3,True
130711,Hip-Hop,3,data/fma_small/130/130711.mp3,True
130752,Instrumental,4,data/fma_small/130/130752.mp3,True
130758,Folk,2,data/fma_small/130/130758.mp3,True
130920,Electronic,0,data/fma_small/130/130920.mp3,True
130921,Electronic,0,data/fma_small/130/130921.mp3,True
130922,Electronic,0,data/fma_small/130/130922.mp3,True
130923,Electronic,0,data/fma_small/130/130923.mp3,True
130927,Instrumental,4,data/fma_small/130/130927.mp3,True
130929,Instrumental,4,data/fma_small/130/130929.mp3,True
130930,Instrumental,4,data/fma_small/130/130930.mp3,True
130931,Instrumental,4,data/fma_small/130/130931.mp3,True
130932,Instrumental,4,data/fma_small/130/130932.mp3,True
130933,Instrumental,4,data/fma_small/130/130933.mp3,True
130934,Instrumental,4,data/fma_small/130/130934.mp3,True
130937,Folk,2,data/fma_small/130/130937.mp3,True
130940,Folk,2,data/fma_small/130/130940.mp3,True
130944,Folk,2,data/fma_small/130/130944.mp3,True
130945,Folk,2,data/fma_small/130/130945.mp3,True
130948,Folk,2,data/fma_small/130/130948.mp3,True
130950,Folk,2,data/fma_small/130/130950.mp3,True
130951,Folk,2,data/fma_small/130/130951.mp3,True
130952,Folk,2,data/fma_small/130/130952.mp3,True
130953,Folk,2,data/fma_small/130/130953.mp3,True
130954,Folk,2,data/fma_small/130/130954.mp3,True
130955,Folk,2,data/fma_small/130/130955.mp3,True
130956,Folk,2,data/fma_small/130/130956.mp3,True
130963,Folk,2,data/fma_small/130/130963.mp3,True
130964,Folk,2,data/fma_small/130/130964.mp3,True
130986,Experimental,1,data/fma_small/130/130986.mp3,True
130988,Instrumental,4,data/fma_small/130/130988.mp3,True
130989,Instrumental,4,data/fma_small/130/130989.mp3,True
130990,Instrumental,4,data/fma_small/130/130990.mp3,True
130991,Instrumental,4,data/fma_small/130/130991.mp3,True
130992,Instrumental,4,data/fma_small/130/130992.mp3,True
130993,Instrumental,4,data/fma_small/130/130993.mp3,True
131016,Hip-Hop,3,data/fma_small/131/131016.mp3,True
131019,Hip-Hop,3,data/fma_small/131/131019.mp3,True
131020,Hip-Hop,3,data/fma_small/131/131020.mp3,True
131021,Hip-Hop,3,data/fma_small/131/131021.mp3,True
131024,Experimental,1,data/fma_small/131/131024.mp3,True
131166,Rock,7,data/fma_small/131/131166.mp3,True
131292,Rock,7,data/fma_small/131/131292.mp3,True
131323,Instrumental,4,data/fma_small/131/131323.mp3,True
131324,Instrumental,4,data/fma_small/131/131324.mp3,True
131325,Instrumental,4,data/fma_small/131/131325.mp3,True
131326,Instrumental,4,data/fma_small/131/131326.mp3,True
131327,Instrumental,4,data/fma_small/131/131327.mp3,True
131385,Experimental,1,data/fma_small/131/131385.mp3,True
131410,Experimental,1,data/fma_small/131/131410.mp3,True
131422,Hip-Hop,3,data/fma_small/131/131422.mp3,True
131425,Hip-Hop,3,data/fma_small/131/131425.mp3,True
131426,Hip-Hop,3,data/fma_small/131/131426.mp3,True
131436,Pop,6,data/fma_small/131/131436.mp3,True
131439,Pop,6,data/fma_small/131/131439.mp3,True
131444,Pop,6,data/fma_small/131/131444.mp3,True
131446,Pop,6,data/fma_small/131/131446.mp3,True
131448,Pop,6,data/fma_small/131/131448.mp3,True
131449,Pop,6,data/fma_small/131/131449.mp3,True
131451,Pop,6,data/fma_small/131/131451.mp3,True
131452,Pop,6,data/fma_small/131/131452.mp3,True
131453,Pop,6,data/fma_small/131/131453.mp3,True
131454,Pop,6,data/fma_small/131/131454.mp3,True
131476,Instrumental,4,data/fma_small/131/131476.mp3,True
131536,Rock,7,data/fma_small/131/131536.mp3,True
131540,Experimental,1,data/fma_small/131/131540.mp3,True
131552,Rock,7,data/fma_small/131/131552.mp3,True
131553,Rock,7,data/fma_small/131/131553.mp3,True
131554,Rock,7,data/fma_small/131/131554.mp3,True
131567,Experimental,1,data/fma_small/131/131567.mp3,True
131624,Experimental,1,data/fma_small/131/131624.mp3,True
131656,Rock,7,data/fma_small/131/131656.mp3,True
131657,Rock,7,data/fma_small/131/131657.mp3,True
131658,Rock,7,data/fma_small/131/131658.mp3,True
131764,Pop,6,data/fma_small/131/131764.mp3,True
131767,Pop,6,data/fma_small/131/131767.mp3,True
131770,Pop,6,data/fma_small/131/131770.mp3,True
131771,Pop,6,data/fma_small/131/131771.mp3,True
131772,Pop,6,data/fma_small/131/131772.mp3,True
131773,Pop,6,data/fma_small/131/131773.mp3,True
131774,Pop,6,data/fma_small/131/131774.mp3,True
131787,Instrumental,4,data/fma_small/131/131787.mp3,True
131789,Instrumental,4,data/fma_small/131/131789.mp3,True
131791,Instrumental,4,data/fma_small/131/131791.mp3,True
131792,Instrumental,4,data/fma_small/131/131792.mp3,True
131794,Instrumental,4,data/fma_small/131/131794.mp3,True
131795,Instrumental,4,data/fma_small/131/131795.mp3,True
131796,Instrumental,4,data/fma_small/131/131796.mp3,True
131797,Instrumental,4,data/fma_small/131/131797.mp3,True
131837,Instrumental,4,data/fma_small/131/131837.mp3,True
131897,Folk,2,data/fma_small/131/131897.mp3,True
131899,Folk,2,data/fma_small/131/131899.mp3,True
131900,Folk,2,data/fma_small/131/131900.mp3,True
131901,Folk,2,data/fma_small/131/131901.mp3,True
131902,Folk,2,data/fma_small/131/131902.mp3,True
131903,Folk,2,data/fma_small/131/131903.mp3,True
131904,Folk,2,data/fma_small/131/131904.mp3,True
131911,Instrumental,4,data/fma_small/131/131911.mp3,True
131912,Instrumental,4,data/fma_small/131/131912.mp3,True
131913,Instrumental,4,data/fma_small/131/131913.mp3,True
131914,Instrumental,4,data/fma_small/131/131914.mp3,True
131917,Instrumental,4,data/fma_small/131/131917.mp3,True
131918,Instrumental,4,data/fma_small/131/131918.mp3,True
131919,Instrumental,4,data/fma_small/131/131919.mp3,True
131922,Instrumental,4,data/fma_small/131/131922.mp3,True
131923,Instrumental,4,data/fma_small/131/131923.mp3,True
131924,Instrumental,4,data/fma_small/131/131924.mp3,True
131925,Instrumental,4,data/fma_small/131/131925.mp3,True
131932,International,5,data/fma_small/131/131932.mp3,True
131933,International,5,data/fma_small/131/131933.mp3,True
131934,International,5,data/fma_small/131/131934.mp3,True
131935,International,5,data/fma_small/131/131935.mp3,True
131936,International,5,data/fma_small/131/131936.mp3,True
131938,International,5,data/fma_small/131/131938.mp3,True
131939,International,5,data/fma_small/131/131939.mp3,True
131940,International,5,data/fma_small/131/131940.mp3,True
131941,International,5,data/fma_small/131/131941.mp3,True
131942,International,5,data/fma_small/131/131942.mp3,True
131950,International,5,data/fma_small/131/131950.mp3,True
131951,International,5,data/fma_small/131/131951.mp3,True
131952,International,5,data/fma_small/131/131952.mp3,True
131953,International,5,data/fma_small/131/131953.mp3,True
131978,Rock,7,data/fma_small/131/131978.mp3,True
131979,Rock,7,data/fma_small/131/131979.mp3,True
131980,Instrumental,4,data/fma_small/131/131980.mp3,True
131982,Instrumental,4,data/fma_small/131/131982.mp3,True
131983,Instrumental,4,data/fma_small/131/131983.mp3,True
131984,Instrumental,4,data/fma_small/131/131984.mp3,True
131985,Instrumental,4,data/fma_small/131/131985.mp3,True
131986,Instrumental,4,data/fma_small/131/131986.mp3,True
132019,Experimental,1,data/fma_small/132/132019.mp3,True
132040,Folk,2,data/fma_small/132/132040.mp3,True
132041,Folk,2,data/fma_small/132/132041.mp3,True
132042,Folk,2,data/fma_small/132/132042.mp3,True
132045,Folk,2,data/fma_small/132/132045.mp3,True
132117,Hip-Hop,3,data/fma_small/132/132117.mp3,True
132118,Hip-Hop,3,data/fma_small/132/132118.mp3,True
132122,Pop,6,data/fma_small/132/132122.mp3,True
132134,Electronic,0,data/fma_small/132/132134.mp3,True
132138,Electronic,0,data/fma_small/132/132138.mp3,True
132139,International,5,data/fma_small/132/132139.mp3,True
132140,International,5,data/fma_small/132/132140.mp3,True
132141,International,5,data/fma_small/132/132141.mp3,True
132142,International,5,data/fma_small/132/132142.mp3,True
132171,Rock,7,data/fma_small/132/132171.mp3,True
132272,Experimental,1,data/fma_small/132/132272.mp3,True
132310,Instrumental,4,data/fma_small/132/132310.mp3,True
132420,Electronic,0,data/fma_small/132/132420.mp3,True
132424,Experimental,1,data/fma_small/132/132424.mp3,True
132434,Experimental,1,data/fma_small/132/132434.mp3,True
132436,Experimental,1,data/fma_small/132/132436.mp3,True
132448,Electronic,0,data/fma_small/132/132448.mp3,True
132449,Folk,2,data/fma_small/132/132449.mp3,True
132453,Folk,2,data/fma_small/132/132453.mp3,True
132454,Folk,2,data/fma_small/132/132454.mp3,True
132455,Folk,2,data/fma_small/132/132455.mp3,True
132456,Folk,2,data/fma_small/132/132456.mp3,True
132561,Instrumental,4,data/fma_small/132/132561.mp3,True
132566,Instrumental,4,data/fma_small/132/132566.mp3,True
132567,Instrumental,4,data/fma_small/132/132567.mp3,True
132568,Instrumental,4,data/fma_small/132/132568.mp3,True
132589,Experimental,1,data/fma_small/132/132589.mp3,True
132675,Instrumental,4,data/fma_small/132/132675.mp3,True
132677,Instrumental,4,data/fma_small/132/132677.mp3,True
132678,Instrumental,4,data/fma_small/132/132678.mp3,True
132679,Instrumental,4,data/fma_small/132/132679.mp3,True
132773,Electronic,0,data/fma_small/132/132773.mp3,True
132774,Electronic,0,data/fma_small/132/132774.mp3,True
132775,Electronic,0,data/fma_small/132/132775.mp3,True
132778,Pop,6,data/fma_small/132/132778.mp3,True
132779,Pop,6,data/fma_small/132/132779.mp3,True
132781,Pop,6,data/fma_small/132/132781.mp3,True
132784,Pop,6,data/fma_small/132/132784.mp3,True
132786,Pop,6,data/fma_small/132/132786.mp3,True
132787,Pop,6,data/fma_small/132/132787.mp3,True
132788,Pop,6,data/fma_small/132/132788.mp3,True
132789,Pop,6,data/fma_small/132/132789.mp3,True
132790,Pop,6,data/fma_small/132/132790.mp3,True
132791,Pop,6,data/fma_small/132/132791.mp3,True
132792,Pop,6,data/fma_small/132/132792.mp3,True
132793,Pop,6,data/fma_small/132/132793.mp3,True
132794,Pop,6,data/fma_small/132/132794.mp3,True
132795,Pop,6,data/fma_small/132/132795.mp3,True
132914,Rock,7,data/fma_small/132/132914.mp3,True
132954,Hip-Hop,3,data/fma_small/132/132954.mp3,True
132961,Hip-Hop,3,data/fma_small/132/132961.mp3,True
132962,Hip-Hop,3,data/fma_small/132/132962.mp3,True
132963,Hip-Hop,3,data/fma_small/132/132963.mp3,True
132964,Hip-Hop,3,data/fma_small/132/132964.mp3,True
132965,Hip-Hop,3,data/fma_small/132/132965.mp3,True
133015,Electronic,0,data/fma_small/133/133015.mp3,True
133016,Electronic,0,data/fma_small/133/133016.mp3,True
133019,Electronic,0,data/fma_small/133/133019.mp3,True
133020,Electronic,0,data/fma_small/133/133020.mp3,True
133022,Electronic,0,data/fma_small/133/133022.mp3,True
133023,Electronic,0,data/fma_small/133/133023.mp3,True
133024,Electronic,0,data/fma_small/133/133024.mp3,True
133025,Electronic,0,data/fma_small/133/133025.mp3,True
133026,Electronic,0,data/fma_small/133/133026.mp3,True
133027,Electronic,0,data/fma_small/133/133027.mp3,True
133028,Electronic,0,data/fma_small/133/133028.mp3,True
133029,Electronic,0,data/fma_small/133/133029.mp3,True
133100,Instrumental,4,data/fma_small/133/133100.mp3,True
133102,Instrumental,4,data/fma_small/133/133102.mp3,True
133272,Rock,7,data/fma_small/133/133272.mp3,True
133273,Rock,7,data/fma_small/133/133273.mp3,True
133274,Rock,7,data/fma_small/133/133274.mp3,True
133275,Rock,7,data/fma_small/133/133275.mp3,True
133276,Rock,7,data/fma_small/133/133276.mp3,True
133293,Experimental,1,data/fma_small/133/133293.mp3,True
133294,Experimental,1,data/fma_small/133/133294.mp3,True
133332,Experimental,1,data/fma_small/133/133332.mp3,True
133333,Experimental,1,data/fma_small/133/133333.mp3,True
133431,Instrumental,4,data/fma_small/133/133431.mp3,True
133432,Instrumental,4,data/fma_small/133/133432.mp3,True
133433,Instrumental,4,data/fma_small/133/133433.mp3,True
133434,Instrumental,4,data/fma_small/133/133434.mp3,True
133435,Instrumental,4,data/fma_small/133/133435.mp3,True
133436,Instrumental,4,data/fma_small/133/133436.mp3,True
133437,Instrumental,4,data/fma_small/133/133437.mp3,True
133438,Instrumental,4,data/fma_small/133/133438.mp3,True
133439,Instrumental,4,data/fma_small/133/133439.mp3,True
133440,Instrumental,4,data/fma_small/133/133440.mp3,True
133441,Instrumental,4,data/fma_small/133/133441.mp3,True
133442,Instrumental,4,data/fma_small/133/133442.mp3,True
133443,Instrumental,4,data/fma_small/133/133443.mp3,True
133444,Instrumental,4,data/fma_small/133/133444.mp3,True
133445,Instrumental,4,data/fma_small/133/133445.mp3,True
133446,Instrumental,4,data/fma_small/133/133446.mp3,True
133447,Instrumental,4,data/fma_small/133/133447.mp3,True
133448,Instrumental,4,data/fma_small/133/133448.mp3,True
133449,Instrumental,4,data/fma_small/133/133449.mp3,True
133450,Instrumental,4,data/fma_small/133/133450.mp3,True
133451,Instrumental,4,data/fma_small/133/133451.mp3,True
133452,Instrumental,4,data/fma_small/133/133452.mp3,True
133453,Instrumental,4,data/fma_small/133/133453.mp3,True
133454,Instrumental,4,data/fma_small/133/133454.mp3,True
133455,Instrumental,4,data/fma_small/133/133455.mp3,True
133456,Instrumental,4,data/fma_small/133/133456.mp3,True
133457,Instrumental,4,data/fma_small/133/133457.mp3,True
133459,Instrumental,4,data/fma_small/133/133459.mp3,True
133479,Rock,7,data/fma_small/133/133479.mp3,True
133535,Instrumental,4,data/fma_small/133/133535.mp3,True
133537,Instrumental,4,data/fma_small/133/133537.mp3,True
133538,Instrumental,4,data/fma_small/133/133538.mp3,True
133544,Instrumental,4,data/fma_small/133/133544.mp3,True
133545,Instrumental,4,data/fma_small/133/133545.mp3,True
133546,Instrumental,4,data/fma_small/133/133546.mp3,True
133551,Instrumental,4,data/fma_small/133/133551.mp3,True
133553,Instrumental,4,data/fma_small/133/133553.mp3,True
133560,Instrumental,4,data/fma_small/133/133560.mp3,True
133561,Instrumental,4,data/fma_small/133/133561.mp3,True
133562,Instrumental,4,data/fma_small/133/133562.mp3,True
133563,Instrumental,4,data/fma_small/133/133563.mp3,True
133564,Instrumental,4,data/fma_small/133/133564.mp3,True
133567,Instrumental,4,data/fma_small/133/133567.mp3,True
133571,Instrumental,4,data/fma_small/133/133571.mp3,True
133572,Instrumental,4,data/fma_small/133/133572.mp3,True
133573,Instrumental,4,data/fma_small/133/133573.mp3,True
133574,Instrumental,4,data/fma_small/133/133574.mp3,True
133576,Instrumental,4,data/fma_small/133/133576.mp3,True
133579,Instrumental,4,data/fma_small/133/133579.mp3,True
133580,Instrumental,4,data/fma_small/133/133580.mp3,True
133632,Rock,7,data/fma_small/133/133632.mp3,True
133638,Folk,2,data/fma_small/133/133638.mp3,True
133639,Folk,2,data/fma_small/133/133639.mp3,True
133681,Instrumental,4,data/fma_small/133/133681.mp3,True
133729,Rock,7,data/fma_small/133/133729.mp3,True
133731,Rock,7,data/fma_small/133/133731.mp3,True
133770,Experimental,1,data/fma_small/133/133770.mp3,True
133772,Rock,7,data/fma_small/133/133772.mp3,True
133780,Folk,2,data/fma_small/133/133780.mp3,True
133781,Folk,2,data/fma_small/133/133781.mp3,True
133788,Folk,2,data/fma_small/133/133788.mp3,True
133793,Folk,2,data/fma_small/133/133793.mp3,True
133798,Folk,2,data/fma_small/133/133798.mp3,True
133802,Folk,2,data/fma_small/133/133802.mp3,True
133803,Folk,2,data/fma_small/133/133803.mp3,True
133833,Rock,7,data/fma_small/133/133833.mp3,True
133835,International,5,data/fma_small/133/133835.mp3,True
133836,International,5,data/fma_small/133/133836.mp3,True
133837,International,5,data/fma_small/133/133837.mp3,True
133838,International,5,data/fma_small/133/133838.mp3,True
133916,Experimental,1,data/fma_small/133/133916.mp3,True
133942,Instrumental,4,data/fma_small/133/133942.mp3,True
133943,Instrumental,4,data/fma_small/133/133943.mp3,True
133967,Instrumental,4,data/fma_small/133/133967.mp3,True
133968,Instrumental,4,data/fma_small/133/133968.mp3,True
133969,Instrumental,4,data/fma_small/133/133969.mp3,True
133970,Instrumental,4,data/fma_small/133/133970.mp3,True
133971,Instrumental,4,data/fma_small/133/133971.mp3,True
133972,Instrumental,4,data/fma_small/133/133972.mp3,True
133973,Instrumental,4,data/fma_small/133/133973.mp3,True
133974,Instrumental,4,data/fma_small/133/133974.mp3,True
133975,Instrumental,4,data/fma_small/133/133975.mp3,True
133976,Instrumental,4,data/fma_small/133/133976.mp3,True
133977,Instrumental,4,data/fma_small/133/133977.mp3,True
133978,Instrumental,4,data/fma_small/133/133978.mp3,True
134034,Rock,7,data/fma_small/134/134034.mp3,True
134052,Electronic,0,data/fma_small/134/134052.mp3,True
134053,Electronic,0,data/fma_small/134/134053.mp3,True
134054,Electronic,0,data/fma_small/134/134054.mp3,True
134073,Folk,2,data/fma_small/134/134073.mp3,True
134077,Folk,2,data/fma_small/134/134077.mp3,True
134084,Folk,2,data/fma_small/134/134084.mp3,True
134094,Experimental,1,data/fma_small/134/134094.mp3,True
134359,Electronic,0,data/fma_small/134/134359.mp3,True
134384,Pop,6,data/fma_small/134/134384.mp3,True
134385,Pop,6,data/fma_small/134/134385.mp3,True
134388,Pop,6,data/fma_small/134/134388.mp3,True
134389,Pop,6,data/fma_small/134/134389.mp3,True
134443,Instrumental,4,data/fma_small/134/134443.mp3,True
134444,Instrumental,4,data/fma_small/134/134444.mp3,True
134445,Instrumental,4,data/fma_small/134/134445.mp3,True
134446,Electronic,0,data/fma_small/134/134446.mp3,True
134447,Electronic,0,data/fma_small/134/134447.mp3,True
134448,Electronic,0,data/fma_small/134/134448.mp3,True
134449,Instrumental,4,data/fma_small/134/134449.mp3,True
134452,Instrumental,4,data/fma_small/134/134452.mp3,True
134453,Instrumental,4,data/fma_small/134/134453.mp3,True
134454,Instrumental,4,data/fma_small/134/134454.mp3,True
134455,Instrumental,4,data/fma_small/134/134455.mp3,True
134486,Pop,6,data/fma_small/134/134486.mp3,True
134509,Hip-Hop,3,data/fma_small/134/134509.mp3,True
134510,Hip-Hop,3,data/fma_small/134/134510.mp3,True
134580,Instrumental,4,data/fma_small/134/134580.mp3,True
134586,Instrumental,4,data/fma_small/134/134586.mp3,True
134594,Rock,7,data/fma_small/134/134594.mp3,True
134610,Hip-Hop,3,data/fma_small/134/134610.mp3,True
134631,Experimental,1,data/fma_small/134/134631.mp3,True
134643,Experimental,1,data/fma_small/134/134643.mp3,True
134790,Instrumental,4,data/fma_small/134/134790.mp3,True
134791,Instrumental,4,data/fma_small/134/134791.mp3,True
134792,Instrumental,4,data/fma_small/134/134792.mp3,True
134793,Instrumental,4,data/fma_small/134/134793.mp3,True
134794,Instrumental,4,data/fma_small/134/134794.mp3,True
134795,Instrumental,4,data/fma_small/134/134795.mp3,True
134796,Instrumental,4,data/fma_small/134/134796.mp3,True
134797,Instrumental,4,data/fma_small/134/134797.mp3,True
134801,Electronic,0,data/fma_small/134/134801.mp3,True
134823,Hip-Hop,3,data/fma_small/134/134823.mp3,True
134824,Hip-Hop,3,data/fma_small/134/134824.mp3,True
134825,Hip-Hop,3,data/fma_small/134/134825.mp3,True
134826,Hip-Hop,3,data/fma_small/134/134826.mp3,True
134827,Hip-Hop,3,data/fma_small/134/134827.mp3,True
134918,International,5,data/fma_small/134/134918.mp3,True
134919,International,5,data/fma_small/134/134919.mp3,True
134922,International,5,data/fma_small/134/134922.mp3,True
134923,International,5,data/fma_small/134/134923.mp3,True
134928,International,5,data/fma_small/134/134928.mp3,True
134929,International,5,data/fma_small/134/134929.mp3,True
134930,International,5,data/fma_small/134/134930.mp3,True
134931,International,5,data/fma_small/134/134931.mp3,True
134932,International,5,data/fma_small/134/134932.mp3,True
134933,International,5,data/fma_small/134/134933.mp3,True
134934,International,5,data/fma_small/134/134934.mp3,True
134935,International,5,data/fma_small/134/134935.mp3,True
134936,International,5,data/fma_small/134/134936.mp3,True
134937,International,5,data/fma_small/134/134937.mp3,True
134938,International,5,data/fma_small/134/134938.mp3,True
134939,International,5,data/fma_small/134/134939.mp3,True
134940,International,5,data/fma_small/134/134940.mp3,True
134941,International,5,data/fma_small/134/134941.mp3,True
134942,International,5,data/fma_small/134/134942.mp3,True
134943,International,5,data/fma_small/134/134943.mp3,True
134947,International,5,data/fma_small/134/134947.mp3,True
134948,International,5,data/fma_small/134/134948.mp3,True
134949,International,5,data/fma_small/134/134949.mp3,True
134950,International,5,data/fma_small/134/134950.mp3,True
134951,International,5,data/fma_small/134/134951.mp3,True
134952,International,5,data/fma_small/134/134952.mp3,True
134956,International,5,data/fma_small/134/134956.mp3,True
134959,International,5,data/fma_small/134/134959.mp3,True
134962,International,5,data/fma_small/134/134962.mp3,True
134979,Folk,2,data/fma_small/134/134979.mp3,True
134981,Folk,2,data/fma_small/134/134981.mp3,True
135010,Folk,2,data/fma_small/135/135010.mp3,True
135028,Folk,2,data/fma_small/135/135028.mp3,True
135039,Folk,2,data/fma_small/135/135039.mp3,True
135043,Folk,2,data/fma_small/135/135043.mp3,True
135044,Folk,2,data/fma_small/135/135044.mp3,True
135054,Experimental,1,data/fma_small/135/135054.mp3,True
135089,Experimental,1,data/fma_small/135/135089.mp3,True
135091,Experimental,1,data/fma_small/135/135091.mp3,True
135092,Experimental,1,data/fma_small/135/135092.mp3,True
135219,International,5,data/fma_small/135/135219.mp3,True
135220,International,5,data/fma_small/135/135220.mp3,True
135221,International,5,data/fma_small/135/135221.mp3,True
135222,International,5,data/fma_small/135/135222.mp3,True
135223,International,5,data/fma_small/135/135223.mp3,True
135224,International,5,data/fma_small/135/135224.mp3,True
135225,International,5,data/fma_small/135/135225.mp3,True
135226,International,5,data/fma_small/135/135226.mp3,True
135227,International,5,data/fma_small/135/135227.mp3,True
135228,International,5,data/fma_small/135/135228.mp3,True
135229,International,5,data/fma_small/135/135229.mp3,True
135336,Pop,6,data/fma_small/135/135336.mp3,True
135337,Pop,6,data/fma_small/135/135337.mp3,True
135338,Pop,6,data/fma_small/135/135338.mp3,True
135339,Pop,6,data/fma_small/135/135339.mp3,True
135340,Pop,6,data/fma_small/135/135340.mp3,True
135341,Pop,6,data/fma_small/135/135341.mp3,True
135342,Pop,6,data/fma_small/135/135342.mp3,True
135363,Rock,7,data/fma_small/135/135363.mp3,True
135364,Rock,7,data/fma_small/135/135364.mp3,True
135365,Rock,7,data/fma_small/135/135365.mp3,True
135368,Rock,7,data/fma_small/135/135368.mp3,True
135369,Rock,7,data/fma_small/135/135369.mp3,True
135370,Rock,7,data/fma_small/135/135370.mp3,True
135371,Rock,7,data/fma_small/135/135371.mp3,True
135372,Rock,7,data/fma_small/135/135372.mp3,True
135373,Rock,7,data/fma_small/135/135373.mp3,True
135374,Rock,7,data/fma_small/135/135374.mp3,True
135375,Rock,7,data/fma_small/135/135375.mp3,True
135986,Electronic,0,data/fma_small/135/135986.mp3,True
135989,Electronic,0,data/fma_small/135/135989.mp3,True
135990,Electronic,0,data/fma_small/135/135990.mp3,True
136054,Rock,7,data/fma_small/136/136054.mp3,True
136091,Rock,7,data/fma_small/136/136091.mp3,True
136094,Rock,7,data/fma_small/136/136094.mp3,True
136134,Folk,2,data/fma_small/136/136134.mp3,True
136137,Folk,2,data/fma_small/136/136137.mp3,True
136138,Folk,2,data/fma_small/136/136138.mp3,True
136275,Rock,7,data/fma_small/136/136275.mp3,True
136276,Instrumental,4,data/fma_small/136/136276.mp3,True
136320,Electronic,0,data/fma_small/136/136320.mp3,True
136321,Electronic,0,data/fma_small/136/136321.mp3,True
136322,Electronic,0,data/fma_small/136/136322.mp3,True
136323,Electronic,0,data/fma_small/136/136323.mp3,True
136324,Electronic,0,data/fma_small/136/136324.mp3,True
136331,Instrumental,4,data/fma_small/136/136331.mp3,True
136404,Rock,7,data/fma_small/136/136404.mp3,True
136424,Electronic,0,data/fma_small/136/136424.mp3,True
136449,Hip-Hop,3,data/fma_small/136/136449.mp3,True
136465,Hip-Hop,3,data/fma_small/136/136465.mp3,True
136466,Hip-Hop,3,data/fma_small/136/136466.mp3,True
136467,Hip-Hop,3,data/fma_small/136/136467.mp3,True
136468,Hip-Hop,3,data/fma_small/136/136468.mp3,True
136469,Hip-Hop,3,data/fma_small/136/136469.mp3,True
136705,Rock,7,data/fma_small/136/136705.mp3,True
136706,Rock,7,data/fma_small/136/136706.mp3,True
136707,Rock,7,data/fma_small/136/136707.mp3,True
136708,Rock,7,data/fma_small/136/136708.mp3,True
136709,Rock,7,data/fma_small/136/136709.mp3,True
136928,Experimental,1,data/fma_small/136/136928.mp3,True
136994,International,5,data/fma_small/136/136994.mp3,True
136995,International,5,data/fma_small/136/136995.mp3,True
137054,Electronic,0,data/fma_small/137/137054.mp3,True
137151,Electronic,0,data/fma_small/137/137151.mp3,True
137152,Electronic,0,data/fma_small/137/137152.mp3,True
137166,Instrumental,4,data/fma_small/137/137166.mp3,True
137167,Instrumental,4,data/fma_small/137/137167.mp3,True
137168,Instrumental,4,data/fma_small/137/137168.mp3,True
137169,Instrumental,4,data/fma_small/137/137169.mp3,True
137170,Instrumental,4,data/fma_small/137/137170.mp3,True
137171,Instrumental,4,data/fma_small/137/137171.mp3,True
137172,Instrumental,4,data/fma_small/137/137172.mp3,True
137173,Instrumental,4,data/fma_small/137/137173.mp3,True
137174,Instrumental,4,data/fma_small/137/137174.mp3,True
137175,Instrumental,4,data/fma_small/137/137175.mp3,True
137176,Instrumental,4,data/fma_small/137/137176.mp3,True
137211,Rock,7,data/fma_small/137/137211.mp3,True
137212,Rock,7,data/fma_small/137/137212.mp3,True
137213,Rock,7,data/fma_small/137/137213.mp3,True
137214,Rock,7,data/fma_small/137/137214.mp3,True
137356,Rock,7,data/fma_small/137/137356.mp3,True
137417,Rock,7,data/fma_small/137/137417.mp3,True
137418,Rock,7,data/fma_small/137/137418.mp3,True
137419,Rock,7,data/fma_small/137/137419.mp3,True
137423,Rock,7,data/fma_small/137/137423.mp3,True
137424,Rock,7,data/fma_small/137/137424.mp3,True
137425,Rock,7,data/fma_small/137/137425.mp3,True
137426,Rock,7,data/fma_small/137/137426.mp3,True
137462,Electronic,0,data/fma_small/137/137462.mp3,True
137463,Electronic,0,data/fma_small/137/137463.mp3,True
137484,Experimental,1,data/fma_small/137/137484.mp3,True
137500,Experimental,1,data/fma_small/137/137500.mp3,True
137551,Experimental,1,data/fma_small/137/137551.mp3,True
137561,Experimental,1,data/fma_small/137/137561.mp3,True
137563,Experimental,1,data/fma_small/137/137563.mp3,True
137567,Rock,7,data/fma_small/137/137567.mp3,True
137593,Rock,7,data/fma_small/137/137593.mp3,True
137605,Rock,7,data/fma_small/137/137605.mp3,True
137624,Rock,7,data/fma_small/137/137624.mp3,True
137627,Rock,7,data/fma_small/137/137627.mp3,True
137630,Rock,7,data/fma_small/137/137630.mp3,True
137631,Rock,7,data/fma_small/137/137631.mp3,True
137632,Rock,7,data/fma_small/137/137632.mp3,True
137715,Rock,7,data/fma_small/137/137715.mp3,True
137716,Rock,7,data/fma_small/137/137716.mp3,True
137717,Rock,7,data/fma_small/137/137717.mp3,True
137719,Rock,7,data/fma_small/137/137719.mp3,True
137720,Rock,7,data/fma_small/137/137720.mp3,True
137721,Rock,7,data/fma_small/137/137721.mp3,True
137722,Rock,7,data/fma_small/137/137722.mp3,True
137723,Rock,7,data/fma_small/137/137723.mp3,True
137724,Rock,7,data/fma_small/137/137724.mp3,True
137725,Rock,7,data/fma_small/137/137725.mp3,True
137740,Rock,7,data/fma_small/137/137740.mp3,True
137895,Hip-Hop,3,data/fma_small/137/137895.mp3,True
137896,Hip-Hop,3,data/fma_small/137/137896.mp3,True
137898,Hip-Hop,3,data/fma_small/137/137898.mp3,True
137899,Hip-Hop,3,data/fma_small/137/137899.mp3,True
137900,Hip-Hop,3,data/fma_small/137/137900.mp3,True
137901,Hip-Hop,3,data/fma_small/137/137901.mp3,True
137907,Folk,2,data/fma_small/137/137907.mp3,True
137935,Rock,7,data/fma_small/137/137935.mp3,True
137990,Folk,2,data/fma_small/137/137990.mp3,True
137998,Rock,7,data/fma_small/137/137998.mp3,True
138010,Rock,7,data/fma_small/138/138010.mp3,True
138015,Folk,2,data/fma_small/138/138015.mp3,True
138016,Folk,2,data/fma_small/138/138016.mp3,True
138017,Folk,2,data/fma_small/138/138017.mp3,True
138018,Instrumental,4,data/fma_small/138/138018.mp3,True
138019,Instrumental,4,data/fma_small/138/138019.mp3,True
138020,Instrumental,4,data/fma_small/138/138020.mp3,True
138021,Instrumental,4,data/fma_small/138/138021.mp3,True
138022,Instrumental,4,data/fma_small/138/138022.mp3,True
138023,Instrumental,4,data/fma_small/138/138023.mp3,True
138024,Instrumental,4,data/fma_small/138/138024.mp3,True
138025,Instrumental,4,data/fma_small/138/138025.mp3,True
138026,Instrumental,4,data/fma_small/138/138026.mp3,True
138038,Pop,6,data/fma_small/138/138038.mp3,True
138039,Pop,6,data/fma_small/138/138039.mp3,True
138040,Pop,6,data/fma_small/138/138040.mp3,True
138041,Pop,6,data/fma_small/138/138041.mp3,True
138053,Rock,7,data/fma_small/138/138053.mp3,True
138060,Rock,7,data/fma_small/138/138060.mp3,True
138061,Rock,7,data/fma_small/138/138061.mp3,True
138062,Pop,6,data/fma_small/138/138062.mp3,True
138063,Pop,6,data/fma_small/138/138063.mp3,True
138064,Pop,6,data/fma_small/138/138064.mp3,True
138065,Pop,6,data/fma_small/138/138065.mp3,True
138066,Pop,6,data/fma_small/138/138066.mp3,True
138067,Pop,6,data/fma_small/138/138067.mp3,True
138068,Pop,6,data/fma_small/138/138068.mp3,True
138069,Pop,6,data/fma_small/138/138069.mp3,True
138070,Pop,6,data/fma_small/138/138070.mp3,True
138071,Pop,6,data/fma_small/138/138071.mp3,True
138207,Rock,7,data/fma_small/138/138207.mp3,True
138210,Rock,7,data/fma_small/138/138210.mp3,True
138211,Rock,7,data/fma_small/138/138211.mp3,True
138212,Hip-Hop,3,data/fma_small/138/138212.mp3,True
138213,Hip-Hop,3,data/fma_small/138/138213.mp3,True
138215,Hip-Hop,3,data/fma_small/138/138215.mp3,True
138216,Hip-Hop,3,data/fma_small/138/138216.mp3,True
138217,Hip-Hop,3,data/fma_small/138/138217.mp3,True
138218,Hip-Hop,3,data/fma_small/138/138218.mp3,True
138256,Experimental,1,data/fma_small/138/138256.mp3,True
138282,Rock,7,data/fma_small/138/138282.mp3,True
138306,Rock,7,data/fma_small/138/138306.mp3,True
138311,Rock,7,data/fma_small/138/138311.mp3,True
138317,Rock,7,data/fma_small/138/138317.mp3,True
138318,Rock,7,data/fma_small/138/138318.mp3,True
138319,Rock,7,data/fma_small/138/138319.mp3,True
138320,Rock,7,data/fma_small/138/138320.mp3,True
138351,Rock,7,data/fma_small/138/138351.mp3,True
138355,Rock,7,data/fma_small/138/138355.mp3,True
138406,Folk,2,data/fma_small/138/138406.mp3,True
138410,Folk,2,data/fma_small/138/138410.mp3,True
138413,Folk,2,data/fma_small/138/138413.mp3,True
138414,Folk,2,data/fma_small/138/138414.mp3,True
138415,Folk,2,data/fma_small/138/138415.mp3,True
138416,Folk,2,data/fma_small/138/138416.mp3,True
138578,Electronic,0,data/fma_small/138/138578.mp3,True
138579,Electronic,0,data/fma_small/138/138579.mp3,True
138580,Electronic,0,data/fma_small/138/138580.mp3,True
138581,Electronic,0,data/fma_small/138/138581.mp3,True
139003,Instrumental,4,data/fma_small/139/139003.mp3,True
139043,Pop,6,data/fma_small/139/139043.mp3,True
139110,Folk,2,data/fma_small/139/139110.mp3,True
139112,Folk,2,data/fma_small/139/139112.mp3,True
139117,Rock,7,data/fma_small/139/139117.mp3,True
139123,Rock,7,data/fma_small/139/139123.mp3,True
139226,Electronic,0,data/fma_small/139/139226.mp3,True
139329,Experimental,1,data/fma_small/139/139329.mp3,True
139330,Experimental,1,data/fma_small/139/139330.mp3,True
139461,Rock,7,data/fma_small/139/139461.mp3,True
139485,Instrumental,4,data/fma_small/139/139485.mp3,True
139491,Instrumental,4,data/fma_small/139/139491.mp3,True
139520,Folk,2,data/fma_small/139/139520.mp3,True
139521,Folk,2,data/fma_small/139/139521.mp3,True
139522,Folk,2,data/fma_small/139/139522.mp3,True
139523,Folk,2,data/fma_small/139/139523.mp3,True
139524,Folk,2,data/fma_small/139/139524.mp3,True
139532,Instrumental,4,data/fma_small/139/139532.mp3,True
139534,Instrumental,4,data/fma_small/139/139534.mp3,True
139536,Instrumental,4,data/fma_small/139/139536.mp3,True
139537,Instrumental,4,data/fma_small/139/139537.mp3,True
139637,Experimental,1,data/fma_small/139/139637.mp3,True
139638,Experimental,1,data/fma_small/139/139638.mp3,True
139663,Experimental,1,data/fma_small/139/139663.mp3,True
139681,Experimental,1,data/fma_small/139/139681.mp3,True
139687,Experimental,1,data/fma_small/139/139687.mp3,True
139688,Experimental,1,data/fma_small/139/139688.mp3,True
139769,Rock,7,data/fma_small/139/139769.mp3,True
139770,Rock,7,data/fma_small/139/139770.mp3,True
139771,Instrumental,4,data/fma_small/139/139771.mp3,True
139772,Instrumental,4,data/fma_small/139/139772.mp3,True
139773,Instrumental,4,data/fma_small/139/139773.mp3,True
139774,Instrumental,4,data/fma_small/139/139774.mp3,True
139775,Instrumental,4,data/fma_small/139/139775.mp3,True
139776,Instrumental,4,data/fma_small/139/139776.mp3,True
139777,Instrumental,4,data/fma_small/139/139777.mp3,True
139804,Experimental,1,data/fma_small/139/139804.mp3,True
139862,Experimental,1,data/fma_small/139/139862.mp3,True
139876,Experimental,1,data/fma_small/139/139876.mp3,True
139933,Electronic,0,data/fma_small/139/139933.mp3,True
139934,Electronic,0,data/fma_small/139/139934.mp3,True
139935,Electronic,0,data/fma_small/139/139935.mp3,True
139936,Electronic,0,data/fma_small/139/139936.mp3,True
139937,Electronic,0,data/fma_small/139/139937.mp3,True
139954,Electronic,0,data/fma_small/139/139954.mp3,True
139990,Electronic,0,data/fma_small/139/139990.mp3,True
139991,Electronic,0,data/fma_small/139/139991.mp3,True
139992,Electronic,0,data/fma_small/139/139992.mp3,True
139993,Electronic,0,data/fma_small/139/139993.mp3,True
139994,Electronic,0,data/fma_small/139/139994.mp3,True
139995,Electronic,0,data/fma_small/139/139995.mp3,True
140043,Rock,7,data/fma_small/140/140043.mp3,True
140134,Electronic,0,data/fma_small/140/140134.mp3,True
140135,Electronic,0,data/fma_small/140/140135.mp3,True
140258,Electronic,0,data/fma_small/140/140258.mp3,True
140259,Electronic,0,data/fma_small/140/140259.mp3,True
140260,Electronic,0,data/fma_small/140/140260.mp3,True
140261,Electronic,0,data/fma_small/140/140261.mp3,True
140262,Electronic,0,data/fma_small/140/140262.mp3,True
140263,Electronic,0,data/fma_small/140/140263.mp3,True
140266,Experimental,1,data/fma_small/140/140266.mp3,True
140316,Experimental,1,data/fma_small/140/140316.mp3,True
140344,Electronic,0,data/fma_small/140/140344.mp3,True
140421,Rock,7,data/fma_small/140/140421.mp3,True
140564,Electronic,0,data/fma_small/140/140564.mp3,True
140565,Electronic,0,data/fma_small/140/140565.mp3,True
140566,Electronic,0,data/fma_small/140/140566.mp3,True
140576,Rock,7,data/fma_small/140/140576.mp3,True
140583,Folk,2,data/fma_small/140/140583.mp3,True
140584,International,5,data/fma_small/140/140584.mp3,True
140609,Hip-Hop,3,data/fma_small/140/140609.mp3,True
140620,Hip-Hop,3,data/fma_small/140/140620.mp3,True
140621,Hip-Hop,3,data/fma_small/140/140621.mp3,True
140623,Hip-Hop,3,data/fma_small/140/140623.mp3,True
140625,Hip-Hop,3,data/fma_small/140/140625.mp3,True
140626,Hip-Hop,3,data/fma_small/140/140626.mp3,True
140788,Folk,2,data/fma_small/140/140788.mp3,True
140789,Folk,2,data/fma_small/140/140789.mp3,True
140790,Folk,2,data/fma_small/140/140790.mp3,True
140791,Folk,2,data/fma_small/140/140791.mp3,True
140794,Folk,2,data/fma_small/140/140794.mp3,True
140871,Folk,2,data/fma_small/140/140871.mp3,True
140872,Folk,2,data/fma_small/140/140872.mp3,True
140873,Folk,2,data/fma_small/140/140873.mp3,True
140874,Folk,2,data/fma_small/140/140874.mp3,True
140875,Folk,2,data/fma_small/140/140875.mp3,True
140922,Electronic,0,data/fma_small/140/140922.mp3,True
140923,Electronic,0,data/fma_small/140/140923.mp3,True
140924,Electronic,0,data/fma_small/140/140924.mp3,True
140925,Electronic,0,data/fma_small/140/140925.mp3,True
140926,Electronic,0,data/fma_small/140/140926.mp3,True
140933,Electronic,0,data/fma_small/140/140933.mp3,True
140934,Electronic,0,data/fma_small/140/140934.mp3,True
140935,Experimental,1,data/fma_small/140/140935.mp3,True
140939,Experimental,1,data/fma_small/140/140939.mp3,True
141074,Instrumental,4,data/fma_small/141/141074.mp3,True
141137,Instrumental,4,data/fma_small/141/141137.mp3,True
141139,Instrumental,4,data/fma_small/141/141139.mp3,True
141141,Instrumental,4,data/fma_small/141/141141.mp3,True
141143,Instrumental,4,data/fma_small/141/141143.mp3,True
141144,Instrumental,4,data/fma_small/141/141144.mp3,True
141164,Hip-Hop,3,data/fma_small/141/141164.mp3,True
141166,Hip-Hop,3,data/fma_small/141/141166.mp3,True
141167,Hip-Hop,3,data/fma_small/141/141167.mp3,True
141168,Hip-Hop,3,data/fma_small/141/141168.mp3,True
141173,Rock,7,data/fma_small/141/141173.mp3,True
141179,Pop,6,data/fma_small/141/141179.mp3,True
141180,Pop,6,data/fma_small/141/141180.mp3,True
141181,Pop,6,data/fma_small/141/141181.mp3,True
141182,Pop,6,data/fma_small/141/141182.mp3,True
141264,Experimental,1,data/fma_small/141/141264.mp3,True
141282,Instrumental,4,data/fma_small/141/141282.mp3,True
141283,Instrumental,4,data/fma_small/141/141283.mp3,True
141284,Instrumental,4,data/fma_small/141/141284.mp3,True
141285,Instrumental,4,data/fma_small/141/141285.mp3,True
141286,Instrumental,4,data/fma_small/141/141286.mp3,True
141287,Instrumental,4,data/fma_small/141/141287.mp3,True
141288,Instrumental,4,data/fma_small/141/141288.mp3,True
141289,Instrumental,4,data/fma_small/141/141289.mp3,True
141290,Instrumental,4,data/fma_small/141/141290.mp3,True
141291,Instrumental,4,data/fma_small/141/141291.mp3,True
141292,Instrumental,4,data/fma_small/141/141292.mp3,True
141293,Instrumental,4,data/fma_small/141/141293.mp3,True
141295,Instrumental,4,data/fma_small/141/141295.mp3,True
141296,Instrumental,4,data/fma_small/141/141296.mp3,True
141297,Instrumental,4,data/fma_small/141/141297.mp3,True
141299,Instrumental,4,data/fma_small/141/141299.mp3,True
141300,Instrumental,4,data/fma_small/141/141300.mp3,True
141303,Instrumental,4,data/fma_small/141/141303.mp3,True
141304,Hip-Hop,3,data/fma_small/141/141304.mp3,True
141310,Electronic,0,data/fma_small/141/141310.mp3,True
141375,Hip-Hop,3,data/fma_small/141/141375.mp3,True
141561,Hip-Hop,3,data/fma_small/141/141561.mp3,True
141562,Hip-Hop,3,data/fma_small/141/141562.mp3,True
141564,Hip-Hop,3,data/fma_small/141/141564.mp3,True
141566,Hip-Hop,3,data/fma_small/141/141566.mp3,True
141567,Hip-Hop,3,data/fma_small/141/141567.mp3,True
141568,Hip-Hop,3,data/fma_small/141/141568.mp3,True
141569,Hip-Hop,3,data/fma_small/141/141569.mp3,True
141590,International,5,data/fma_small/141/141590.mp3,True
141591,International,5,data/fma_small/141/141591.mp3,True
141592,International,5,data/fma_small/141/141592.mp3,True
141593,International,5,data/fma_small/141/141593.mp3,True
141594,International,5,data/fma_small/141/141594.mp3,True
141616,Electronic,0,data/fma_small/141/141616.mp3,True
141617,Electronic,0,data/fma_small/141/141617.mp3,True
141618,Electronic,0,data/fma_small/141/141618.mp3,True
141619,Electronic,0,data/fma_small/141/141619.mp3,True
141735,Hip-Hop,3,data/fma_small/141/141735.mp3,True
141873,Electronic,0,data/fma_small/141/141873.mp3,True
141874,Electronic,0,data/fma_small/141/141874.mp3,True
141875,Electronic,0,data/fma_small/141/141875.mp3,True
141876,Instrumental,4,data/fma_small/141/141876.mp3,True
141877,Rock,7,data/fma_small/141/141877.mp3,True
141878,Rock,7,data/fma_small/141/141878.mp3,True
141894,Rock,7,data/fma_small/141/141894.mp3,True
141901,Pop,6,data/fma_small/141/141901.mp3,True
141902,Pop,6,data/fma_small/141/141902.mp3,True
141903,Pop,6,data/fma_small/141/141903.mp3,True
141972,Experimental,1,data/fma_small/141/141972.mp3,True
142078,Electronic,0,data/fma_small/142/142078.mp3,True
142079,Electronic,0,data/fma_small/142/142079.mp3,True
142080,Electronic,0,data/fma_small/142/142080.mp3,True
142081,Electronic,0,data/fma_small/142/142081.mp3,True
142082,Hip-Hop,3,data/fma_small/142/142082.mp3,True
142083,Hip-Hop,3,data/fma_small/142/142083.mp3,True
142084,Hip-Hop,3,data/fma_small/142/142084.mp3,True
142085,Hip-Hop,3,data/fma_small/142/142085.mp3,True
142086,Hip-Hop,3,data/fma_small/142/142086.mp3,True
142087,Hip-Hop,3,data/fma_small/142/142087.mp3,True
142088,Hip-Hop,3,data/fma_small/142/142088.mp3,True
142089,Hip-Hop,3,data/fma_small/142/142089.mp3,True
142091,Hip-Hop,3,data/fma_small/142/142091.mp3,True
142092,Hip-Hop,3,data/fma_small/142/142092.mp3,True
142093,Hip-Hop,3,data/fma_small/142/142093.mp3,True
142094,Instrumental,4,data/fma_small/142/142094.mp3,True
142096,Instrumental,4,data/fma_small/142/142096.mp3,True
142097,Instrumental,4,data/fma_small/142/142097.mp3,True
142098,Instrumental,4,data/fma_small/142/142098.mp3,True
142128,Rock,7,data/fma_small/142/142128.mp3,True
142129,Folk,2,data/fma_small/142/142129.mp3,True
142132,Folk,2,data/fma_small/142/142132.mp3,True
142133,Folk,2,data/fma_small/142/142133.mp3,True
142358,Hip-Hop,3,data/fma_small/142/142358.mp3,True
142359,Hip-Hop,3,data/fma_small/142/142359.mp3,True
142360,Hip-Hop,3,data/fma_small/142/142360.mp3,True
142361,Hip-Hop,3,data/fma_small/142/142361.mp3,True
142362,Hip-Hop,3,data/fma_small/142/142362.mp3,True
142381,Instrumental,4,data/fma_small/142/142381.mp3,True
142402,Rock,7,data/fma_small/142/142402.mp3,True
142418,Rock,7,data/fma_small/142/142418.mp3,True
142433,Instrumental,4,data/fma_small/142/142433.mp3,True
142511,Rock,7,data/fma_small/142/142511.mp3,True
142516,Folk,2,data/fma_small/142/142516.mp3,True
142517,Folk,2,data/fma_small/142/142517.mp3,True
142519,Folk,2,data/fma_small/142/142519.mp3,True
142528,Folk,2,data/fma_small/142/142528.mp3,True
142529,Folk,2,data/fma_small/142/142529.mp3,True
142530,Folk,2,data/fma_small/142/142530.mp3,True
142531,Folk,2,data/fma_small/142/142531.mp3,True
142532,Folk,2,data/fma_small/142/142532.mp3,True
142533,International,5,data/fma_small/142/142533.mp3,True
142534,International,5,data/fma_small/142/142534.mp3,True
142535,International,5,data/fma_small/142/142535.mp3,True
142536,International,5,data/fma_small/142/142536.mp3,True
142537,International,5,data/fma_small/142/142537.mp3,True
142538,International,5,data/fma_small/142/142538.mp3,True
142539,International,5,data/fma_small/142/142539.mp3,True
142549,Pop,6,data/fma_small/142/142549.mp3,True
142550,Pop,6,data/fma_small/142/142550.mp3,True
142551,Pop,6,data/fma_small/142/142551.mp3,True
142552,Pop,6,data/fma_small/142/142552.mp3,True
142553,Pop,6,data/fma_small/142/142553.mp3,True
142563,Rock,7,data/fma_small/142/142563.mp3,True
142564,International,5,data/fma_small/142/142564.mp3,True
142565,International,5,data/fma_small/142/142565.mp3,True
142566,International,5,data/fma_small/142/142566.mp3,True
142567,International,5,data/fma_small/142/142567.mp3,True
142568,International,5,data/fma_small/142/142568.mp3,True
142569,International,5,data/fma_small/142/142569.mp3,True
142570,International,5,data/fma_small/142/142570.mp3,True
142571,International,5,data/fma_small/142/142571.mp3,True
142572,International,5,data/fma_small/142/142572.mp3,True
142573,International,5,data/fma_small/142/142573.mp3,True
142574,International,5,data/fma_small/142/142574.mp3,True
142575,International,5,data/fma_small/142/142575.mp3,True
142576,International,5,data/fma_small/142/142576.mp3,True
142577,International,5,data/fma_small/142/142577.mp3,True
142579,International,5,data/fma_small/142/142579.mp3,True
142641,Instrumental,4,data/fma_small/142/142641.mp3,True
142666,Hip-Hop,3,data/fma_small/142/142666.mp3,True
142668,Hip-Hop,3,data/fma_small/142/142668.mp3,True
142669,Hip-Hop,3,data/fma_small/142/142669.mp3,True
142670,Hip-Hop,3,data/fma_small/142/142670.mp3,True
142671,Hip-Hop,3,data/fma_small/142/142671.mp3,True
142672,Hip-Hop,3,data/fma_small/142/142672.mp3,True
142947,Rock,7,data/fma_small/142/142947.mp3,True
142948,Rock,7,data/fma_small/142/142948.mp3,True
142949,Rock,7,data/fma_small/142/142949.mp3,True
142950,Rock,7,data/fma_small/142/142950.mp3,True
143039,Experimental,1,data/fma_small/143/143039.mp3,True
143046,Electronic,0,data/fma_small/143/143046.mp3,True
143055,Electronic,0,data/fma_small/143/143055.mp3,True
143056,Electronic,0,data/fma_small/143/143056.mp3,True
143057,Electronic,0,data/fma_small/143/143057.mp3,True
143058,Electronic,0,data/fma_small/143/143058.mp3,True
143059,Electronic,0,data/fma_small/143/143059.mp3,True
143060,Electronic,0,data/fma_small/143/143060.mp3,True
143061,Electronic,0,data/fma_small/143/143061.mp3,True
143095,Rock,7,data/fma_small/143/143095.mp3,True
143097,Rock,7,data/fma_small/143/143097.mp3,True
143098,Rock,7,data/fma_small/143/143098.mp3,True
143099,Rock,7,data/fma_small/143/143099.mp3,True
143106,Rock,7,data/fma_small/143/143106.mp3,True
143186,Experimental,1,data/fma_small/143/143186.mp3,True
143214,Rock,7,data/fma_small/143/143214.mp3,True
143215,Rock,7,data/fma_small/143/143215.mp3,True
143216,Rock,7,data/fma_small/143/143216.mp3,True
143217,Rock,7,data/fma_small/143/143217.mp3,True
143218,Rock,7,data/fma_small/143/143218.mp3,True
143219,Rock,7,data/fma_small/143/143219.mp3,True
143220,Rock,7,data/fma_small/143/143220.mp3,True
143221,Rock,7,data/fma_small/143/143221.mp3,True
143237,Pop,6,data/fma_small/143/143237.mp3,True
143239,Instrumental,4,data/fma_small/143/143239.mp3,True
143290,Hip-Hop,3,data/fma_small/143/143290.mp3,True
143295,Instrumental,4,data/fma_small/143/143295.mp3,True
143296,Instrumental,4,data/fma_small/143/143296.mp3,True
143299,Instrumental,4,data/fma_small/143/143299.mp3,True
143300,Instrumental,4,data/fma_small/143/143300.mp3,True
143303,Instrumental,4,data/fma_small/143/143303.mp3,True
143304,Instrumental,4,data/fma_small/143/143304.mp3,True
143305,Instrumental,4,data/fma_small/143/143305.mp3,True
143306,Instrumental,4,data/fma_small/143/143306.mp3,True
143307,Instrumental,4,data/fma_small/143/143307.mp3,True
143308,Instrumental,4,data/fma_small/143/143308.mp3,True
143309,Instrumental,4,data/fma_small/143/143309.mp3,True
143318,Rock,7,data/fma_small/143/143318.mp3,True
143319,Rock,7,data/fma_small/143/143319.mp3,True
143532,Electronic,0,data/fma_small/143/143532.mp3,True
143941,Instrumental,4,data/fma_small/143/143941.mp3,True
143989,Rock,7,data/fma_small/143/143989.mp3,True
143995,Rock,7,data/fma_small/143/143995.mp3,True
144170,Hip-Hop,3,data/fma_small/144/144170.mp3,True
144171,Hip-Hop,3,data/fma_small/144/144171.mp3,True
144172,Hip-Hop,3,data/fma_small/144/144172.mp3,True
144173,Hip-Hop,3,data/fma_small/144/144173.mp3,True
144179,Hip-Hop,3,data/fma_small/144/144179.mp3,True
144180,Hip-Hop,3,data/fma_small/144/144180.mp3,True
144181,Hip-Hop,3,data/fma_small/144/144181.mp3,True
144182,Hip-Hop,3,data/fma_small/144/144182.mp3,True
144212,Hip-Hop,3,data/fma_small/144/144212.mp3,True
144213,Hip-Hop,3,data/fma_small/144/144213.mp3,True
144214,Hip-Hop,3,data/fma_small/144/144214.mp3,True
144215,Hip-Hop,3,data/fma_small/144/144215.mp3,True
144216,Hip-Hop,3,data/fma_small/144/144216.mp3,True
144423,Electronic,0,data/fma_small/144/144423.mp3,True
144424,Electronic,0,data/fma_small/144/144424.mp3,True
144454,Instrumental,4,data/fma_small/144/144454.mp3,True
144465,Folk,2,data/fma_small/144/144465.mp3,True
144466,Folk,2,data/fma_small/144/144466.mp3,True
144467,Folk,2,data/fma_small/144/144467.mp3,True
144468,Folk,2,data/fma_small/144/144468.mp3,True
144469,Folk,2,data/fma_small/144/144469.mp3,True
144470,Folk,2,data/fma_small/144/144470.mp3,True
144471,Folk,2,data/fma_small/144/144471.mp3,True
144472,Folk,2,data/fma_small/144/144472.mp3,True
144473,Folk,2,data/fma_small/144/144473.mp3,True
144474,Folk,2,data/fma_small/144/144474.mp3,True
144475,Folk,2,data/fma_small/144/144475.mp3,True
144476,Folk,2,data/fma_small/144/144476.mp3,True
144477,Folk,2,data/fma_small/144/144477.mp3,True
144487,Experimental,1,data/fma_small/144/144487.mp3,True
144492,Experimental,1,data/fma_small/144/144492.mp3,True
144542,Folk,2,data/fma_small/144/144542.mp3,True
144543,Folk,2,data/fma_small/144/144543.mp3,True
144544,Folk,2,data/fma_small/144/144544.mp3,True
144545,Folk,2,data/fma_small/144/144545.mp3,True
144546,Folk,2,data/fma_small/144/144546.mp3,True
144547,Folk,2,data/fma_small/144/144547.mp3,True
144548,Folk,2,data/fma_small/144/144548.mp3,True
144549,Folk,2,data/fma_small/144/144549.mp3,True
144550,Folk,2,data/fma_small/144/144550.mp3,True
144551,Folk,2,data/fma_small/144/144551.mp3,True
144552,Folk,2,data/fma_small/144/144552.mp3,True
144587,Pop,6,data/fma_small/144/144587.mp3,True
144592,Electronic,0,data/fma_small/144/144592.mp3,True
144600,Instrumental,4,data/fma_small/144/144600.mp3,True
144733,Electronic,0,data/fma_small/144/144733.mp3,True
144740,Hip-Hop,3,data/fma_small/144/144740.mp3,True
144741,Hip-Hop,3,data/fma_small/144/144741.mp3,True
144801,Instrumental,4,data/fma_small/144/144801.mp3,True
144809,Experimental,1,data/fma_small/144/144809.mp3,True
144810,Experimental,1,data/fma_small/144/144810.mp3,True
144933,Pop,6,data/fma_small/144/144933.mp3,True
144934,Pop,6,data/fma_small/144/144934.mp3,True
144935,Pop,6,data/fma_small/144/144935.mp3,True
144936,Pop,6,data/fma_small/144/144936.mp3,True
144937,Pop,6,data/fma_small/144/144937.mp3,True
144938,Pop,6,data/fma_small/144/144938.mp3,True
144939,Pop,6,data/fma_small/144/144939.mp3,True
144940,Pop,6,data/fma_small/144/144940.mp3,True
144941,Pop,6,data/fma_small/144/144941.mp3,True
144942,Pop,6,data/fma_small/144/144942.mp3,True
144943,Pop,6,data/fma_small/144/144943.mp3,True
144944,Pop,6,data/fma_small/144/144944.mp3,True
144945,Pop,6,data/fma_small/144/144945.mp3,True
144946,Pop,6,data/fma_small/144/144946.mp3,True
145002,Folk,2,data/fma_small/145/145002.mp3,True
145003,Folk,2,data/fma_small/145/145003.mp3,True
145004,Folk,2,data/fma_small/145/145004.mp3,True
145005,Folk,2,data/fma_small/145/145005.mp3,True
145020,Rock,7,data/fma_small/145/145020.mp3,True
145027,Rock,7,data/fma_small/145/145027.mp3,True
145041,Electronic,0,data/fma_small/145/145041.mp3,True
145042,Electronic,0,data/fma_small/145/145042.mp3,True
145043,Experimental,1,data/fma_small/145/145043.mp3,True
145058,Experimental,1,data/fma_small/145/145058.mp3,True
145059,Experimental,1,data/fma_small/145/145059.mp3,True
145067,Rock,7,data/fma_small/145/145067.mp3,True
145068,Rock,7,data/fma_small/145/145068.mp3,True
145074,Experimental,1,data/fma_small/145/145074.mp3,True
145183,Instrumental,4,data/fma_small/145/145183.mp3,True
145189,Instrumental,4,data/fma_small/145/145189.mp3,True
145199,Rock,7,data/fma_small/145/145199.mp3,True
145241,Rock,7,data/fma_small/145/145241.mp3,True
145257,Rock,7,data/fma_small/145/145257.mp3,True
145258,Rock,7,data/fma_small/145/145258.mp3,True
145259,Rock,7,data/fma_small/145/145259.mp3,True
145260,Rock,7,data/fma_small/145/145260.mp3,True
145431,Instrumental,4,data/fma_small/145/145431.mp3,True
145432,Instrumental,4,data/fma_small/145/145432.mp3,True
145457,Instrumental,4,data/fma_small/145/145457.mp3,True
145458,Instrumental,4,data/fma_small/145/145458.mp3,True
145462,Electronic,0,data/fma_small/145/145462.mp3,True
145464,Electronic,0,data/fma_small/145/145464.mp3,True
145475,Instrumental,4,data/fma_small/145/145475.mp3,True
145476,Instrumental,4,data/fma_small/145/145476.mp3,True
145477,Instrumental,4,data/fma_small/145/145477.mp3,True
145549,Electronic,0,data/fma_small/145/145549.mp3,True
145550,Folk,2,data/fma_small/145/145550.mp3,True
145551,Folk,2,data/fma_small/145/145551.mp3,True
145552,Folk,2,data/fma_small/145/145552.mp3,True
145553,Folk,2,data/fma_small/145/145553.mp3,True
145554,Folk,2,data/fma_small/145/145554.mp3,True
145555,Folk,2,data/fma_small/145/145555.mp3,True
145556,Folk,2,data/fma_small/145/145556.mp3,True
145606,Rock,7,data/fma_small/145/145606.mp3,True
145607,Rock,7,data/fma_small/145/145607.mp3,True
145608,Rock,7,data/fma_small/145/145608.mp3,True
145609,Rock,7,data/fma_small/145/145609.mp3,True
145610,Rock,7,data/fma_small/145/145610.mp3,True
145645,Electronic,0,data/fma_small/145/145645.mp3,True
145646,Electronic,0,data/fma_small/145/145646.mp3,True
145653,Pop,6,data/fma_small/145/145653.mp3,True
145702,Pop,6,data/fma_small/145/145702.mp3,True
145703,Pop,6,data/fma_small/145/145703.mp3,True
145704,Pop,6,data/fma_small/145/145704.mp3,True
145705,Pop,6,data/fma_small/145/145705.mp3,True
145706,Pop,6,data/fma_small/145/145706.mp3,True
145707,Pop,6,data/fma_small/145/145707.mp3,True
145708,Pop,6,data/fma_small/145/145708.mp3,True
145709,Pop,6,data/fma_small/145/145709.mp3,True
145710,Pop,6,data/fma_small/145/145710.mp3,True
145711,Pop,6,data/fma_small/145/145711.mp3,True
145724,Hip-Hop,3,data/fma_small/145/145724.mp3,True
145727,Hip-Hop,3,data/fma_small/145/145727.mp3,True
145728,Hip-Hop,3,data/fma_small/145/145728.mp3,True
145729,Hip-Hop,3,data/fma_small/145/145729.mp3,True
145730,Hip-Hop,3,data/fma_small/145/145730.mp3,True
145741,Hip-Hop,3,data/fma_small/145/145741.mp3,True
145742,Hip-Hop,3,data/fma_small/145/145742.mp3,True
145743,Hip-Hop,3,data/fma_small/145/145743.mp3,True
145744,Hip-Hop,3,data/fma_small/145/145744.mp3,True
145745,Hip-Hop,3,data/fma_small/145/145745.mp3,True
145746,Hip-Hop,3,data/fma_small/145/145746.mp3,True
145747,Hip-Hop,3,data/fma_small/145/145747.mp3,True
145748,Hip-Hop,3,data/fma_small/145/145748.mp3,True
145749,Hip-Hop,3,data/fma_small/145/145749.mp3,True
145750,Hip-Hop,3,data/fma_small/145/145750.mp3,True
145751,Hip-Hop,3,data/fma_small/145/145751.mp3,True
145752,Electronic,0,data/fma_small/145/145752.mp3,True
145754,Electronic,0,data/fma_small/145/145754.mp3,True
145755,Electronic,0,data/fma_small/145/145755.mp3,True
145756,Electronic,0,data/fma_small/145/145756.mp3,True
145757,Electronic,0,data/fma_small/145/145757.mp3,True
145758,Electronic,0,data/fma_small/145/145758.mp3,True
145759,Electronic,0,data/fma_small/145/145759.mp3,True
145760,Electronic,0,data/fma_small/145/145760.mp3,True
145761,Electronic,0,data/fma_small/145/145761.mp3,True
145762,Instrumental,4,data/fma_small/145/145762.mp3,True
145777,Instrumental,4,data/fma_small/145/145777.mp3,True
145780,Rock,7,data/fma_small/145/145780.mp3,True
145783,Rock,7,data/fma_small/145/145783.mp3,True
145887,Instrumental,4,data/fma_small/145/145887.mp3,True
145917,Electronic,0,data/fma_small/145/145917.mp3,True
145918,Electronic,0,data/fma_small/145/145918.mp3,True
146017,Instrumental,4,data/fma_small/146/146017.mp3,True
146018,Instrumental,4,data/fma_small/146/146018.mp3,True
146019,Instrumental,4,data/fma_small/146/146019.mp3,True
146020,Instrumental,4,data/fma_small/146/146020.mp3,True
146070,Experimental,1,data/fma_small/146/146070.mp3,True
146147,Hip-Hop,3,data/fma_small/146/146147.mp3,True
146148,Hip-Hop,3,data/fma_small/146/146148.mp3,True
146149,Hip-Hop,3,data/fma_small/146/146149.mp3,True
146150,Hip-Hop,3,data/fma_small/146/146150.mp3,True
146151,Hip-Hop,3,data/fma_small/146/146151.mp3,True
146152,Hip-Hop,3,data/fma_small/146/146152.mp3,True
146153,Hip-Hop,3,data/fma_small/146/146153.mp3,True
146343,Experimental,1,data/fma_small/146/146343.mp3,True
146458,Electronic,0,data/fma_small/146/146458.mp3,True
146478,Rock,7,data/fma_small/146/146478.mp3,True
146481,Rock,7,data/fma_small/146/146481.mp3,True
146482,Rock,7,data/fma_small/146/146482.mp3,True
146483,Rock,7,data/fma_small/146/146483.mp3,True
146639,Folk,2,data/fma_small/146/146639.mp3,True
146681,Hip-Hop,3,data/fma_small/146/146681.mp3,True
146683,Hip-Hop,3,data/fma_small/146/146683.mp3,True
146685,Hip-Hop,3,data/fma_small/146/146685.mp3,True
146687,Hip-Hop,3,data/fma_small/146/146687.mp3,True
146689,Hip-Hop,3,data/fma_small/146/146689.mp3,True
146713,Hip-Hop,3,data/fma_small/146/146713.mp3,True
146716,Hip-Hop,3,data/fma_small/146/146716.mp3,True
146724,Hip-Hop,3,data/fma_small/146/146724.mp3,True
146725,Hip-Hop,3,data/fma_small/146/146725.mp3,True
146726,Hip-Hop,3,data/fma_small/146/146726.mp3,True
146727,Hip-Hop,3,data/fma_small/146/146727.mp3,True
146879,Electronic,0,data/fma_small/146/146879.mp3,True
146961,Folk,2,data/fma_small/146/146961.mp3,True
146968,Folk,2,data/fma_small/146/146968.mp3,True
146969,Folk,2,data/fma_small/146/146969.mp3,True
146970,Folk,2,data/fma_small/146/146970.mp3,True
146988,Experimental,1,data/fma_small/146/146988.mp3,True
146989,Experimental,1,data/fma_small/146/146989.mp3,True
147020,Hip-Hop,3,data/fma_small/147/147020.mp3,True
147021,Hip-Hop,3,data/fma_small/147/147021.mp3,True
147022,Hip-Hop,3,data/fma_small/147/147022.mp3,True
147023,Hip-Hop,3,data/fma_small/147/147023.mp3,True
147024,Hip-Hop,3,data/fma_small/147/147024.mp3,True
147059,Experimental,1,data/fma_small/147/147059.mp3,True
147085,Experimental,1,data/fma_small/147/147085.mp3,True
147086,Experimental,1,data/fma_small/147/147086.mp3,True
147087,Experimental,1,data/fma_small/147/147087.mp3,True
147126,Instrumental,4,data/fma_small/147/147126.mp3,True
147191,Electronic,0,data/fma_small/147/147191.mp3,True
147261,Hip-Hop,3,data/fma_small/147/147261.mp3,True
147265,Hip-Hop,3,data/fma_small/147/147265.mp3,True
147267,Hip-Hop,3,data/fma_small/147/147267.mp3,True
147268,Hip-Hop,3,data/fma_small/147/147268.mp3,True
147269,Hip-Hop,3,data/fma_small/147/147269.mp3,True
147295,Folk,2,data/fma_small/147/147295.mp3,True
147309,Instrumental,4,data/fma_small/147/147309.mp3,True
147409,Rock,7,data/fma_small/147/147409.mp3,True
147412,Rock,7,data/fma_small/147/147412.mp3,True
147413,Rock,7,data/fma_small/147/147413.mp3,True
147780,Electronic,0,data/fma_small/147/147780.mp3,True
147815,Electronic,0,data/fma_small/147/147815.mp3,True
147886,Hip-Hop,3,data/fma_small/147/147886.mp3,True
147956,Rock,7,data/fma_small/147/147956.mp3,True
148002,Instrumental,4,data/fma_small/148/148002.mp3,True
148028,Hip-Hop,3,data/fma_small/148/148028.mp3,True
148031,Hip-Hop,3,data/fma_small/148/148031.mp3,True
148032,Hip-Hop,3,data/fma_small/148/148032.mp3,True
148066,International,5,data/fma_small/148/148066.mp3,True
148070,International,5,data/fma_small/148/148070.mp3,True
148074,International,5,data/fma_small/148/148074.mp3,True
148075,International,5,data/fma_small/148/148075.mp3,True
148076,International,5,data/fma_small/148/148076.mp3,True
148077,International,5,data/fma_small/148/148077.mp3,True
148078,International,5,data/fma_small/148/148078.mp3,True
148079,International,5,data/fma_small/148/148079.mp3,True
148082,Experimental,1,data/fma_small/148/148082.mp3,True
148099,Experimental,1,data/fma_small/148/148099.mp3,True
148112,Instrumental,4,data/fma_small/148/148112.mp3,True
148113,Instrumental,4,data/fma_small/148/148113.mp3,True
148114,Instrumental,4,data/fma_small/148/148114.mp3,True
148120,Instrumental,4,data/fma_small/148/148120.mp3,True
148121,Instrumental,4,data/fma_small/148/148121.mp3,True
148124,Instrumental,4,data/fma_small/148/148124.mp3,True
148130,Instrumental,4,data/fma_small/148/148130.mp3,True
148131,Instrumental,4,data/fma_small/148/148131.mp3,True
148132,Instrumental,4,data/fma_small/148/148132.mp3,True
148133,Instrumental,4,data/fma_small/148/148133.mp3,True
148168,Experimental,1,data/fma_small/148/148168.mp3,True
148186,Folk,2,data/fma_small/148/148186.mp3,True
148187,Folk,2,data/fma_small/148/148187.mp3,True
148190,Folk,2,data/fma_small/148/148190.mp3,True
148208,Folk,2,data/fma_small/148/148208.mp3,True
148210,Folk,2,data/fma_small/148/148210.mp3,True
148211,Folk,2,data/fma_small/148/148211.mp3,True
148212,Folk,2,data/fma_small/148/148212.mp3,True
148213,Folk,2,data/fma_small/148/148213.mp3,True
148214,Folk,2,data/fma_small/148/148214.mp3,True
148215,Folk,2,data/fma_small/148/148215.mp3,True
148216,Folk,2,data/fma_small/148/148216.mp3,True
148217,Folk,2,data/fma_small/148/148217.mp3,True
148218,Folk,2,data/fma_small/148/148218.mp3,True
148231,Folk,2,data/fma_small/148/148231.mp3,True
148233,Folk,2,data/fma_small/148/148233.mp3,True
148234,Folk,2,data/fma_small/148/148234.mp3,True
148235,Folk,2,data/fma_small/148/148235.mp3,True
148246,Rock,7,data/fma_small/148/148246.mp3,True
148285,Pop,6,data/fma_small/148/148285.mp3,True
148286,Pop,6,data/fma_small/148/148286.mp3,True
148287,Pop,6,data/fma_small/148/148287.mp3,True
148288,Pop,6,data/fma_small/148/148288.mp3,True
148289,Pop,6,data/fma_small/148/148289.mp3,True
148290,Pop,6,data/fma_small/148/148290.mp3,True
148302,Experimental,1,data/fma_small/148/148302.mp3,True
148303,Experimental,1,data/fma_small/148/148303.mp3,True
148305,Experimental,1,data/fma_small/148/148305.mp3,True
148429,International,5,data/fma_small/148/148429.mp3,True
148430,International,5,data/fma_small/148/148430.mp3,True
148439,Electronic,0,data/fma_small/148/148439.mp3,True
148441,Electronic,0,data/fma_small/148/148441.mp3,True
148443,Electronic,0,data/fma_small/148/148443.mp3,True
148444,Electronic,0,data/fma_small/148/148444.mp3,True
148510,Pop,6,data/fma_small/148/148510.mp3,True
148513,Pop,6,data/fma_small/148/148513.mp3,True
148514,Pop,6,data/fma_small/148/148514.mp3,True
148516,Pop,6,data/fma_small/148/148516.mp3,True
148517,Pop,6,data/fma_small/148/148517.mp3,True
148518,Pop,6,data/fma_small/148/148518.mp3,True
148519,Pop,6,data/fma_small/148/148519.mp3,True
148532,Folk,2,data/fma_small/148/148532.mp3,True
148535,Folk,2,data/fma_small/148/148535.mp3,True
148536,Rock,7,data/fma_small/148/148536.mp3,True
148537,Rock,7,data/fma_small/148/148537.mp3,True
148584,Pop,6,data/fma_small/148/148584.mp3,True
148585,Pop,6,data/fma_small/148/148585.mp3,True
148586,Pop,6,data/fma_small/148/148586.mp3,True
148587,Pop,6,data/fma_small/148/148587.mp3,True
148602,Folk,2,data/fma_small/148/148602.mp3,True
148603,Folk,2,data/fma_small/148/148603.mp3,True
148604,Folk,2,data/fma_small/148/148604.mp3,True
148605,Folk,2,data/fma_small/148/148605.mp3,True
148606,Pop,6,data/fma_small/148/148606.mp3,True
148607,Pop,6,data/fma_small/148/148607.mp3,True
148608,Pop,6,data/fma_small/148/148608.mp3,True
148609,Pop,6,data/fma_small/148/148609.mp3,True
148610,Pop,6,data/fma_small/148/148610.mp3,True
148611,Pop,6,data/fma_small/148/148611.mp3,True
148612,Pop,6,data/fma_small/148/148612.mp3,True
148613,Pop,6,data/fma_small/148/148613.mp3,True
148773,Electronic,0,data/fma_small/148/148773.mp3,True
149075,Pop,6,data/fma_small/149/149075.mp3,True
149078,Pop,6,data/fma_small/149/149078.mp3,True
149082,Pop,6,data/fma_small/149/149082.mp3,True
149083,Pop,6,data/fma_small/149/149083.mp3,True
149099,Pop,6,data/fma_small/149/149099.mp3,True
149100,Pop,6,data/fma_small/149/149100.mp3,True
149101,Pop,6,data/fma_small/149/149101.mp3,True
149102,Pop,6,data/fma_small/149/149102.mp3,True
149103,Pop,6,data/fma_small/149/149103.mp3,True
149118,Hip-Hop,3,data/fma_small/149/149118.mp3,True
149124,Hip-Hop,3,data/fma_small/149/149124.mp3,True
149138,Hip-Hop,3,data/fma_small/149/149138.mp3,True
149139,Instrumental,4,data/fma_small/149/149139.mp3,True
149140,Instrumental,4,data/fma_small/149/149140.mp3,True
149141,Instrumental,4,data/fma_small/149/149141.mp3,True
149142,Instrumental,4,data/fma_small/149/149142.mp3,True
149143,Instrumental,4,data/fma_small/149/149143.mp3,True
149185,Electronic,0,data/fma_small/149/149185.mp3,True
149369,Hip-Hop,3,data/fma_small/149/149369.mp3,True
149370,Hip-Hop,3,data/fma_small/149/149370.mp3,True
149416,Rock,7,data/fma_small/149/149416.mp3,True
149417,Rock,7,data/fma_small/149/149417.mp3,True
149422,Experimental,1,data/fma_small/149/149422.mp3,True
149452,Rock,7,data/fma_small/149/149452.mp3,True
149488,Rock,7,data/fma_small/149/149488.mp3,True
149523,Rock,7,data/fma_small/149/149523.mp3,True
149623,Hip-Hop,3,data/fma_small/149/149623.mp3,True
149625,Hip-Hop,3,data/fma_small/149/149625.mp3,True
149626,Hip-Hop,3,data/fma_small/149/149626.mp3,True
149687,Hip-Hop,3,data/fma_small/149/149687.mp3,True
149689,Hip-Hop,3,data/fma_small/149/149689.mp3,True
149690,Hip-Hop,3,data/fma_small/149/149690.mp3,True
149700,Electronic,0,data/fma_small/149/149700.mp3,True
149701,Electronic,0,data/fma_small/149/149701.mp3,True
149712,Instrumental,4,data/fma_small/149/149712.mp3,True
149714,Instrumental,4,data/fma_small/149/149714.mp3,True
149727,Instrumental,4,data/fma_small/149/149727.mp3,True
149750,Pop,6,data/fma_small/149/149750.mp3,True
149775,Experimental,1,data/fma_small/149/149775.mp3,True
149776,Experimental,1,data/fma_small/149/149776.mp3,True
149777,Experimental,1,data/fma_small/149/149777.mp3,True
149778,Experimental,1,data/fma_small/149/149778.mp3,True
149842,Experimental,1,data/fma_small/149/149842.mp3,True
149951,Hip-Hop,3,data/fma_small/149/149951.mp3,True
149953,Hip-Hop,3,data/fma_small/149/149953.mp3,True
150015,Pop,6,data/fma_small/150/150015.mp3,True
150017,Pop,6,data/fma_small/150/150017.mp3,True
150018,Pop,6,data/fma_small/150/150018.mp3,True
150062,Folk,2,data/fma_small/150/150062.mp3,True
150063,Folk,2,data/fma_small/150/150063.mp3,True
150064,Folk,2,data/fma_small/150/150064.mp3,True
150073,International,5,data/fma_small/150/150073.mp3,True
150078,International,5,data/fma_small/150/150078.mp3,True
150079,International,5,data/fma_small/150/150079.mp3,True
150080,International,5,data/fma_small/150/150080.mp3,True
150265,Instrumental,4,data/fma_small/150/150265.mp3,True
150266,Instrumental,4,data/fma_small/150/150266.mp3,True
150267,Instrumental,4,data/fma_small/150/150267.mp3,True
150268,Instrumental,4,data/fma_small/150/150268.mp3,True
150287,Hip-Hop,3,data/fma_small/150/150287.mp3,True
150288,Hip-Hop,3,data/fma_small/150/150288.mp3,True
151404,Electronic,0,data/fma_small/151/151404.mp3,True
152103,International,5,data/fma_small/152/152103.mp3,True
152253,International,5,data/fma_small/152/152253.mp3,True
152254,International,5,data/fma_small/152/152254.mp3,True
152258,International,5,data/fma_small/152/152258.mp3,True
152261,International,5,data/fma_small/152/152261.mp3,True
152262,International,5,data/fma_small/152/152262.mp3,True
152324,Pop,6,data/fma_small/152/152324.mp3,True
152418,International,5,data/fma_small/152/152418.mp3,True
152425,International,5,data/fma_small/152/152425.mp3,True
152480,Instrumental,4,data/fma_small/152/152480.mp3,True
152543,Hip-Hop,3,data/fma_small/152/152543.mp3,True
152545,Hip-Hop,3,data/fma_small/152/152545.mp3,True
152568,Instrumental,4,data/fma_small/152/152568.mp3,True
152569,Instrumental,4,data/fma_small/152/152569.mp3,True
152570,Instrumental,4,data/fma_small/152/152570.mp3,True
153337,Hip-Hop,3,data/fma_small/153/153337.mp3,True
153383,Pop,6,data/fma_small/153/153383.mp3,True
153452,Pop,6,data/fma_small/153/153452.mp3,True
153946,Folk,2,data/fma_small/153/153946.mp3,True
153955,Pop,6,data/fma_small/153/153955.mp3,True
153956,Pop,6,data/fma_small/153/153956.mp3,True
154303,Hip-Hop,3,data/fma_small/154/154303.mp3,True
154305,Hip-Hop,3,data/fma_small/154/154305.mp3,True
154306,Hip-Hop,3,data/fma_small/154/154306.mp3,True
154307,Hip-Hop,3,data/fma_small/154/154307.mp3,True
154308,Hip-Hop,3,data/fma_small/154/154308.mp3,True
154309,Hip-Hop,3,data/fma_small/154/154309.mp3,True
154413,Pop,6,data/fma_small/154/154413.mp3,True
154414,Pop,6,data/fma_small/154/154414.mp3,True
155066,Hip-Hop,3,data/fma_small/155/155066.mp3,True
